query_id,bucket,literal,ignorecase,nmoe,nanos,candidate_kind,candidate_blobs,candidate_bytes,candidate_lines,all_candidates,query_all,line_filter_kind,lines_entering_re2,verify_workers,pattern
900,h-case-insensitive,false,true,124,31897708125,regex-trigram,671,529075883,20472892,false,false,"or(lit-any(n=64,len=6-6),lit-any(n=64,len=6-6))",40786,1,MemberInfo|IAAOzG
946,h-case-insensitive,false,true,8,30836579334,regex-trigram,1799,570122321,21129808,false,false,"or(lit-any(n=64,len=6-6),lit-any(n=64,len=6-6))",28919,10,handlerKey|aforarse
907,h-case-insensitive,false,true,21,29998339167,regex-trigram,1066,575339106,21214487,false,false,"or(lit-any(n=64,len=6-6),lit-any(n=64,len=6-6))",228,10,Razavi|itemAnswer
969,h-case-insensitive,false,true,10,29294136584,regex-trigram,278,467505098,19187558,false,false,"or(lit-any(n=64,len=6-6),lit-any(n=64,len=6-6))",55,10,safariextz|conrols
962,h-case-insensitive,false,true,8,24661601168,regex-trigram,102,410862378,17946371,false,false,"or(lit-any(n=64,len=6-6),lit-any(n=64,len=6-6))",2041,1,primaryView|CACTjV
980,h-case-insensitive,false,true,11,24522612624,regex-trigram,822,557805899,21081585,false,false,"or(lit-any(n=64,len=6-6),lit-any(n=64,len=6-6))",216,10,whichDoms|zeroResults
921,h-case-insensitive,false,true,4470,23250958877,regex-trigram,8005,681493742,23583435,false,false,"or(lit-any(n=64,len=6-6),lit-any(n=8,len=3-3))",553345,10,admittable|shark
979,h-case-insensitive,false,true,29,22576300415,regex-trigram,567,530798674,20287661,false,false,"or(lit-any(n=64,len=6-6),lit-any(n=64,len=6-6))",148,10,whichDoms|getRepeat
897,h-case-insensitive,false,true,293,22303395583,regex-trigram,2785,602216533,21689409,false,false,"or(lit-any(n=16,len=4-4),lit-any(n=64,len=6-6))",204791,1,LinesView|Computes
957,h-case-insensitive,false,true,4,22095540709,regex-trigram,417,524254804,20274310,false,false,"or(lit-any(n=32,len=5-5),lit-any(n=64,len=6-6))",74,10,nElapsed|CADcwF
942,h-case-insensitive,false,true,20,21927682125,regex-trigram,317,497990750,19698023,false,false,"or(lit-any(n=64,len=6-6),lit-any(n=64,len=6-6))",220,10,grumpily|fullListTime
964,h-case-insensitive,false,true,689,21556218875,regex-trigram,423,481668852,19391074,false,false,"or(lit-any(n=32,len=5-5),lit-any(n=64,len=6-6))",3925,10,refreshtoken|strumae
872,h-case-insensitive,false,true,29,21432928542,regex-trigram,180,465713890,19195426,false,false,"or(lit-any(n=64,len=6-6),lit-any(n=32,len=5-5))",140,10,Abstauber|construit
922,h-case-insensitive,false,true,8,21382504751,regex-trigram,153,419775408,18445986,false,false,"or(lit-any(n=32,len=5-5),lit-any(n=64,len=6-6))",28899,1,ajustable|iEACgHA
917,h-case-insensitive,false,true,11,21076325210,regex-trigram,210,486776627,19379159,false,false,"or(lit-any(n=32,len=5-5),lit-any(n=64,len=6-6))",20,10,accdc|scurvier
871,h-case-insensitive,false,true,14,20383012542,regex-trigram,13759,700635715,24195643,false,false,"or(lit-any(n=8,len=3-3),lit-any(n=64,len=6-6))",252695,10,Abklatsch|CAACoC
882,h-case-insensitive,false,true,7,20187711374,regex-trigram,93,390696617,17870768,false,false,"or(lit-any(n=64,len=6-6),lit-any(n=32,len=5-5))",6,1,EACRhG|UAHyB
919,h-case-insensitive,false,true,60,19260822126,regex-trigram,224,366752644,16846559,false,false,"or(lit-any(n=64,len=6-6),lit-any(n=32,len=5-5))",61,10,addPane|EAAhB
927,h-case-insensitive,false,true,58,18715111624,regex-trigram,108,409456461,18137835,false,false,"or(lit-any(n=64,len=6-6),lit-any(n=32,len=5-5))",50,10,avowal|hrnew
954,h-case-insensitive,false,true,54,18673818707,regex-trigram,577,481672586,19265903,false,false,"or(lit-any(n=16,len=4-4),lit-any(n=64,len=6-6))",37616,10,mockRegistry|nestedBtn
930,h-case-insensitive,false,true,1197,18635488126,regex-trigram,496,525263205,20225636,false,false,"or(lit-any(n=64,len=6-6),lit-any(n=32,len=5-5))",1047,10,becoming|Mwaro
949,h-case-insensitive,false,true,84,17939728583,regex-trigram,217,472146893,19293522,false,false,"or(lit-any(n=8,len=3-3),lit-any(n=64,len=6-6))",865,10,hmmss|anamorphic
908,h-case-insensitive,true,true,277887,17845842209,regex-trigram,13389,656377393,23224657,false,false,"lit-any(n=64,len=6-6)",180278,10,Return
873,h-case-insensitive,true,true,40,17159135709,regex-trigram,702,536975995,20008769,false,false,"lit-any(n=64,len=6-6)",8941,10,AllBackorders
874,h-case-insensitive,true,true,54,16553577876,regex-trigram,274,480421115,19359840,false,false,"lit-any(n=64,len=6-6)",2660,10,AuthenticationOptions
963,h-case-insensitive,false,true,8,16193410543,regex-trigram,400,518216316,20028375,false,false,"or(lit-any(n=64,len=6-6),lit-any(n=16,len=4-4))",18309,10,pushMainArea|Blinkdarm
918,h-case-insensitive,true,true,289,16082719501,regex-trigram,116,448908132,18483241,false,false,"lit-any(n=64,len=6-6)",269,1,acuity
975,h-case-insensitive,true,true,138,15830644084,regex-trigram,1429,566971926,21046697,false,false,"lit-any(n=64,len=6-6)",226,10,thinner
923,h-case-insensitive,true,true,48,15521705376,regex-trigram,138,447268652,18501658,false,false,"lit-any(n=64,len=6-6)",40,1,alopex
934,h-case-insensitive,true,true,9,15499346126,regex-trigram,102,431839057,18294867,false,false,"lit-any(n=64,len=6-6)",11,1,closeAllGroups
925,h-case-insensitive,true,true,3224,15330316583,regex-trigram,553,543002962,20606943,false,false,"lit-any(n=64,len=6-6)",3293,10,atelier
920,h-case-insensitive,true,true,65,15281668919,regex-trigram,364,451596648,19374521,false,false,"lit-any(n=64,len=6-6)",150,10,adminEmail
879,h-case-insensitive,false,true,33520,15180406207,regex-trigram,1250,550896825,20808928,false,false,"or(lit-any(n=16,len=4-4),lit-any(n=64,len=6-6))",32240,10,Corp|UACjBpF
902,h-case-insensitive,true,true,157661,14760545625,regex-trigram,21876,617286807,22536957,false,false,"lit-any(n=64,len=6-6)",153381,10,PUBLIC
890,h-case-insensitive,false,true,101,14677163042,regex-trigram,195,442967942,18107039,false,false,"or(lit-any(n=64,len=6-6),lit-any(n=16,len=4-4))",407,10,GACrByK|bfunston
966,h-case-insensitive,true,true,8,14643818209,regex-trigram,147,454920931,19139229,false,false,"lit-any(n=64,len=6-6)",11,1,regoperatorsend
935,h-case-insensitive,true,true,16,14341486626,regex-trigram,76,385150540,17813951,false,false,"lit-any(n=64,len=6-6)",7,1,cmKeyToVimKey
886,h-case-insensitive,true,true,2,14319839835,regex-trigram,768,557785095,20851524,false,false,"lit-any(n=64,len=6-6)",78,10,Estrelleta
895,h-case-insensitive,true,true,33,14294451999,regex-trigram,969,534363342,20449182,false,false,"lit-any(n=64,len=6-6)",6630,10,IsTemporary
926,h-case-insensitive,true,true,13,14268311793,regex-trigram,144,450912438,18437317,false,false,"lit-any(n=64,len=6-6)",2351,10,autoRenewOption
924,h-case-insensitive,true,true,65,14137285376,regex-trigram,78,396720148,17997002,false,false,"lit-any(n=64,len=6-6)",337,1,androgynous
986,i-unicode,false,false,250,14041194374,regex-all,49800,789265738,26337370,true,true,none,26337370,10,\p{Greek}
911,h-case-insensitive,true,true,6,13393086457,regex-trigram,273,485886346,19385023,false,false,"lit-any(n=64,len=6-6)",6,10,Tachov
958,h-case-insensitive,true,true,8,13234792291,regex-trigram,124,441639033,18318653,false,false,"lit-any(n=64,len=6-6)",31,10,numpadclear
985,i-unicode,false,false,201,13190489667,regex-all,49800,789265738,26337370,true,true,none,26337370,1,[α-ω]+
936,h-case-insensitive,true,true,5,12723100626,regex-trigram,381,509891341,19912118,false,false,"lit-any(n=64,len=6-6)",9193,10,configurado
932,h-case-insensitive,true,true,20,12539054709,regex-trigram,95,404670114,18051498,false,false,"lit-any(n=64,len=6-6)",1641,1,cardiomegaly
939,h-case-insensitive,true,true,9,12331721751,regex-trigram,1325,562075889,21101973,false,false,"lit-any(n=64,len=6-6)",18,10,fallocate
945,h-case-insensitive,true,true,23,12077800625,regex-trigram,218,467397525,18867190,false,false,"lit-any(n=64,len=6-6)",8320,10,handleBlur
887,h-case-insensitive,true,true,13,12038571500,regex-trigram,102,425537493,18118631,false,false,"lit-any(n=64,len=6-6)",37,1,FlushFinalBlock
903,h-case-insensitive,true,true,8,12005137709,regex-trigram,73,409184811,17891171,false,false,"lit-any(n=64,len=6-6)",56,1,ProxyRemoteMatch
952,h-case-insensitive,true,true,24,11779534166,regex-trigram,229,466506755,19000693,false,false,"lit-any(n=64,len=6-6)",30,10,llReleaseURL
965,h-case-insensitive,true,true,9,11514736502,regex-trigram,72,316036645,16356474,false,false,"lit-any(n=64,len=6-6)",16,1,regProduct
929,h-case-insensitive,true,true,1631,11434768416,regex-trigram,204,471321733,19224995,false,false,"lit-any(n=64,len=6-6)",1561,10,beaver
948,h-case-insensitive,true,true,87,11173107958,regex-trigram,165,430751218,18602018,false,false,"lit-any(n=64,len=6-6)",123,10,headlong
880,h-case-insensitive,true,true,12,11081174748,regex-trigram,73,381032849,17653195,false,false,"lit-any(n=64,len=6-6)",12,1,DuoMFA
892,h-case-insensitive,true,true,12,11047127250,regex-trigram,138,443486216,18471206,false,false,"lit-any(n=64,len=6-6)",61,10,GetRemoteAuctionDetails
891,h-case-insensitive,true,true,10,10854797126,regex-trigram,87,383573972,17589060,false,false,"lit-any(n=64,len=6-6)",10,1,GAEpDI
704,g-regex,false,false,2864280,10708714334,regex-trigram,21271,736777639,24841591,false,false,none,24841591,10,[0-9][0-9][0-9][0-9]
943,h-case-insensitive,false,true,946,10461553292,regex-trigram,392,497229760,19879118,false,false,"or(lit-any(n=8,len=3-3),lit-any(n=32,len=5-5))",33591,1,guese|hzeit
950,h-case-insensitive,true,true,8,10278310249,regex-trigram,75,310644666,16229148,false,false,"lit-any(n=64,len=6-6)",22,1,lbtiPendingLock
912,h-case-insensitive,true,true,1,10240558626,regex-trigram,83,352386842,16619209,false,false,"lit-any(n=64,len=6-6)",73,1,XRANGEPLAIN
951,h-case-insensitive,true,true,3,9796848040,regex-trigram,24,278759793,15331067,false,false,"lit-any(n=64,len=6-6)",2159,1,linearGradient4480
898,h-case-insensitive,true,true,6,9769460499,regex-trigram,82,300367959,15820482,false,false,"lit-any(n=64,len=6-6)",6,1,MAAMvB
910,h-case-insensitive,true,true,90,9692866126,regex-trigram,78,328778997,16701661,false,false,"lit-any(n=64,len=6-6)",836,1,SyntheticEvent
899,h-case-insensitive,true,true,2640,9374749625,regex-all,49800,789265738,26337370,true,true,"lit-any(n=2,len=1-1)",19564090,10,MSK
883,h-case-insensitive,true,true,10245,9325332793,regex-trigram,4737,615123595,21902844,false,false,"lit-any(n=32,len=5-5)",9414,10,EACTI
970,h-case-insensitive,true,true,40,9225196166,regex-trigram,765,545830472,20464128,false,false,"lit-any(n=32,len=5-5)",933,10,setTabSize
904,h-case-insensitive,true,true,3,9169914709,regex-trigram,56,295833196,15735648,false,false,"lit-any(n=64,len=6-6)",3,1,QACCpiB
885,h-case-insensitive,false,true,5,8434786833,regex-trigram,145,349701792,16294089,false,false,"or(lit-any(n=16,len=4-4),lit-any(n=16,len=4-4))",80,10,EjEkuOzE|KACjBka
967,h-case-insensitive,true,true,1512,8292152958,regex-trigram,780,488543276,19669968,false,false,"lit-any(n=32,len=5-5)",1467,10,rouge
877,h-case-insensitive,true,true,75,8125633960,regex-trigram,1492,559473823,20712193,false,false,"lit-any(n=32,len=5-5)",18099,10,CacheSize
984,i-unicode,false,false,74396,7851626041,regex-all,49800,789265738,26337370,true,true,none,26337370,10,[é-ü]
905,h-case-insensitive,false,true,5386,7787963752,regex-all,49800,789265738,26337370,true,true,"or(lit-any(n=8,len=3-3),lit-any(n=4,len=2-2))",1786195,10,QAM|hess
884,h-case-insensitive,true,true,20,7778046833,regex-trigram,124,371097449,16931032,false,false,"lit-any(n=32,len=5-5)",18,1,EACdA
909,h-case-insensitive,false,true,72219,7191480333,regex-trigram,266,363841110,16463420,false,false,"or(lit-any(n=16,len=4-4),lit-any(n=8,len=3-3))",36702,1,SAEjBsc|CLR
955,h-case-insensitive,true,true,59,6680560998,regex-trigram,89,403019105,17937752,false,false,"lit-any(n=32,len=5-5)",52,1,muzzy
933,h-case-insensitive,true,true,94,5707459416,regex-trigram,40,283833197,15394192,false,false,"lit-any(n=32,len=6-6)",201,1,checkoutV2Domain
896,h-case-insensitive,true,true,387,5450995333,regex-trigram,1820,511393233,20093746,false,false,"lit-any(n=16,len=4-4)",4223,10,LastDay
901,h-case-insensitive,true,true,411861,5395649291,regex-trigram,10649,652874515,23418189,false,false,"lit-any(n=16,len=4-4)",385319,10,NULL
888,h-case-insensitive,true,true,28,5384193915,regex-trigram,135,333722394,15890599,false,false,"lit-any(n=32,len=5-5)",25,10,GAAQD
971,h-case-insensitive,true,true,45,5254685041,regex-all,49800,789265738,26337370,true,true,"lit-any(n=4,len=2-2)",917767,10,skims
959,h-case-insensitive,true,true,1868,5210552167,regex-trigram,706,540960287,20541513,false,false,"lit-any(n=16,len=4-4)",1829,10,odar
978,h-case-insensitive,true,true,3,4898191251,regex-all,49800,789265738,26337370,true,true,"lit-any(n=4,len=2-2)",2534365,10,useSETSID
941,h-case-insensitive,true,true,2,4890726500,regex-trigram,48,303643770,15954297,false,false,"lit-any(n=32,len=6-6)",2,1,fname4
968,h-case-insensitive,true,true,9,4515135252,regex-trigram,129,416568512,18369275,false,false,"lit-any(n=16,len=4-4)",1501,10,rseguy
576,e-sub-trigram,true,false,3709206,4418335583,literal-subtrigram,49800,789265738,26337370,true,false,literal-subtrigram,,1,es
947,h-case-insensitive,true,true,2,4384392873,regex-trigram,170,430551644,18363610,false,false,"lit-any(n=16,len=4-4)",194,1,hashGetSpy
893,h-case-insensitive,true,true,5233,4059405999,regex-trigram,3523,623594529,22350854,false,false,"lit-any(n=16,len=4-4)",4342,10,Grep
977,h-case-insensitive,true,true,3252,3741337499,regex-trigram,576,516197831,20226946,false,false,"lit-any(n=16,len=4-4)",2657,10,unar
876,h-case-insensitive,true,true,19,3709522376,regex-trigram,135,406312645,17882590,false,false,"lit-any(n=16,len=4-4)",66,1,CBaesg
574,e-sub-trigram,true,false,2989586,3633361291,literal-subtrigram,49800,789265738,26337370,true,false,literal-subtrigram,,10,al
881,h-case-insensitive,true,true,8,3614671625,regex-trigram,369,382786410,16923298,false,false,"lit-any(n=8,len=3-3)",2882,1,EAASqD
973,h-case-insensitive,true,true,32,3514494126,regex-trigram,87,320637163,16163907,false,false,"lit-any(n=16,len=4-4)",16,1,tcdf
584,e-sub-trigram,true,false,3276870,3429882458,literal-subtrigram,49800,789265738,26337370,true,false,literal-subtrigram,,10,st
544,e-sub-trigram,true,false,3196348,3316859458,literal-subtrigram,49800,789265738,26337370,true,false,literal-subtrigram,,10,","
684,g-regex,false,false,50264,3234180000,regex-trigram,4466,589541491,21724574,false,false,"or(lit-any(n=1,len=6-6),lit-any(n=1,len=3-3),lit-any(n=1,len=7-7))",46876,10,OAEtBW|ems|negated
549,e-sub-trigram,true,false,2736587,3086098792,literal-subtrigram,49800,789265738,26337370,true,false,literal-subtrigram,,10,;
583,e-sub-trigram,true,false,2432979,3031799957,literal-subtrigram,49800,789265738,26337370,true,false,literal-subtrigram,,10,se
974,h-case-insensitive,true,true,69395,3010605124,regex-trigram,4199,599948156,21841572,false,false,"lit-any(n=8,len=3-3)",58882,10,tep
878,h-case-insensitive,true,true,176382,3001200625,regex-trigram,25772,688954360,24066216,false,false,"lit-any(n=8,len=3-3)",205850,10,Class
981,h-case-insensitive,true,true,2,2938134458,regex-trigram,28,159016016,9099849,false,false,"lit-any(n=32,len=6-6)",2,1,ygVQE1olpn4Wk6k
906,h-case-insensitive,true,true,36,2914965918,regex-trigram,116,320008030,16349138,false,false,"lit-any(n=16,len=4-4)",66,1,Qpress
673,g-regex,false,false,147,2833499249,regex-trigram,277,478809524,19563571,false,false,"or(lit-any(n=1,len=5-5),lit-any(n=1,len=9-9),lit-any(n=1,len=10-10))",137,10,IAAIY|simulator|Bedingungs
572,e-sub-trigram,true,false,1775460,2735809124,literal-subtrigram,49800,789265738,26337370,true,false,literal-subtrigram,,1,ac
681,g-regex,false,false,832,2726004291,regex-trigram,396,507874805,19932342,false,false,"or(lit-any(n=1,len=6-6),lit-any(n=1,len=7-7),lit-any(n=1,len=5-5))",826,10,MAAQoL|acomode|sideA
670,g-regex,false,false,397,2679501459,regex-trigram,1264,533654227,20574315,false,false,"or(lit-any(n=1,len=6-6),lit-any(n=1,len=6-6),lit-any(n=1,len=4-4))",307,10,GAAYxO|rodent|cAMf
683,g-regex,false,false,11342,2470179583,regex-trigram,404,510509637,19960487,false,false,"or(lit-any(n=1,len=5-5),lit-any(n=1,len=7-7),lit-any(n=1,len=4-4))",10557,10,OAAiB|gaselos|camp
580,e-sub-trigram,true,false,1330399,2398836042,literal-subtrigram,49800,789265738,26337370,true,false,literal-subtrigram,,10,na
712,g-regex,false,false,87,2395097999,regex-trigram,9242,602747154,22278228,false,false,"or(lit-any(n=1,len=4-4),lit-any(n=1,len=5-5))",78830,10,\b(Snow|ivate)\b
575,e-sub-trigram,true,false,1288061,2315745540,literal-subtrigram,49800,789265738,26337370,true,false,literal-subtrigram,,1,ca
686,g-regex,false,false,35,2216272541,regex-trigram,214,446135384,19072461,false,false,"or(lit-any(n=1,len=4-4),lit-any(n=1,len=10-10),lit-any(n=1,len=6-6))",30,10,QAAJ|sluggishly|agotan
797,g-regex,false,false,2032,2199899584,regex-trigram,3600,599630674,21941899,false,false,"or(lit-any(n=1,len=7-7),lit-any(n=1,len=4-4),lit-any(n=1,len=7-7))",1678,10,cALxCnB|latu|EAAKukB
875,h-case-insensitive,true,true,805,2165388250,regex-trigram,142,347332154,16164373,false,false,"lit-any(n=8,len=3-3)",752,10,BhC
889,h-case-insensitive,false,true,5,2142918709,regex-trigram,80,296667749,15611745,false,false,"all(lit-any(n=4,len=2-2),or(lit-any(n=32,len=5-5),lit-any(n=64,len=6-6)))",5,1,GAAmBvN|GACpEqzB
801,g-regex,false,false,1748,2133630626,regex-trigram,872,546739105,20822590,false,false,"or(lit-any(n=1,len=10-10),lit-any(n=1,len=10-10),lit-any(n=1,len=4-4))",1685,10,consulting|adquirente|doto
671,g-regex,false,false,466,2020725668,regex-trigram,693,387271431,17050211,false,false,"or(lit-any(n=1,len=7-7),lit-any(n=1,len=8-8),lit-any(n=1,len=11-11))",433,10,GAkGvBE|IGateway|lastContext
573,e-sub-trigram,true,false,1180028,2016396918,literal-subtrigram,49800,789265738,26337370,true,false,literal-subtrigram,,10,ad
660,g-regex,false,false,329,1932128874,regex-trigram,325,435387879,17943018,false,false,"or(lit-any(n=1,len=5-5),lit-any(n=1,len=7-7),lit-any(n=1,len=12-12))",313,10,EACXd|Tristan|showInLegend
641,g-regex,false,false,133,1894733710,regex-trigram,1632,583952454,21441644,false,false,"or(lit-any(n=1,len=7-7),lit-any(n=1,len=10-10),lit-any(n=1,len=5-5))",84,1,Ataturk|Diaphragma|isind
819,g-regex,false,false,441140,1877422415,regex-all,49800,789265738,26337370,true,true,"all(lit-any(n=1,len=1-1),lit-any(n=1,len=2-2))",2474686,10,i.es
972,h-case-insensitive,true,true,2,1824891084,regex-trigram,30,275696047,15391150,false,false,"lit-any(n=8,len=6-6)",15,1,stop2224
825,g-regex,false,false,350,1806464082,regex-trigram,429,471878373,19489174,false,false,"or(lit-any(n=1,len=5-5),lit-any(n=1,len=11-11),lit-any(n=1,len=5-5))",346,10,jails|carcinomata|herLe
642,g-regex,false,false,19947,1712451125,regex-trigram,409,505029691,20048643,false,false,"or(lit-any(n=1,len=6-6),lit-any(n=1,len=6-6),lit-any(n=1,len=4-4))",19785,1,Becker|turkey|babe
843,g-regex,false,false,98973,1680311418,regex-trigram,6914,651213580,23138720,false,false,"or(lit-any(n=1,len=4-4),lit-any(n=1,len=4-4),lit-any(n=1,len=6-6))",81554,10,para|Adan|Landes
809,g-regex,false,false,768,1637417250,regex-trigram,10122,653451242,23280850,false,false,"lit-any(n=1,len=4-4)",66105,10,eric$
640,g-regex,false,false,957,1636575957,regex-trigram,1425,551378676,21140376,false,false,"or(lit-any(n=1,len=4-4),lit-any(n=1,len=7-7),lit-any(n=1,len=4-4))",877,10,Asyl|palette|texi
938,h-case-insensitive,true,true,5,1623622999,regex-trigram,53,65338518,1009062,false,false,"lit-any(n=64,len=6-6)",642,1,external_url
869,g-regex,false,false,231,1592476375,regex-trigram,96,437858551,18865897,false,false,"or(lit-any(n=1,len=6-6),lit-any(n=1,len=9-9),lit-any(n=1,len=10-10))",218,10,ziehen|ranunculi|spiritedly
866,g-regex,false,false,86,1590254167,regex-trigram,326,490363525,19809826,false,false,"or(lit-any(n=1,len=12-12),lit-any(n=1,len=10-10),lit-any(n=1,len=9-9))",66,10,writingrules|spiritless|outsenses
850,g-regex,false,false,235,1588955751,regex-trigram,558,516076909,20398797,false,false,"or(lit-any(n=1,len=6-6),lit-any(n=1,len=8-8),lit-any(n=1,len=9-9))",191,10,rsqrps|corniest|Delimiter
812,g-regex,false,false,77,1535915416,regex-trigram,366,435456222,17717230,false,false,"or(lit-any(n=1,len=10-10),lit-any(n=1,len=4-4),lit-any(n=1,len=6-6))",75,10,expandRefs|RIDL|Chanel
711,g-regex,false,false,39,1519825458,regex-trigram,257,333853922,16197396,false,false,"or(lit-any(n=1,len=9-9),lit-any(n=1,len=5-5))",73,10,\b(LineColor|QALlB)\b
578,e-sub-trigram,true,false,16542,1466099709,literal-subtrigram,49800,789265738,26337370,true,false,literal-subtrigram,,10,iw
740,g-regex,false,false,8,1444869874,regex-trigram,1486,530559345,20292419,false,false,"lit-any(n=1,len=5-5)",9478,10,\bcifie\b
786,g-regex,false,false,131,1441547250,regex-trigram,57,377429592,17956257,false,false,"or(lit-any(n=1,len=9-9),lit-any(n=1,len=9-9),lit-any(n=1,len=7-7))",127,1,abrazador|WRITETEXT|Burnham
796,g-regex,false,false,207,1422119999,regex-trigram,9778,698103256,23997501,false,false,"all(lit-any(n=1,len=1-1),lit-any(n=1,len=5-5))",8857,10,c.eater
653,g-regex,false,false,568,1419890877,regex-trigram,2535,426811091,18055959,false,false,"or(lit-any(n=1,len=6-6),lit-any(n=1,len=6-6),lit-any(n=1,len=5-5))",507,1,EAAGzZ|Analen|TIMES
823,g-regex,false,false,16,1393807083,regex-trigram,103,432328337,18549785,false,false,"or(lit-any(n=1,len=11-11),lit-any(n=1,len=5-5),lit-any(n=1,len=6-6))",13,1,invidiously|GAsBF|Ansgar
805,g-regex,false,false,446,1393122293,regex-trigram,629,529624896,20483386,false,false,"all(lit-any(n=1,len=1-1),lit-any(n=1,len=6-6))",1072,10,e.ergent
833,g-regex,false,false,9,1380194123,regex-trigram,852,465512577,18541579,false,false,"or(lit-any(n=1,len=6-6),lit-any(n=1,len=9-9),lit-any(n=1,len=8-8))",9,10,mBACLC|Appending|ctsToken
707,g-regex,false,false,6,1379344709,regex-trigram,113,409600815,18402378,false,false,"or(lit-any(n=1,len=5-5),lit-any(n=1,len=8-8))",6,1,\b(GAAMU|cenoslos)\b
663,g-regex,false,false,2733,1364779333,regex-trigram,244,316131175,15790964,false,false,"or(lit-any(n=1,len=12-12),lit-any(n=1,len=10-10),lit-any(n=1,len=6-6))",1108,10,EventEmitter|PrepareCSS|KAAKoS
696,g-regex,false,false,2566,1361549125,regex-trigram,645,347536937,16522745,false,false,"or(lit-any(n=1,len=7-7),lit-any(n=1,len=11-11),lit-any(n=1,len=6-6))",2519,10,Suspend|Ausrutscher|EAAWjD
541,e-sub-trigram,true,false,437463,1341804417,literal-subtrigram,49800,789265738,26337370,true,false,literal-subtrigram,,1,()
860,g-regex,false,false,1124,1341238584,regex-trigram,98,359177548,16471514,false,false,"or(lit-any(n=1,len=4-4),lit-any(n=1,len=6-6),lit-any(n=1,len=5-5))",1089,1,toLi|IAAIyB|Ausma
657,g-regex,false,false,9,1341170791,regex-trigram,26,240687608,14343662,false,false,"or(lit-any(n=1,len=6-6),lit-any(n=1,len=6-6),lit-any(n=1,len=8-8))",9,1,EAAWsB|MAAMoJ|GAAgBruB
844,g-regex,false,false,270,1337274000,regex-trigram,388,458802816,18886167,false,false,"or(lit-any(n=1,len=11-11),lit-any(n=1,len=9-9),lit-any(n=1,len=10-10))",103,10,parentValue|crockford|OptionDecl
548,e-sub-trigram,true,false,770017,1335895999,literal-subtrigram,49800,789265738,26337370,true,false,literal-subtrigram,,10,::
723,g-regex,false,false,111,1335112293,regex-trigram,410,488559898,19826275,false,false,"or(lit-any(n=1,len=5-5),lit-any(n=1,len=9-9))",378,10,\b(strew|Macedonia)\b
581,e-sub-trigram,true,false,99972,1319101374,literal-subtrigram,49800,789265738,26337370,true,false,literal-subtrigram,,10,oD
715,g-regex,false,false,134,1297344666,regex-trigram,201,447724962,18984450,false,false,"or(lit-any(n=1,len=6-6),lit-any(n=1,len=10-10))",3772,10,\b(Yellow|blundering)\b
563,e-sub-trigram,true,false,838195,1296985586,literal-subtrigram,49800,789265738,26337370,true,false,literal-subtrigram,,10,In
808,g-regex,false,false,5,1286081168,regex-trigram,1184,556718479,20913733,false,false,"lit-any(n=1,len=7-7)",1561,10,elastic$
720,g-regex,false,false,7,1285811332,regex-trigram,137,412174655,18482520,false,false,"or(lit-any(n=1,len=6-6),lit-any(n=1,len=8-8))",7,10,\b(mBAAbA|aguantar)\b
550,e-sub-trigram,true,false,726461,1283223751,literal-subtrigram,49800,789265738,26337370,true,false,literal-subtrigram,,10,</
555,e-sub-trigram,true,false,987586,1241952915,literal-subtrigram,49800,789265738,26337370,true,false,literal-subtrigram,,1,@
721,g-regex,false,false,63,1236343458,regex-trigram,1030,538896898,20578046,false,false,"or(lit-any(n=1,len=12-12),lit-any(n=1,len=4-4))",161,10,\b(mechanically|bity)\b
718,g-regex,false,false,343,1226364624,regex-trigram,402,512018634,20136316,false,false,"or(lit-any(n=1,len=6-6),lit-any(n=1,len=6-6))",210,10,\b(czBhOc|pascal)\b
782,g-regex,false,false,260,1225668914,regex-trigram,337,455799543,19497555,false,false,"all(lit-any(n=1,len=1-1),lit-any(n=1,len=4-4))",3007,10,a.eban
716,g-regex,false,false,13,1213781959,regex-trigram,115,434016844,18480976,false,false,"or(lit-any(n=1,len=12-12),lit-any(n=1,len=9-9))",19,1,\b(acridotheres|CARETTRIM)\b
745,g-regex,false,false,8,1196889625,regex-trigram,38,300273301,15469459,false,false,"lit-any(n=1,len=9-9)",36,1,\bitemLabel\b
559,e-sub-trigram,true,false,739359,1188391458,literal-subtrigram,49800,789265738,26337370,true,false,literal-subtrigram,,10,Ca
784,g-regex,false,false,19,1183695251,regex-trigram,81,397890734,18275592,false,false,"all(lit-any(n=1,len=1-1),lit-any(n=1,len=7-7))",16,10,a.ericium
708,g-regex,false,false,17,1154551832,regex-trigram,108,428451310,18211745,false,false,"or(lit-any(n=1,len=5-5),lit-any(n=1,len=5-5))",20,1,\b(IAAKH|bairn)\b
816,g-regex,false,false,118,1135189417,regex-trigram,82,338163125,16622378,false,false,"or(lit-any(n=1,len=4-4),lit-any(n=1,len=11-11),lit-any(n=1,len=10-10))",43,1,gsub|MinCssFiles|InstallUrl
710,g-regex,false,false,134,1128424749,regex-trigram,682,448287992,18975448,false,false,"or(lit-any(n=1,len=11-11),lit-any(n=1,len=12-12))",119,10,\b(IRepository|participants)\b
781,g-regex,false,false,1,1119495334,regex-trigram,83,405687970,18325220,false,false,"all(lit-any(n=1,len=1-1),lit-any(n=1,len=7-7))",4,1,a.ansador
827,g-regex,false,false,1192,1116911750,regex-trigram,3808,565225772,21475667,false,false,"all(lit-any(n=1,len=1-1),lit-any(n=1,len=4-4))",62622,10,l.ield
744,g-regex,false,false,408,1115103835,regex-trigram,990,545062423,20717962,false,false,"lit-any(n=1,len=7-7)",541,10,\bindices\b
870,h-case-insensitive,true,true,2,1110067375,regex-trigram,23,91591516,4925507,false,false,"lit-any(n=16,len=6-6)",2,1,A4Br9FA
783,g-regex,false,false,41,1110032499,regex-trigram,53,380730868,17397119,false,false,"all(lit-any(n=1,len=1-1),lit-any(n=1,len=7-7))",250,1,a.eraceae
705,g-regex,false,false,2,1109931500,regex-trigram,560,431431856,17510140,false,false,"or(lit-any(n=1,len=6-6),lit-any(n=1,len=9-9))",6,10,\b(Agende|kVqlMPATv)\b
807,g-regex,false,false,1273,1109054000,regex-trigram,320,442467436,19201608,false,false,"all(lit-any(n=1,len=1-1),lit-any(n=1,len=8-8))",18230,10,e.terprise
960,h-case-insensitive,true,true,3,1104582627,regex-trigram,144,109208080,1706550,false,false,"lit-any(n=64,len=6-6)",1530,10,pending_domains
832,g-regex,false,false,30,1087333999,regex-trigram,756,546883194,20603740,false,false,"all(lit-any(n=1,len=1-1),lit-any(n=1,len=7-7))",2557,10,m.rtified
822,g-regex,false,false,16,1074465500,regex-trigram,3925,600461730,21864779,false,false,"lit-any(n=1,len=4-4)",4223,10,iese$
845,g-regex,false,false,170,1063083041,regex-trigram,51,285387238,15411578,false,false,"or(lit-any(n=1,len=3-3),lit-any(n=1,len=8-8),lit-any(n=1,len=6-6))",157,1,pbd|yBAAyBgL|CACxBE
552,e-sub-trigram,true,false,252851,1061089583,literal-subtrigram,49800,789265738,26337370,true,false,literal-subtrigram,,10,==
680,g-regex,false,false,2,1058659833,regex-trigram,50,269495728,15238799,false,false,"lit-any(n=1,len=11-11)",24,1,LibraryPage$
831,g-regex,false,false,118,1052399669,regex-trigram,6007,598745869,21635451,false,false,"all(lit-any(n=1,len=1-1),lit-any(n=1,len=4-4))",73067,10,m.gger
543,e-sub-trigram,true,false,184323,1040961332,literal-subtrigram,49800,789265738,26337370,true,false,literal-subtrigram,,1,*/
976,h-case-insensitive,true,true,6,1039593708,regex-trigram,92,94345284,1479114,false,false,"lit-any(n=32,len=6-6)",9,1,to_linkid
722,g-regex,false,false,8,1034923874,regex-trigram,19,270350585,15417076,false,false,"or(lit-any(n=1,len=5-5),lit-any(n=1,len=11-11))",8,1,\b(nbpkg|ITestRunner)\b
539,e-sub-trigram,true,false,492608,1026634583,literal-subtrigram,49800,789265738,26337370,true,false,literal-subtrigram,,1,#
546,e-sub-trigram,true,false,180299,1022003958,literal-subtrigram,49800,789265738,26337370,true,false,literal-subtrigram,,1,/*
719,g-regex,false,false,37,1006241834,regex-trigram,108,398311110,18138145,false,false,"or(lit-any(n=1,len=5-5),lit-any(n=1,len=3-3))",290,1,\b(krone|Bii)\b
693,g-regex,false,false,0,995784748,regex-trigram,483,454167353,17872021,false,false,"all(lit-any(n=1,len=6-6),lit-any(n=1,len=6-6))",0,10,Stride.*closer
743,g-regex,false,false,1,980122000,regex-trigram,385,487243005,19689347,false,false,"lit-any(n=1,len=7-7)",1,10,\bicieses\b
540,e-sub-trigram,true,false,116462,979537376,literal-subtrigram,49800,789265738,26337370,true,false,literal-subtrigram,,1,&&
714,g-regex,false,false,104,979137667,regex-trigram,364,399352245,17065389,false,false,"or(lit-any(n=1,len=5-5),lit-any(n=1,len=9-9))",115,10,\b(Warns|QueryList)\b
553,e-sub-trigram,true,false,76309,976308961,literal-subtrigram,49800,789265738,26337370,true,false,literal-subtrigram,,1,=>
602,f-high-frequency,true,false,682890,972457998,literal-positional,15751,709915454,24502799,false,false,literal-positional,,1,and
579,e-sub-trigram,true,false,33394,969888334,literal-subtrigram,49800,789265738,26337370,true,false,literal-subtrigram,,10,mt
785,g-regex,false,false,64,964930375,regex-trigram,801,517902986,20117815,false,false,"all(lit-any(n=1,len=1-1),lit-any(n=1,len=5-5))",88,10,a.horre
587,e-sub-trigram,true,false,128988,963905666,literal-subtrigram,49800,789265738,26337370,true,false,literal-subtrigram,,1,||
570,e-sub-trigram,true,false,41039,963076082,literal-subtrigram,49800,789265738,26337370,true,false,literal-subtrigram,,10,[]
863,g-regex,false,false,45811,959904624,regex-all,49800,789265738,26337370,true,true,"lit-any(n=1,len=1-1)",3812204,10,v[0-9]+
261,b-rare-literal,true,false,3,959410500,literal-positional,106,368342087,17568353,false,false,literal-positional,,1,compacter
557,e-sub-trigram,true,false,402562,949504709,literal-subtrigram,49800,789265738,26337370,true,false,literal-subtrigram,,10,Be
551,e-sub-trigram,true,false,14619,944478875,literal-subtrigram,49800,789265738,26337370,true,false,literal-subtrigram,,1,<=
791,g-regex,false,false,0,941795167,regex-trigram,616,522044999,20016649,false,false,"lit-any(n=1,len=9-9)",10,10,autoreply$
560,e-sub-trigram,true,false,43721,940967582,literal-subtrigram,49800,789265738,26337370,true,false,literal-subtrigram,,10,EA
982,h-case-insensitive,true,true,94,938367833,regex-trigram,46,248872129,14491449,false,false,"lit-any(n=4,len=5-5)",94,1,zM160
262,b-rare-literal,true,false,58,932098584,literal-positional,191,384466689,17519254,false,false,literal-positional,,1,compassing
672,g-regex,false,false,0,931322208,regex-trigram,18,302314281,15612075,false,false,"lit-any(n=1,len=8-8)",3,1,Gurmukhi$
742,g-regex,false,false,238,931044208,regex-trigram,2029,552947272,21208803,false,false,"lit-any(n=1,len=7-7)",318,10,\bfounder\b
556,e-sub-trigram,true,false,186331,924763417,literal-subtrigram,49800,789265738,26337370,true,false,literal-subtrigram,,10,Au
739,g-regex,false,false,119,924163957,regex-trigram,1450,551148722,20852506,false,false,"lit-any(n=1,len=5-5)",100,10,\bcacti\b
694,g-regex,false,false,0,919461417,regex-trigram,37,296041022,15405156,false,false,"all(lit-any(n=1,len=12-12),lit-any(n=1,len=7-7))",0,1,StringRepeat.*setCost
777,g-regex,false,false,0,918999584,regex-trigram,85,391827464,17869001,false,false,"lit-any(n=1,len=5-5)",9,10,^[\t ]*outsw
749,g-regex,false,false,4064,917071460,regex-trigram,1123,479177054,19702490,false,false,"lit-any(n=1,len=4-4)",24384,10,\bshop\b
545,e-sub-trigram,true,false,75001,912698625,literal-subtrigram,49800,789265738,26337370,true,false,literal-subtrigram,,10,->
792,g-regex,false,false,1,909505333,regex-trigram,207,433921281,18552945,false,false,"lit-any(n=1,len=7-7)",456,10,awesome$
709,g-regex,false,false,14,902783583,regex-trigram,51,248468547,14664282,false,false,"or(lit-any(n=1,len=5-5),lit-any(n=1,len=11-11))",20,1,\b(IAExB|wdrpDomains)\b
631,f-high-frequency,true,false,603991,901674917,literal-positional,14030,687711663,24099696,false,false,literal-positional,,1,var
768,g-regex,false,false,122,900936583,regex-trigram,434,426875584,18936133,false,false,"lit-any(n=1,len=3-3)",11067,10,^[\t ]*asm
547,e-sub-trigram,true,false,106766,900691876,literal-subtrigram,49800,789265738,26337370,true,false,literal-subtrigram,,10,/>
554,e-sub-trigram,true,false,41277,895496542,literal-subtrigram,49800,789265738,26337370,true,false,literal-subtrigram,,10,>=
717,g-regex,false,false,8,890528417,regex-trigram,35,287380357,14967210,false,false,"or(lit-any(n=1,len=7-7),lit-any(n=1,len=3-3))",62,1,\b(cbArrow|EeZ)\b
558,e-sub-trigram,true,false,63881,888192209,literal-subtrigram,49800,789265738,26337370,true,false,literal-subtrigram,,10,CA
577,e-sub-trigram,true,false,1640,886696583,literal-subtrigram,49800,789265738,26337370,true,false,literal-subtrigram,,10,fZ
841,g-regex,false,false,1,885579917,regex-trigram,85,432000933,18637502,false,false,"lit-any(n=1,len=7-7)",11,1,overfed$
582,e-sub-trigram,true,false,157699,884775418,literal-subtrigram,49800,789265738,26337370,true,false,literal-subtrigram,,10,p_
794,g-regex,false,false,0,882212833,regex-trigram,51,379270681,18044064,false,false,"all(lit-any(n=1,len=6-6),lit-any(n=1,len=10-10))",0,1,boning.*pentahedra
767,g-regex,false,false,12,879142042,regex-trigram,247,465560296,19506796,false,false,"lit-any(n=1,len=7-7)",40,10,^[\t ]*arbiter
940,h-case-insensitive,true,true,6,875168124,regex-trigram,41,71524335,1176633,false,false,"lit-any(n=32,len=6-6)",1518,1,first_name_word_flag
837,g-regex,false,false,1,862939251,regex-trigram,79,396025009,18006815,false,false,"lit-any(n=1,len=10-10)",13,1,northwards$
692,g-regex,false,false,0,855936792,regex-trigram,28,307233119,15811554,false,false,"lit-any(n=1,len=6-6)",7,1,Sabieh$
928,h-case-insensitive,true,true,15,852161083,regex-trigram,36,80052383,1132783,false,false,"lit-any(n=64,len=6-6)",16,1,baffin_island
627,f-high-frequency,true,false,559692,844801250,literal-positional,16632,686472343,24067002,false,false,literal-positional,,1,the
561,e-sub-trigram,true,false,17510,842490541,literal-subtrigram,49800,789265738,26337370,true,false,literal-subtrigram,,1,Ei
724,g-regex,false,false,10,834000625,regex-trigram,10,245303335,14635131,false,false,"or(lit-any(n=1,len=12-12),lit-any(n=1,len=5-5))",10,1,\b(totalGotNoNJ|KApIF)\b
565,e-sub-trigram,true,false,5349,830648209,literal-subtrigram,49800,789265738,26337370,true,false,literal-subtrigram,,10,OA
586,e-sub-trigram,true,false,47838,819112875,literal-subtrigram,49800,789265738,26337370,true,false,literal-subtrigram,,10,{}
750,g-regex,false,false,87,818805000,regex-trigram,58,383447894,17887492,false,false,"lit-any(n=1,len=4-4)",70,1,\bsnub\b
858,g-regex,false,false,31,814576541,regex-trigram,104,422021839,18052142,false,false,"all(lit-any(n=1,len=1-1),lit-any(n=1,len=7-7))",31,1,t.pcities
571,e-sub-trigram,true,false,9237,814214500,literal-subtrigram,49800,789265738,26337370,true,false,literal-subtrigram,,10,](
538,e-sub-trigram,true,false,85298,812171167,literal-subtrigram,49800,789265738,26337370,true,false,literal-subtrigram,,10,!=
585,e-sub-trigram,true,false,50249,807538042,literal-subtrigram,49800,789265738,26337370,true,false,literal-subtrigram,,10,zm
542,e-sub-trigram,true,false,39652,804573292,literal-subtrigram,49800,789265738,26337370,true,false,literal-subtrigram,,10,){
695,g-regex,false,false,0,802639376,regex-trigram,15,256412790,14990228,false,false,"all(lit-any(n=1,len=12-12),lit-any(n=1,len=8-8))",0,1,StripAccents.*daughter
769,g-regex,false,false,28,799009959,regex-trigram,50,383981538,17903059,false,false,"lit-any(n=1,len=11-11)",76,1,^[\t ]*avoirdupois
713,g-regex,false,false,6,798669293,regex-trigram,33,264277087,15118194,false,false,"or(lit-any(n=1,len=12-12),lit-any(n=1,len=6-6))",6,1,\b(UploadFailed|OAAQpZ)\b
916,h-case-insensitive,true,true,43,791726665,regex-trigram,44,258938417,14615928,false,false,"lit-any(n=2,len=4-4)",43,1,a595
497,d-metachar-literal,true,false,75788,789190751,literal-subtrigram,49800,789265738,26337370,true,false,literal-subtrigram,,10,\n
612,f-high-frequency,true,false,427707,784768793,literal-positional,19203,729573897,24952356,false,false,literal-positional,,1,for
568,e-sub-trigram,true,false,4240,784639999,literal-subtrigram,49800,789265738,26337370,true,false,literal-subtrigram,,10,YA
567,e-sub-trigram,true,false,3101,783446125,literal-subtrigram,49800,789265738,26337370,true,false,literal-subtrigram,,10,Uv
852,g-regex,false,false,4,782385501,regex-trigram,62,388276842,17852134,false,false,"all(lit-any(n=1,len=1-1),lit-any(n=1,len=9-9))",4,1,s.antwitter
566,e-sub-trigram,true,false,331734,781633500,literal-subtrigram,49800,789265738,26337370,true,false,literal-subtrigram,,10,Q
766,g-regex,false,false,1,777537042,regex-trigram,76,399169764,18124996,false,false,"lit-any(n=1,len=10-10)",1,1,^[\t ]*appraisees
562,e-sub-trigram,true,false,2548,770477083,literal-subtrigram,49800,789265738,26337370,true,false,literal-subtrigram,,10,H5
993,i-unicode,true,false,18,765756708,literal-subtrigram,49800,789265738,26337370,true,false,literal-subtrigram,,10,Σ
564,e-sub-trigram,true,false,46105,765046541,literal-subtrigram,49800,789265738,26337370,true,false,literal-subtrigram,,10,MA
851,g-regex,false,false,0,755152916,regex-trigram,26,263375173,15163357,false,false,"all(lit-any(n=1,len=9-9),lit-any(n=1,len=10-10))",0,1,rtDivider.*classnames
726,g-regex,false,false,1,754277166,regex-trigram,57,346206945,15935785,false,false,"lit-any(n=1,len=11-11)",1,1,\bDegradation\b
651,g-regex,false,false,528,749559459,regex-all,49800,789265738,26337370,true,true,"all(lit-any(n=1,len=1-1),lit-any(n=1,len=2-2))",83874,10,E.sh
806,g-regex,false,false,7,748737669,regex-trigram,36,294157217,15386794,false,false,"all(lit-any(n=1,len=1-1),lit-any(n=1,len=8-8))",7,1,e.gineMock
847,g-regex,false,false,0,742105917,regex-trigram,1339,556576461,20795956,false,false,"lit-any(n=1,len=8-8)",2,10,platiest$
867,g-regex,false,false,1,741826251,regex-trigram,53,377314882,17940178,false,false,"all(lit-any(n=1,len=3-3),lit-any(n=1,len=6-6))",1,1,yak.*raving
746,g-regex,false,false,8,741784251,regex-trigram,38,373918804,17506643,false,false,"lit-any(n=1,len=12-12)",8,1,\blegalworking\b
706,g-regex,false,false,5,738272876,regex-trigram,20,221914050,13342518,false,false,"all(lit-any(n=1,len=2-2),or(lit-any(n=1,len=4-4),lit-any(n=1,len=4-4)))",16,1,\b(EACUsB|EAAKiK)\b
752,g-regex,false,false,9,732218333,regex-trigram,83,306505506,15522248,false,false,"lit-any(n=1,len=8-8)",17,1,\bviewData\b
780,g-regex,false,false,8,726410793,regex-trigram,110,291984739,15902477,false,false,"lit-any(n=1,len=3-3)",783,10,^[\t ]*sdb
569,e-sub-trigram,true,false,295789,725247750,literal-subtrigram,49800,789265738,26337370,true,false,literal-subtrigram,,10,Z
802,g-regex,false,false,0,722665585,regex-trigram,167,155100147,2163494,false,false,"lit-any(n=1,len=8-8)",10,10,"digitate[(){};,]"
814,g-regex,false,false,7,722417125,regex-trigram,82,389245686,18091189,false,false,"lit-any(n=1,len=3-3)",830,1,gip$
991,i-unicode,true,false,273,710087417,literal-subtrigram,49800,789265738,26337370,true,false,literal-subtrigram,,10,©
804,g-regex,false,false,0,707389749,regex-trigram,57,303693440,15427591,false,false,"lit-any(n=1,len=7-7)",238,1,domNode$
662,g-regex,false,false,0,706843500,regex-trigram,3,219462977,13342563,false,false,"all(lit-any(n=1,len=7-7),lit-any(n=1,len=6-6))",0,1,EiErpQM.*EAAMuI
859,g-regex,false,false,0,706032167,regex-trigram,13,247783107,14772295,false,false,"all(lit-any(n=1,len=6-6),lit-any(n=1,len=8-8))",0,1,temela.*sbMissed
815,g-regex,false,false,0,704541501,regex-trigram,62,392967186,18037998,false,false,"lit-any(n=1,len=12-12)",2,1,globigerinae$
751,g-regex,false,false,1,701808250,regex-trigram,336,498181865,19772581,false,false,"lit-any(n=1,len=10-10)",1,10,\bvalidities\b
913,h-case-insensitive,true,true,33,700551499,regex-trigram,139,125780322,1559258,false,false,"lit-any(n=32,len=6-6)",319,10,_authContext
894,h-case-insensitive,true,true,187,693081001,regex-trigram,51,236749790,13656522,false,false,"lit-any(n=2,len=3-3)",174,1,H31
992,i-unicode,true,false,2508,688064915,literal-subtrigram,49800,789265738,26337370,true,false,literal-subtrigram,,10,»
643,g-regex,false,false,0,687126085,regex-trigram,40,352265006,16213804,false,false,"all(lit-any(n=1,len=9-9),lit-any(n=1,len=8-8))",0,1,Broadcast.*abisinio
779,g-regex,false,false,1,684474500,regex-trigram,118,414341728,18589893,false,false,"lit-any(n=1,len=5-5)",54,10,^[\t ]*quelo
619,f-high-frequency,true,false,252051,683615918,literal-positional,14122,675294744,23500442,false,false,literal-positional,,1,new
747,g-regex,false,false,28,681587959,regex-trigram,58,301792259,15659541,false,false,"lit-any(n=1,len=9-9)",28,1,\bnodeDepth\b
748,g-regex,false,false,683,678626000,regex-trigram,119,406521664,18250602,false,false,"lit-any(n=1,len=8-8)",595,10,\bpowerful\b
588,e-sub-trigram,true,false,164367,674153750,literal-subtrigram,49800,789265738,26337370,true,false,literal-subtrigram,,10,~
793,g-regex,false,false,39,667806792,regex-trigram,237,437464276,19029837,false,false,"lit-any(n=1,len=7-7)",1007,10,benefit$
839,g-regex,false,false,0,657093335,regex-trigram,23,260234615,15093292,false,false,"lit-any(n=1,len=12-12)",18,1,occurSession$
639,g-regex,false,false,0,656877958,regex-trigram,71,362655239,16560991,false,false,"all(lit-any(n=1,len=6-6),lit-any(n=1,len=5-5))",0,1,Ascoli.*ullar
855,g-regex,false,false,0,647350834,regex-trigram,30,290175084,15409118,false,false,"lit-any(n=1,len=10-10)",5,1,stackDepth$
961,h-case-insensitive,true,true,12,640041168,regex-trigram,28,85730951,1150741,false,false,"lit-any(n=32,len=6-6)",388,1,phone_number_throttle_id
86,a-common-literal,true,false,136982,636711124,literal-positional,24379,650922194,23201843,false,false,literal-positional,,1,class
738,g-regex,false,false,1,626832791,regex-trigram,49,376572089,17755165,false,false,"lit-any(n=1,len=8-8)",1,1,\bbanjoist\b
697,g-regex,false,false,0,619747917,regex-trigram,9,224782270,13414394,false,false,"lit-any(n=1,len=7-7)",11,1,UNICODE$
849,g-regex,false,false,0,600677626,regex-trigram,29,353523818,16923870,false,false,"lit-any(n=1,len=8-8)",1,1,qrandset$
107,a-common-literal,true,false,257670,599905794,literal-positional,3711,547638747,20547866,false,false,literal-positional,,1,function
915,h-case-insensitive,true,true,313,598595417,regex-trigram,95,119851027,1573623,false,false,"lit-any(n=32,len=6-6)",239,10,_weight
775,g-regex,false,false,0,597160832,regex-trigram,24,273312575,15447625,false,false,"lit-any(n=1,len=4-4)",83,1,^[\t ]*gpgp
145,a-common-literal,true,false,157302,589494042,literal-positional,15300,604178768,22172651,false,false,literal-positional,,1,string
770,g-regex,false,false,4,588908208,regex-trigram,34,266330935,15168768,false,false,"lit-any(n=1,len=7-7)",32,1,^[\t ]*bLookup
774,g-regex,false,false,0,586931501,regex-trigram,44,372332531,17752515,false,false,"lit-any(n=1,len=10-10)",2,1,^[\t ]*gearmanjob
944,h-case-insensitive,true,true,3,586811750,regex-trigram,13,147655634,8803654,false,false,"lit-any(n=4,len=6-6)",3,1,h363q28
813,g-regex,false,false,0,578627709,regex-trigram,10,273485695,15607148,false,false,"all(lit-any(n=1,len=8-8),lit-any(n=1,len=7-7))",0,1,fsfreeze.*exhales
753,g-regex,false,false,20,575595208,regex-trigram,369,335190148,16034500,false,false,"lit-any(n=1,len=10-10)",509,10,^[\t ]*AccountLog
676,g-regex,false,false,0,575406751,regex-trigram,22,240268569,14343007,false,false,"lit-any(n=1,len=6-6)",2,1,IACpCw$
756,g-regex,false,false,894,574158750,regex-trigram,36,319851486,16072774,false,false,"lit-any(n=1,len=10-10)",1552,1,^[\t ]*Birmingham
868,g-regex,false,false,0,572425041,regex-trigram,61,335144520,16160497,false,false,"all(lit-any(n=1,len=6-6),lit-any(n=1,len=3-3))",0,1,yerais.*War
772,g-regex,false,false,6,572285002,regex-trigram,14,270332060,15474856,false,false,"lit-any(n=1,len=4-4)",10,1,^[\t ]*dgpg
656,g-regex,false,false,0,571530626,regex-trigram,3,219462977,13342563,false,false,"all(lit-any(n=1,len=7-7),lit-any(n=1,len=8-8))",0,1,EAAQuiC.*TicketID
139,a-common-literal,true,false,259689,565798833,literal-positional,11347,587636888,21413574,false,false,literal-positional,,1,return
634,g-regex,false,false,4077,561508001,regex-trigram,385,380026184,16979541,false,false,"lit-any(n=1,len=2-2)",4388,10,0x[0-9a-fA-F]+
864,g-regex,false,false,0,561291999,regex-trigram,19,258396655,15031857,false,false,"all(lit-any(n=1,len=7-7),lit-any(n=1,len=11-11))",0,1,whammed.*OrdinalMeta
862,g-regex,false,false,6,560127207,regex-trigram,147,307177653,16157976,false,false,"lit-any(n=1,len=4-4)",518,10,uuid$
776,g-regex,false,false,0,554132958,regex-trigram,6,233825372,14359366,false,false,"lit-any(n=1,len=8-8)",6,1,^[\t ]*innerTbl
678,g-regex,false,false,0,549101750,regex-trigram,6,220236177,13343047,false,false,"all(lit-any(n=1,len=7-7),lit-any(n=1,len=7-7))",0,1,IAGlEsF.*isProto
771,g-regex,false,false,0,545210165,regex-trigram,37,284088586,15317565,false,false,"lit-any(n=1,len=11-11)",18,1,^[\t ]*countryFlag
736,g-regex,false,false,2,538262791,regex-trigram,61,297267977,15470552,false,false,"lit-any(n=1,len=9-9)",37,1,\bSplitWord\b
914,h-case-insensitive,true,true,12,538112374,regex-trigram,57,93692183,1141696,false,false,"lit-any(n=32,len=6-6)",54,1,_meridiemParse
725,g-regex,false,false,1,537387291,regex-trigram,41,315981043,15847550,false,false,"lit-any(n=1,len=10-10)",1,1,\bBrechttext\b
730,g-regex,false,false,2,537325918,regex-trigram,36,318941823,15905266,false,false,"lit-any(n=1,len=5-5)",2,1,\bLoski\b
773,g-regex,false,false,0,536375667,regex-trigram,44,267009583,15166174,false,false,"lit-any(n=1,len=11-11)",13,1,^[\t ]*fromEntries
755,g-regex,false,false,1,530211418,regex-trigram,72,364388097,16457564,false,false,"lit-any(n=1,len=7-7)",1,1,^[\t ]*Bacardi
649,g-regex,false,false,0,517665210,regex-trigram,15,258345976,14974588,false,false,"all(lit-any(n=1,len=5-5),lit-any(n=1,len=8-8))",0,1,Cuneo.*deltaEnd
664,g-regex,false,false,68,506916584,regex-trigram,36,256985155,14946665,false,false,"all(lit-any(n=1,len=1-1),lit-any(n=1,len=7-7))",68,1,F.exAlign
760,g-regex,false,false,0,505742957,regex-trigram,12,225285242,13392152,false,false,"lit-any(n=1,len=5-5)",4,1,^[\t ]*GADCC
765,g-regex,false,false,21,491558417,regex-trigram,67,302502294,15562166,false,false,"lit-any(n=1,len=12-12)",39,1,^[\t ]*IncludeItems
735,g-regex,false,false,2,491308916,regex-trigram,55,251703104,13347255,false,false,"lit-any(n=1,len=6-6)",2,1,\bSAAAmE\b
635,g-regex,false,false,0,479241416,regex-trigram,24,310278053,15789401,false,false,"lit-any(n=1,len=12-12)",1,1,Abbaubarkeit$
846,g-regex,false,false,0,478328166,regex-trigram,12,240436248,14458588,false,false,"lit-any(n=1,len=9-9)",4,1,pkgExists$
759,g-regex,false,false,0,475193043,regex-trigram,33,296565655,15406522,false,false,"lit-any(n=1,len=11-11)",2,1,^[\t ]*EmitterNode
737,g-regex,false,false,1096,471879751,regex-trigram,65,235661759,13653899,false,false,"lit-any(n=1,len=5-5)",1089,10,\bUSAGE\b
689,g-regex,false,false,0,471605124,regex-trigram,23,224253060,13388440,false,false,"lit-any(n=1,len=12-12)",1,1,REDEFINITION$
135,a-common-literal,true,false,141205,469270875,literal-positional,20618,570449940,21658273,false,false,literal-positional,,1,public
826,g-regex,false,false,170,462927792,regex-trigram,199,392250915,18119117,false,false,"all(lit-any(n=1,len=1-1),lit-any(n=1,len=4-4))",158,10,k.ytab
644,g-regex,false,false,21,459556041,regex-trigram,171,285451088,15362040,false,false,"all(lit-any(n=1,len=1-1),lit-any(n=1,len=3-3))",2834,10,C.AtC
778,g-regex,false,false,0,457928332,regex-trigram,60,264803619,15179522,false,false,"lit-any(n=1,len=11-11)",22,10,^[\t ]*paypalError
763,g-regex,false,false,0,454971749,regex-trigram,14,223558732,13361282,false,false,"lit-any(n=1,len=6-6)",2,1,^[\t ]*IACnBE
645,g-regex,false,false,1,452036708,regex-trigram,17,243685047,14450184,false,false,"all(lit-any(n=1,len=1-1),lit-any(n=1,len=6-6))",1,1,C.CjBogB
685,g-regex,false,false,1,449483001,regex-trigram,15,246173989,14654668,false,false,"all(lit-any(n=1,len=1-1),lit-any(n=1,len=4-4))",8,1,Q.ASuL
754,g-regex,false,false,0,447536751,regex-trigram,6,221373892,13342804,false,false,"lit-any(n=1,len=7-7)",2,1,^[\t ]*AwBhrEI
490,d-metachar-literal,true,false,2,444776292,literal-positional,19,258240916,15075370,false,false,literal-positional,,1,KingsOfRnb.com
266,b-rare-literal,true,false,3,432504624,literal-positional,330,367476209,16574062,false,false,literal-positional,,1,dataGrouping
842,g-regex,false,false,9,422850374,regex-trigram,32,262486770,15155410,false,false,"all(lit-any(n=1,len=1-1),lit-any(n=1,len=10-10))",14,1,p.ymentInfos
953,h-case-insensitive,true,true,56,417993707,regex-trigram,9,55692513,828633,false,false,"lit-any(n=32,len=6-6)",77,1,magic_quotes_runtime
484,d-metachar-literal,true,false,6,415127082,literal-positional,6,236362718,14422723,false,false,literal-positional,,1,AlAbbasiFamily.com
666,g-regex,false,false,0,413048125,regex-trigram,84,209629589,9392283,false,false,"lit-any(n=1,len=4-4)",26,1,GAAP$
636,g-regex,false,false,0,400405792,regex-trigram,2,78087834,4641113,false,false,"all(lit-any(n=1,len=11-11),lit-any(n=1,len=6-6))",0,1,AllVersions.*EAAOtM
112,a-common-literal,true,false,50924,395333083,literal-positional,6563,545601797,20553476,false,false,literal-positional,,1,import
88,a-common-literal,true,false,438,392204125,literal-positional,1112,432565665,18163739,false,false,literal-positional,,1,conditioning
789,g-regex,false,false,0,388910540,regex-trigram,419,209196911,3873486,false,false,"lit-any(n=1,len=7-7)",25,10,agreste[ \t]
699,g-regex,false,false,3,373102708,regex-trigram,39,226579821,13374216,false,false,"all(lit-any(n=1,len=1-1),lit-any(n=1,len=4-4))",9,1,W.CtBC
623,f-high-frequency,true,false,152,372777585,literal-positional,372,420050461,17897111,false,false,literal-positional,,1,parseExpectedExpression
646,g-regex,false,false,2,367877709,regex-trigram,19,248010893,14657807,false,false,"all(lit-any(n=1,len=1-1),lit-any(n=1,len=5-5))",2,1,C.GzBrE
840,g-regex,false,false,0,351655876,regex-trigram,332,157395394,2332172,false,false,"lit-any(n=1,len=7-7)",12,10,"ommited[(){};,]"
114,a-common-literal,true,false,136,350118249,literal-positional,235,416607840,18339911,false,false,literal-positional,,1,instrumentation
526,d-metachar-literal,true,false,73378,347702541,literal-positional,689,390634652,17367765,false,false,literal-positional,,1,to.
326,c-phrase-literal,true,false,16,337077833,literal-positional,36,247552879,14827028,false,false,literal-positional,,1,Export partitons
647,g-regex,false,false,1125,335591043,regex-trigram,469,238979891,13646009,false,false,"all(lit-any(n=1,len=1-1),lit-any(n=1,len=4-4))",1078,10,C.MMIT
810,g-regex,false,false,0,334911874,regex-trigram,76,167325263,2777711,false,false,"lit-any(n=1,len=9-9)",0,1,etreeplot[ \t]
798,g-regex,false,false,7,332479375,regex-trigram,156,161681045,2740295,false,false,"lit-any(n=1,len=6-6)",130,1,catena[ \t]
102,a-common-literal,true,false,518,332023833,literal-positional,33,358002845,17009170,false,false,literal-positional,,1,educate
529,d-metachar-literal,true,false,492,331476166,literal-positional,234,373642089,17150045,false,false,literal-positional,,1,window.location
853,g-regex,false,false,0,330234584,regex-trigram,31,78451144,1056486,false,false,"lit-any(n=1,len=10-10)",6,1,"searchtype[(){};,]"
637,g-regex,false,false,0,328910458,regex-trigram,92,92043659,756033,false,false,"lit-any(n=1,len=9-9)",0,1,"Andernach[(){};,]"
856,g-regex,false,false,0,326155916,regex-trigram,132,115109956,1810747,false,false,"lit-any(n=1,len=11-11)",43,10,"submittable[(){};,]"
603,f-high-frequency,true,false,13592,325397917,literal-positional,1344,430002387,18435304,false,false,literal-positional,,1,bright
492,d-metachar-literal,true,false,62,323488874,literal-positional,11,236440963,14527911,false,false,literal-positional,,1,Partitions.
589,f-high-frequency,true,false,776,321624500,literal-positional,289,279598991,15063175,false,false,literal-positional,,1,Ascending
524,d-metachar-literal,true,false,1900,320807372,literal-positional,529,424343050,16696332,false,false,literal-positional,,1,this.$outdent
265,b-rare-literal,true,false,6,317709582,literal-positional,4,244053863,14064241,false,false,literal-positional,,1,ctela
848,g-regex,false,false,18,317352501,regex-trigram,241,170654843,2304672,false,false,"lit-any(n=1,len=9-9)",1008,10,"political[(){};,]"
626,f-high-frequency,true,false,2130,313177083,literal-positional,244,397664216,17904111,false,false,literal-positional,,1,spell
762,g-regex,false,false,0,311923999,regex-trigram,15,80291408,4669584,false,false,"lit-any(n=1,len=6-6)",3,1,^[\t ]*IAAKhN
607,f-high-frequency,true,false,40,308003165,literal-positional,75,344748694,15492862,false,false,literal-positional,,1,disableEventListeners
227,b-rare-literal,true,false,1,306382709,literal-positional,36,245745119,14791658,false,false,literal-positional,,1,PackedBubbleComposition
417,c-phrase-literal,true,false,800,304330583,literal-positional,476,398899061,16918902,false,false,literal-positional,,1,var next_indent
362,c-phrase-literal,true,false,11,302164708,literal-positional,11,217300404,13343304,false,false,literal-positional,,1,Tasks for
632,f-high-frequency,true,false,12602,299514334,literal-positional,419,404882556,16978223,false,false,literal-positional,,1,views
91,a-common-literal,true,false,4,298024417,literal-positional,55,362706659,16736268,false,false,literal-positional,,1,controls_display
829,g-regex,false,false,0,297227584,regex-trigram,31,85305899,1273568,false,false,"lit-any(n=1,len=9-9)",4,1,"lexically[(){};,]"
72,a-common-literal,true,false,326,296506833,literal-positional,38,357078387,17359103,false,false,literal-positional,,1,agora
148,a-common-literal,true,false,293,295868584,literal-positional,32,359745556,17419945,false,false,literal-positional,,1,terrorism
263,b-rare-literal,true,false,13,294816625,literal-positional,14,305988402,15867831,false,false,literal-positional,,1,cretonne
625,f-high-frequency,true,false,255,292230959,literal-positional,74,324926103,16223824,false,false,literal-positional,,1,setMatcher
811,g-regex,false,false,1,289211919,regex-trigram,20,45076207,496823,false,false,"lit-any(n=1,len=12-12)",6,1,existingSort[ \t]
489,d-metachar-literal,true,false,5434,288938002,literal-positional,600,265113938,15182917,false,false,literal-positional,,1,Directory.
416,c-phrase-literal,true,false,38000,286683917,literal-positional,12744,337961946,15818614,false,false,literal-positional,,1,using System
373,c-phrase-literal,true,false,5,286626584,literal-positional,199,325366857,15617773,false,false,literal-positional,,1,class Writer
374,c-phrase-literal,true,false,25,285291374,literal-positional,30,301643612,14474833,false,false,literal-positional,,1,create any
508,d-metachar-literal,true,false,2375,284894834,literal-positional,467,405723580,17879962,false,false,literal-positional,,1,etc.
590,f-high-frequency,true,false,869,284661831,literal-positional,400,299168442,15616399,false,false,literal-positional,,1,Braintree
352,c-phrase-literal,true,false,1,284355461,literal-positional,418,295218911,15401574,false,false,literal-positional,,1,ProGet Version
522,d-metachar-literal,true,false,14,283977791,literal-positional,98,348154863,16092900,false,false,literal-positional,,1,round((select
271,b-rare-literal,true,false,1,281255001,literal-positional,18,339520327,16635063,false,false,literal-positional,,1,generator_priority
93,a-common-literal,true,false,188,279989082,literal-positional,31,349789630,16715150,false,false,literal-positional,,1,creak
604,f-high-frequency,true,false,97,277582709,literal-positional,41,339520633,16696749,false,false,literal-positional,,1,caffeine
629,f-high-frequency,true,false,142,277534749,literal-positional,66,354372871,16904593,false,false,literal-positional,,1,tickPositions
47,a-common-literal,true,false,48,277086916,literal-positional,8,239585161,14737774,false,false,literal-positional,,1,Stint
239,b-rare-literal,true,false,1,275609251,literal-positional,31,234115868,14356893,false,false,literal-positional,,1,TryGetOriginalException
371,c-phrase-literal,true,false,21,275466415,literal-positional,25,284967672,15787255,false,false,literal-positional,,1,case group_concat
523,d-metachar-literal,true,false,1058,275405208,literal-positional,527,336905953,16392415,false,false,literal-positional,,1,them.
73,a-common-literal,true,false,12,273941957,literal-positional,14,295520795,16262221,false,false,literal-positional,,1,altruistically
368,c-phrase-literal,true,false,2150,273068791,literal-positional,86,360397617,15952128,false,false,literal-positional,,1,alter table
624,f-high-frequency,true,false,47,271123124,literal-positional,4,243916191,14058199,false,false,literal-positional,,1,pgba
259,b-rare-literal,true,false,28,270495041,literal-positional,18,317801321,15494706,false,false,literal-positional,,1,chauvinistic
614,f-high-frequency,true,false,49,269845459,literal-positional,49,334769485,16684580,false,false,literal-positional,,1,lastMinute
519,d-metachar-literal,true,false,1501,268971584,literal-positional,242,312242817,15994644,false,false,literal-positional,,1,record.
151,a-common-literal,true,false,37,268815335,literal-positional,62,336898523,15361310,false,false,literal-positional,,1,transformOrigin
615,f-high-frequency,true,false,323,268322292,literal-positional,133,336591397,16370067,false,false,literal-positional,,1,lineNumber
630,f-high-frequency,true,false,28,267963332,literal-positional,43,337457609,15865523,false,false,literal-positional,,1,usernameSecret
983,h-case-insensitive,true,true,9,266615332,regex-trigram,32,14646269,285756,false,false,"lit-any(n=32,len=6-6)",18480,1,zone_domains_tld_company
92,a-common-literal,true,false,62,265980124,literal-positional,29,333363826,16038521,false,false,literal-positional,,1,corridor
8,a-common-literal,true,false,9,265750416,literal-positional,8,242087110,14635413,false,false,literal-positional,,1,ChooseColor
46,a-common-literal,true,false,5020,265683416,literal-positional,24,258719021,15081501,false,false,literal-positional,,1,Schools
126,a-common-literal,true,false,756,265504833,literal-positional,27,338729280,16898460,false,false,literal-positional,,1,ntida
527,d-metachar-literal,true,false,454,264959125,literal-positional,149,312183339,15997782,false,false,literal-positional,,1,users.
77,a-common-literal,true,false,89,264490167,literal-positional,31,336497898,16343346,false,false,literal-positional,,1,avocado
254,b-rare-literal,true,false,2,264338375,literal-positional,22,337986213,16787640,false,false,literal-positional,,1,alivian
149,a-common-literal,true,false,28,264107291,literal-positional,13,287121668,14698776,false,false,literal-positional,,1,tetrahedron
75,a-common-literal,true,false,41,263461917,literal-positional,15,295340289,15322231,false,false,literal-positional,,1,ashram
127,a-common-literal,true,false,12,262901417,literal-positional,24,262937208,15112499,false,false,literal-positional,,1,num2fraction
599,f-high-frequency,true,false,91,261321623,literal-positional,43,243100775,14547973,false,false,literal-positional,,1,SelectElement
665,g-regex,false,false,2,261234418,regex-trigram,347,142329371,1524636,false,false,"lit-any(n=1,len=7-7)",9,10,"Flowers[(){};,]"
520,d-metachar-literal,true,false,2646,260609749,literal-positional,478,275749512,15522567,false,false,literal-positional,,1,repository.
31,a-common-literal,true,false,170,260520123,literal-positional,21,295983220,15334578,false,false,literal-positional,,1,Kannada
628,f-high-frequency,true,false,533,260071583,literal-positional,131,334598693,15588120,false,false,literal-positional,,1,thousands
90,a-common-literal,true,false,27,259222084,literal-positional,12,250345902,14363878,false,false,literal-positional,,1,contan
608,f-high-frequency,true,false,263,258634083,literal-positional,23,344808944,16950325,false,false,literal-positional,,1,emmet
293,b-rare-literal,true,false,1,257544000,literal-positional,11,248678456,14884753,false,false,literal-positional,,1,setTransferTimer
19,a-common-literal,true,false,10,257440292,literal-positional,60,261692558,14748940,false,false,literal-positional,,1,FormatterName
143,a-common-literal,true,false,79,257326083,literal-positional,39,300423685,15606917,false,false,literal-positional,,1,seriesGroup
68,a-common-literal,true,false,13,256840083,literal-positional,24,335775413,16597939,false,false,literal-positional,,1,achromatous
591,f-high-frequency,true,false,15168,256779376,literal-positional,425,283882783,15526431,false,false,literal-positional,,1,Daily
617,f-high-frequency,true,false,23,254616542,literal-positional,37,266561748,15098421,false,false,literal-positional,,1,loginCount
152,a-common-literal,true,false,6325,254337208,literal-positional,493,336824849,15427920,false,false,literal-positional,,1,webk
418,c-phrase-literal,true,false,103,253614542,literal-positional,112,279589047,14306842,false,false,literal-positional,,1,var returnValue
67,a-common-literal,true,false,9,252644667,literal-positional,16,316206585,15549058,false,false,literal-positional,,1,absorption_indicator
55,a-common-literal,true,false,12,252642541,literal-positional,34,223636341,13356311,false,false,literal-positional,,1,TokenException
81,a-common-literal,true,false,3,252573834,literal-positional,34,300077100,15448478,false,false,literal-positional,,1,bookmark_edit_name
256,b-rare-literal,true,false,31,251848417,literal-positional,13,316628219,15595668,false,false,literal-positional,,1,asperity
117,a-common-literal,true,false,120,251388084,literal-positional,31,278234562,15434355,false,false,literal-positional,,1,jpn
34,a-common-literal,true,false,8,251339790,literal-positional,37,237422984,14550037,false,false,literal-positional,,1,LoadUrlForwarding
164,b-rare-literal,true,false,1057,251285416,literal-positional,18,303596304,15553477,false,false,literal-positional,,1,Arabian
364,c-phrase-literal,true,false,27,251246292,literal-positional,34,239207173,14452493,false,false,literal-positional,,1,Use examples
172,b-rare-literal,true,false,14,249033999,literal-positional,7,221190228,13501535,false,false,literal-positional,,1,Bettye
100,a-common-literal,true,false,135,248272957,literal-positional,50,273189884,14728586,false,false,literal-positional,,1,droplist_archive
616,f-high-frequency,true,false,117,247369626,literal-positional,40,248892597,14131577,false,false,literal-positional,,1,localPath
43,a-common-literal,true,false,15,247368789,literal-positional,34,271021342,14863658,false,false,literal-positional,,1,PricePerAdditionalServer
359,c-phrase-literal,true,false,1188,247108583,literal-positional,235,285999411,14311039,false,false,literal-positional,,1,Set the
141,a-common-literal,true,false,444,247100083,literal-positional,27,355034902,17228138,false,false,literal-positional,,1,schel
125,a-common-literal,true,false,95,246852085,literal-positional,20,316087013,15410099,false,false,literal-positional,,1,nonrepresentational
260,b-rare-literal,true,false,1,246693251,literal-positional,44,292845656,15326170,false,false,literal-positional,,1,checkbox_starts_with
174,b-rare-literal,true,false,1,244321501,literal-positional,6,241607215,14608604,false,false,literal-positional,,1,Blattspreite
609,f-high-frequency,true,false,53,243924709,literal-positional,9,233513526,14342648,false,false,literal-positional,,1,esDocument
258,b-rare-literal,true,false,1,243644999,literal-positional,12,275511978,15604598,false,false,literal-positional,,1,calendarpicker
363,c-phrase-literal,true,false,714,242433291,literal-positional,453,274511189,15146415,false,false,literal-positional,,1,This will
53,a-common-literal,true,false,16369,242245792,literal-positional,67,284939539,15704830,false,false,literal-positional,,1,Tee
409,c-phrase-literal,true,false,516,240160250,literal-positional,76,289653041,14628881,false,false,literal-positional,,1,return worker
80,a-common-literal,true,false,443,239705833,literal-positional,21,341348309,16814023,false,false,literal-positional,,1,birl
281,b-rare-literal,true,false,772,239223042,literal-positional,12,272823229,15513830,false,false,literal-positional,,1,lichkeit
249,b-rare-literal,true,false,1,237756461,literal-positional,4,219411410,13513350,false,false,literal-positional,,1,accionan
103,a-common-literal,true,false,8,237458999,literal-positional,30,283925293,14496593,false,false,literal-positional,,1,eventService
336,c-phrase-literal,true,false,2,237122749,literal-positional,5,233488400,14342149,false,false,literal-positional,,1,Output change
10,a-common-literal,true,false,20,235624084,literal-positional,64,236625978,14531530,false,false,literal-positional,,1,DropCatchSupportEmail
406,c-phrase-literal,true,false,12471,235321958,literal-positional,5429,315081876,15259169,false,false,literal-positional,,1,public int
401,c-phrase-literal,true,false,11854,235048875,literal-positional,1080,242754048,14136251,false,false,literal-positional,,1,inner join
54,a-common-literal,true,false,42,234646958,literal-positional,63,239608414,14662038,false,false,literal-positional,,1,TimeSyncService
272,b-rare-literal,true,false,21,234254334,literal-positional,91,302599906,15036520,false,false,literal-positional,,1,getTranslations
257,b-rare-literal,true,false,96,233928418,literal-positional,45,279859323,15583732,false,false,literal-positional,,1,bpg
593,f-high-frequency,true,false,2604,231181084,literal-positional,37,266626595,15172330,false,false,literal-positional,,1,Etc
7,a-common-literal,true,false,16,231019083,literal-positional,5,217254026,13342477,false,false,literal-positional,,1,CaptchaFeatureKind
598,f-high-frequency,true,false,231,230786585,literal-positional,73,244379772,14691610,false,false,literal-positional,,1,NewId
787,g-regex,false,false,0,230561707,regex-trigram,11,66498123,1024714,false,false,"lit-any(n=1,len=10-10)",2,1,"accoucheur[(){};,]"
361,c-phrase-literal,true,false,7,229645001,literal-positional,18,265863886,14037480,false,false,literal-positional,,1,Stream the
838,g-regex,false,false,2,228098042,regex-trigram,442,143240709,2929066,false,false,"lit-any(n=1,len=5-5)",233,10,nsche[ \t]
597,f-high-frequency,true,false,40,227537126,literal-positional,4,233474625,14341756,false,false,literal-positional,,1,LuceneHighlightRules
180,b-rare-literal,true,false,1,227332124,literal-positional,7,246255084,14683932,false,false,literal-positional,,1,ChineseHongKong
253,b-rare-literal,true,false,1,226867958,literal-positional,23,318232844,15582054,false,false,literal-positional,,1,alcornocal
360,c-phrase-literal,true,false,7,226251501,literal-positional,16,245593976,14692820,false,false,literal-positional,,1,Some generic
727,g-regex,false,false,6,226145458,regex-trigram,36,91330198,4667665,false,false,"lit-any(n=1,len=5-5)",6,1,\bEAAUM\b
238,b-rare-literal,true,false,3,225661709,literal-positional,14,234187326,14356313,false,false,literal-positional,,1,SaveWebsiteMonitor
162,b-rare-literal,true,false,1,224142334,literal-positional,3,217237902,13341752,false,false,literal-positional,,1,AmbiguityMonitor
224,b-rare-literal,true,false,1,224034792,literal-positional,3,217235483,13341698,false,false,literal-positional,,1,MemCount
407,c-phrase-literal,true,false,2,222989916,literal-positional,32,227196259,13588686,false,false,literal-positional,,1,remove credentials
32,a-common-literal,true,false,2845,222925374,literal-positional,35,256952992,15088300,false,false,literal-positional,,1,Karma
33,a-common-literal,true,false,107,221449083,literal-positional,54,257901202,14868276,false,false,literal-positional,,1,KtB
325,c-phrase-literal,true,false,4,221298665,literal-positional,119,224293260,13452806,false,false,literal-positional,,1,Error handleing
354,c-phrase-literal,true,false,31,221182249,literal-positional,34,233550235,14343744,false,false,literal-positional,,1,Put credential
857,g-regex,false,false,12,221136585,regex-trigram,120,73820865,1021492,false,false,"lit-any(n=1,len=9-9)",20,10,"superCall[(){};,]"
595,f-high-frequency,true,false,40,220980415,literal-positional,4,233491689,14342215,false,false,literal-positional,,1,HamlHighlightRules
235,b-rare-literal,true,false,258,220733334,literal-positional,27,244127896,14763186,false,false,literal-positional,,1,Remembering
84,a-common-literal,true,false,8,218241625,literal-positional,5,234322197,14358644,false,false,literal-positional,,1,cairofontweight
236,b-rare-literal,true,false,1,218233417,literal-positional,5,218919164,13381496,false,false,literal-positional,,1,RenameSearchComments
45,a-common-literal,true,false,20,217555917,literal-positional,14,217696382,13368556,false,false,literal-positional,,1,RecaptchaEnterprise
2,a-common-literal,true,false,9,215808874,literal-positional,80,217759843,13353113,false,false,literal-positional,,1,AdminBetaCode
166,b-rare-literal,true,false,7,215393166,literal-positional,5,241182946,14582683,false,false,literal-positional,,1,Auskunft
353,c-phrase-literal,true,false,21,214560999,literal-positional,53,246242959,14687794,false,false,literal-positional,,1,Produce the
601,f-high-frequency,true,false,37,212173999,literal-positional,6,217265033,13342463,false,false,literal-positional,,1,TestScenario
255,b-rare-literal,true,false,2,211356166,literal-positional,10,255566957,14238620,false,false,literal-positional,,1,applyCascade
788,g-regex,false,false,0,210914331,regex-trigram,18,74611781,1022692,false,false,"lit-any(n=1,len=7-7)",97,1,"afflict[(){};,]"
613,f-high-frequency,true,false,154,210815543,literal-positional,71,242381783,10834409,false,false,literal-positional,,1,issuer
182,b-rare-literal,true,false,21,210632042,literal-positional,8,242995512,14723323,false,false,literal-positional,,1,Concetta
251,b-rare-literal,true,false,15,210622792,literal-positional,7,235606150,14495367,false,false,literal-positional,,1,adule
861,g-regex,false,false,0,210591916,regex-trigram,2,76722038,4640476,false,false,"all(lit-any(n=1,len=5-5),lit-any(n=1,len=6-6))",0,1,tyros.*SAAUlC
9,a-common-literal,true,false,12,210253292,literal-positional,8,141513227,8702924,false,false,literal-positional,,1,DnsElement
317,c-phrase-literal,true,false,2,209818959,literal-positional,9,217304978,13343610,false,false,literal-positional,,1,Copying Files
25,a-common-literal,true,false,2,209651043,literal-positional,13,234108190,14368775,false,false,literal-positional,,1,HasGoDaddyPermissions
211,b-rare-literal,true,false,5,209538084,literal-positional,4,217265795,13342518,false,false,literal-positional,,1,GetFabals
134,a-common-literal,true,false,34,207542501,literal-positional,40,246248668,10875689,false,false,literal-positional,,1,professionally
116,a-common-literal,true,false,47,207472166,literal-positional,27,228327624,13527648,false,false,literal-positional,,1,jdK
400,c-phrase-literal,true,false,18,207188627,literal-positional,25,250065383,13651740,false,false,literal-positional,,1,import datetime
387,c-phrase-literal,true,false,10,207037084,literal-positional,43,255479546,11106160,false,false,literal-positional,,1,execute partition
248,b-rare-literal,true,false,35,206682250,literal-positional,11,234809688,14367924,false,false,literal-positional,,1,a108
252,b-rare-literal,true,false,3,206263917,literal-positional,3,218120449,13418128,false,false,literal-positional,,1,afeblec
95,a-common-literal,true,false,8,205871334,literal-positional,4,218084413,13358644,false,false,literal-positional,,1,cubrid_rollback
828,g-regex,false,false,0,204711874,regex-trigram,60,54207110,400722,false,false,"lit-any(n=1,len=8-8)",4,1,"lessLink[(){};,]"
56,a-common-literal,true,false,40,204674084,literal-positional,11,238414099,14425096,false,false,literal-positional,,1,Tomer
109,a-common-literal,true,false,4,203874541,literal-positional,6,244117353,14061831,false,false,literal-positional,,1,hipchat_msg_color
48,a-common-literal,true,false,7,203651208,literal-positional,8,219404196,13370507,false,false,literal-positional,,1,StringConversionTests
18,a-common-literal,true,false,6,203178127,literal-positional,9,233493088,14342055,false,false,literal-positional,,1,FieldInferrer
3,a-common-literal,true,false,246,202820500,literal-positional,4,222839996,13440831,false,false,literal-positional,,1,AndExpr
244,b-rare-literal,true,false,1,202219834,literal-positional,3,217311763,13343269,false,false,literal-positional,,1,WindowTop
250,b-rare-literal,true,false,1,201690791,literal-positional,4,219180484,13490253,false,false,literal-positional,,1,acogolle
300,b-rare-literal,true,false,1,200957666,literal-positional,5,153349998,9049572,false,false,literal-positional,,1,useraccountid
316,c-phrase-literal,true,false,3747,197885291,literal-positional,379,219250547,13381143,false,false,literal-positional,,1,Content Include
167,b-rare-literal,true,false,2,197781375,literal-positional,55,217611963,13350071,false,false,literal-positional,,1,AutoDownloadMimeTypes
136,a-common-literal,true,false,57,194823167,literal-positional,23,229986316,13544533,false,false,literal-positional,,1,q92
321,c-phrase-literal,true,false,6,194529416,literal-positional,5,217263266,13342424,false,false,literal-positional,,1,Drop old
620,f-high-frequency,true,false,24,194223043,literal-positional,11,249643070,13612516,false,false,literal-positional,,1,nonNegativeInteger
800,g-regex,false,false,6,193877125,regex-trigram,37,148137271,2418138,false,false,"lit-any(n=1,len=8-8)",27,1,cliquish[ \t]
761,g-regex,false,false,0,193734877,regex-trigram,113,134645151,4998307,false,false,"lit-any(n=1,len=4-4)",22,10,^[\t ]*IAAG
821,g-regex,false,false,295,192942123,regex-trigram,149,131107986,1854339,false,false,"lit-any(n=1,len=4-4)",2281,1,"iece[(){};,]"
144,a-common-literal,true,false,10,192012292,literal-positional,4,217470999,13346865,false,false,literal-positional,,1,sgbs
142,a-common-literal,true,false,3,191467709,literal-positional,25,190691587,10007437,false,false,literal-positional,,1,secondCaptain
5,a-common-literal,true,false,60,190740915,literal-positional,56,247021088,13732692,false,false,literal-positional,,1,BreadCrumb
306,b-rare-literal,true,false,18,190287916,literal-positional,6,223129594,13526472,false,false,literal-positional,,1,zlas
377,c-phrase-literal,true,false,5,187018831,literal-positional,23,241519464,10007070,false,false,literal-positional,,1,def create_checkpoint
405,c-phrase-literal,true,false,16385,184752125,literal-positional,13701,229939529,10941684,false,false,literal-positional,,1,public class
380,c-phrase-literal,true,false,5,184379584,literal-positional,32,210633285,9774887,false,false,literal-positional,,1,def show_progress
210,b-rare-literal,true,false,3,184366458,literal-positional,3,217427242,13341688,false,false,literal-positional,,1,Gdoa
824,g-regex,false,false,0,177459082,regex-trigram,101,67440183,1135887,false,false,"lit-any(n=1,len=6-6)",18,1,"isReal[(){};,]"
606,f-high-frequency,true,false,53,175245625,literal-positional,10,144444296,8784730,false,false,literal-positional,,1,dLogDate
408,c-phrase-literal,true,false,7801,169967957,literal-positional,1035,253316933,10302606,false,false,literal-positional,,1,return null
131,a-common-literal,true,false,15,169801374,literal-positional,31,184199316,9934718,false,false,literal-positional,,1,payment_group_reference
795,g-regex,false,false,6,155888000,regex-trigram,44,144807549,2441076,false,false,"lit-any(n=1,len=7-7)",10,1,brumous[ \t]
282,b-rare-literal,true,false,1,155477208,literal-positional,4,171646824,8866628,false,false,literal-positional,,1,linearGradient6449
118,a-common-literal,true,false,26,154697748,literal-positional,111,194225617,9992225,false,false,literal-positional,,1,keepAlive
733,g-regex,false,false,4,154004083,regex-trigram,3,79388496,4664500,false,false,"lit-any(n=1,len=9-9)",1,1,\bOPENQUERY\b
122,a-common-literal,true,false,19,153682084,literal-positional,10,174290365,9769927,false,false,literal-positional,,1,maestri
621,f-high-frequency,true,false,96,153384457,literal-positional,10,168965067,9450336,false,false,literal-positional,,1,openTabstops
499,d-metachar-literal,true,false,3372,151495041,literal-positional,255,244935819,10250655,false,false,literal-positional,,1,a.b
69,a-common-literal,true,false,6,151066083,literal-positional,7,180366331,9839668,false,false,literal-positional,,1,acipenser_huso
138,a-common-literal,true,false,44,142035417,literal-positional,55,193379433,7215153,false,false,literal-positional,,1,registrar_param_history
830,g-regex,false,false,122,141141000,regex-trigram,31,108575802,2040121,false,false,"lit-any(n=1,len=7-7)",180,1,loyalty[ \t]
931,h-case-insensitive,true,true,2,140204417,regex-trigram,52,21031888,278768,false,false,"lit-any(n=16,len=5-5)",2,1,cAG9D
161,b-rare-literal,true,false,1,138487500,literal-positional,14,158013052,9711255,false,false,literal-positional,,1,AddToSetEach
94,a-common-literal,true,false,6,137556790,literal-positional,4,157659515,9702533,false,false,literal-positional,,1,creditCardFee
120,a-common-literal,true,false,4,136109706,literal-positional,14,141920723,8711362,false,false,literal-positional,,1,lines_added
130,a-common-literal,true,false,10,135118667,literal-positional,37,145627823,8803375,false,false,literal-positional,,1,output_type
133,a-common-literal,true,false,2,133631582,literal-positional,5,171775624,8867284,false,false,literal-positional,,1,postCreated
213,b-rare-literal,true,false,1,132997499,literal-positional,13,147347915,8857435,false,false,literal-positional,,1,HtmlGifTransparent
222,b-rare-literal,true,false,43,132994499,literal-positional,24,165926844,9731587,false,false,literal-positional,,1,M84
121,a-common-literal,true,false,24,130288583,literal-positional,5,141542563,8705148,false,false,literal-positional,,1,llGetMaxScaleFactor
158,b-rare-literal,true,false,1,127765832,literal-positional,2,143543035,8834844,false,false,literal-positional,,1,Abarbeitungs
78,a-common-literal,true,false,4,127427584,literal-positional,5,141551375,8703783,false,false,literal-positional,,1,baidu_rank
288,b-rare-literal,true,false,7,125600585,literal-positional,5,158417197,9711103,false,false,literal-positional,,1,p990
22,a-common-literal,true,false,3,125227500,literal-positional,2,141479762,8704463,false,false,literal-positional,,1,GeoAddAsync
155,a-common-literal,true,false,9,119313083,literal-positional,4,143536417,8750987,false,false,literal-positional,,1,zone_domains_tld_aarp
836,g-regex,false,false,48,118922625,regex-trigram,240,58569220,804637,false,false,"lit-any(n=1,len=4-4)",590,10,"nFor[(){};,]"
225,b-rare-literal,true,false,1,118831750,literal-positional,2,141378948,8701513,false,false,literal-positional,,1,NotePad
648,g-regex,false,false,56,117805166,regex-trigram,76,93365347,1600253,false,false,"lit-any(n=1,len=7-7)",122,1,Captain[ \t]
23,a-common-literal,true,false,7,114472125,literal-positional,4,145783898,8728819,false,false,literal-positional,,1,H346
414,c-phrase-literal,true,false,31590,111950876,literal-positional,3466,224817159,3880066,false,false,literal-positional,,1,to the
818,g-regex,false,false,11,110355666,regex-trigram,25,40720491,924950,false,false,"lit-any(n=1,len=8-8)",19,1,hrspacer[ \t]
1,a-common-literal,true,false,4,96298416,literal-positional,2,78027512,4773631,false,false,literal-positional,,1,Abgang
378,c-phrase-literal,true,false,5,91712542,literal-positional,9,108707727,4877052,false,false,literal-positional,,1,def do_backup_final
674,g-regex,false,false,14,88738667,regex-trigram,54,31060778,1006,false,false,"lit-any(n=1,len=5-5)",13,1,"IAASA[(){};,]"
654,g-regex,false,false,3,86001917,regex-trigram,6,2855373,881,false,false,"lit-any(n=1,len=6-6)",3,1,"EAAMlP[(){};,]"
655,g-regex,false,false,4,85188625,regex-trigram,6,829863,6,false,false,"lit-any(n=1,len=7-7)",4,1,"EAAOxgB[(){};,]"
278,b-rare-literal,true,false,2,84826458,literal-positional,4,79642242,4824439,false,false,literal-positional,,1,iguieren
89,a-common-literal,true,false,6,84390457,literal-positional,103,113289903,1667389,false,false,literal-positional,,1,consul_target
170,b-rare-literal,true,false,404,78851998,literal-positional,129,114287524,4969270,false,false,literal-positional,,1,BCD
937,h-case-insensitive,true,true,8,78488500,regex-trigram,2,849650,16957,false,false,"lit-any(n=32,len=6-6)",23,1,event_buffer_fd_set
398,c-phrase-literal,true,false,10,78014832,literal-positional,306,137333931,2191536,false,false,literal-positional,,1,if stream_option
668,g-regex,false,false,15,76317624,regex-trigram,49,61403459,164112,false,false,"lit-any(n=1,len=5-5)",14,1,"GAASD[(){};,]"
495,d-metachar-literal,true,false,30669,71784460,literal-positional,2443,140037656,2214428,false,false,literal-positional,,1,[0]
394,c-phrase-literal,true,false,7,70166499,literal-positional,274,92824216,1230053,false,false,literal-positional,,1,if mariadb_version
633,f-high-frequency,true,false,377,69743875,literal-positional,49,122423839,2618883,false,false,literal-positional,,1,withdrawal
790,g-regex,false,false,0,67993252,regex-trigram,4,29967359,765929,false,false,"lit-any(n=1,len=6-6)",0,1,"ahchoo[(){};,]"
650,g-regex,false,false,0,64330166,regex-trigram,0,0,0,false,false,"lit-any(n=1,len=11-11)",0,1,Dativobjekt[ \t]
659,g-regex,false,false,1,62121291,regex-trigram,15,4846192,890,false,false,"lit-any(n=1,len=7-7)",1,1,"EAAkBhI[(){};,]"
393,c-phrase-literal,true,false,87,61353459,literal-positional,48,72610559,1128687,false,false,literal-positional,,1,if int
87,a-common-literal,true,false,27,60032833,literal-positional,15,57166874,2106280,false,false,literal-positional,,1,concernedly
799,g-regex,false,false,28,58651040,regex-trigram,22,34124680,773614,false,false,"lit-any(n=1,len=3-3)",58,1,"ccb[(){};,]"
834,g-regex,false,false,0,58339166,regex-trigram,8,10957734,210011,false,false,"lit-any(n=1,len=12-12)",44,1,macroEnabled[ \t]
521,d-metachar-literal,true,false,437,56934332,literal-positional,178,45266762,486823,false,false,literal-positional,,1,results)
395,c-phrase-literal,true,false,8621,55818918,literal-positional,1698,138560879,2242114,false,false,literal-positional,,1,if not
413,c-phrase-literal,true,false,269,54704460,literal-positional,186,120802030,1735837,false,false,literal-positional,,1,to manage
512,d-metachar-literal,true,false,12455,52764167,literal-positional,1104,105731768,1746499,false,false,literal-positional,,1,i++
412,c-phrase-literal,true,false,420,51749248,literal-positional,74,121858437,1852449,false,false,literal-positional,,1,sum of
472,d-metachar-literal,true,false,42622,51021042,literal-positional,311,16644500,385676,false,false,literal-positional,,1,/*!50003
506,d-metachar-literal,true,false,2940,49834625,literal-positional,112,36395778,938131,false,false,literal-positional,,1,"cursor.row,"
124,a-common-literal,true,false,115,49716666,literal-positional,23,116328314,2483653,false,false,literal-positional,,1,modesty
803,g-regex,false,false,0,49063542,regex-trigram,3,79653,1808,false,false,"lit-any(n=1,len=9-9)",4,1,divTIShow$
516,d-metachar-literal,true,false,1583,47391543,literal-positional,244,99201143,2004912,false,false,literal-positional,,1,module.exports
480,d-metachar-literal,true,false,14327,43318209,literal-positional,2522,60133347,925608,false,false,literal-positional,,1,=> {
854,g-regex,false,false,19,42353418,regex-trigram,11,32729493,838189,false,false,"lit-any(n=1,len=3-3)",107,1,srv[ \t]
638,g-regex,false,false,0,42177958,regex-trigram,0,0,0,false,false,"all(lit-any(n=1,len=8-8),lit-any(n=1,len=7-7))",0,1,Apotheke.*EiEpqPM
85,a-common-literal,true,false,13,41676668,literal-positional,11,73831962,1935908,false,false,literal-positional,,1,caparisoned
817,g-regex,false,false,0,41572834,regex-trigram,17,39563169,831742,false,false,"lit-any(n=1,len=4-4)",5,1,hdml[ \t]
333,c-phrase-literal,true,false,76,39910167,literal-positional,18,441865,9967,false,false,literal-positional,,1,IF p_function
123,a-common-literal,true,false,14,39836084,literal-positional,12,96072765,2019797,false,false,literal-positional,,1,mediastinum
74,a-common-literal,true,false,20,39230624,literal-positional,13,94201244,1836832,false,false,literal-positional,,1,amazingly
701,g-regex,false,false,16,37615500,regex-trigram,34,7858045,129724,false,false,"lit-any(n=1,len=7-7)",10,10,XmlMode[ \t]
835,g-regex,false,false,0,37086334,regex-trigram,1,2228214,876,false,false,"all(lit-any(n=1,len=7-7),lit-any(n=1,len=6-6))",0,1,mystify.*SAAiBC
956,h-case-insensitive,true,true,4,35445167,regex-trigram,73,13778129,304363,false,false,"lit-any(n=8,len=4-4)",27,1,mysql_user_system
70,a-common-literal,true,false,11,35403250,literal-positional,44,57122513,884936,false,false,literal-positional,,1,activeConfig
605,f-high-frequency,true,false,1643,35376875,literal-positional,388,7555094,247439,false,false,literal-positional,,1,cflocation
690,g-regex,false,false,3,35052832,regex-trigram,5,1418583,5,false,false,"lit-any(n=1,len=7-7)",3,1,"SAAUnoB[(){};,]"
6,a-common-literal,true,false,7,34701585,literal-positional,7,1505983,7,false,false,literal-positional,,1,CAAChL
403,c-phrase-literal,true,false,149,34387418,literal-positional,57,82824588,2030713,false,false,literal-positional,,1,loop through
370,c-phrase-literal,true,false,54,34264917,literal-positional,110,75885259,597593,false,false,literal-positional,,1,button icon
728,g-regex,false,false,4,32518460,regex-trigram,5,2757552,880,false,false,"lit-any(n=1,len=7-7)",3,1,\bEAAUxnB\b
402,c-phrase-literal,true,false,20,31178167,literal-positional,22,39189124,1080094,false,false,literal-positional,,1,log them
137,a-common-literal,true,false,24,29577333,literal-positional,8,26680827,716403,false,false,literal-positional,,1,qpress
505,d-metachar-literal,true,false,2148,29493668,literal-positional,174,52577524,980436,false,false,literal-positional,,1,a|b
99,a-common-literal,true,false,6,28035791,literal-positional,14,35320953,1011646,false,false,literal-positional,,1,def_timezone
379,c-phrase-literal,true,false,5,27832041,literal-positional,18,30625421,719759,false,false,literal-positional,,1,def get_files
365,c-phrase-literal,true,false,46173,27712750,literal-positional,45,6781628,113095,false,false,literal-positional,,1,VALUES LESS
315,c-phrase-literal,true,false,534,27070917,literal-positional,193,56986658,925812,false,false,literal-positional,,1,Check if
399,c-phrase-literal,true,false,4366,26563625,literal-positional,835,58118703,743930,false,false,literal-positional,,1,img src
466,d-metachar-literal,true,false,3103,25515541,literal-positional,604,76251878,832185,false,false,literal-positional,,1,");"""
611,f-high-frequency,true,false,659,24312334,literal-positional,173,36634374,499697,false,false,literal-positional,,1,focusout
493,d-metachar-literal,true,false,1920,23840084,literal-positional,1914,19631148,481502,false,false,literal-positional,,1,System.Text;
528,d-metachar-literal,true,false,332,23208502,literal-positional,63,5070025,125414,false,false,literal-positional,,1,"varchar(255),"
679,g-regex,false,false,3,22356918,regex-trigram,4,2598300,879,false,false,"lit-any(n=1,len=6-6)",3,1,"KAAWoQ[(){};,]"
264,b-rare-literal,true,false,16,22341541,literal-positional,9,38310209,1039009,false,false,literal-positional,,1,croaky
465,d-metachar-literal,true,false,996,22218375,literal-positional,283,96172316,979380,false,false,literal-positional,,1,(x)
675,g-regex,false,false,21,21880584,regex-trigram,55,23777552,278,false,false,"lit-any(n=1,len=4-4)",30,10,"IACR[(){};,]"
154,a-common-literal,true,false,19,21815626,literal-positional,6,1049950,18396,false,false,literal-positional,,1,wiki_derived_available
314,c-phrase-literal,true,false,34,21117794,literal-positional,871,45312204,598752,false,false,literal-positional,,1,Add new
757,g-regex,false,false,0,20949667,regex-trigram,20,27770172,2122,false,false,"lit-any(n=1,len=6-6)",3,1,^[\t ]*EAAGqB
471,d-metachar-literal,true,false,16,20943374,literal-positional,16,3915587,57609,false,false,literal-positional,,1,.d-table-cell
507,d-metachar-literal,true,false,8,20659708,literal-positional,19,3312698,90224,false,false,literal-positional,,1,date('1900-01-01')
115,a-common-literal,true,false,22,20625001,literal-positional,15,55389465,828159,false,false,literal-positional,,1,ip_start
150,a-common-literal,true,false,7,20504874,literal-positional,5,26885759,723486,false,false,literal-positional,,1,tokenProperties
441,d-metachar-literal,true,false,1496,19289376,literal-positional,62,3684382,53297,false,false,literal-positional,,1,$result
513,d-metachar-literal,true,false,9339,19068291,literal-positional,106,22813791,390848,false,false,literal-positional,,1,int(10)
381,c-phrase-literal,true,false,10,18901750,literal-positional,9,27611468,742603,false,false,literal-positional,,1,def signal_handler
731,g-regex,false,false,3,18158792,regex-trigram,8,4337753,1803,false,false,"lit-any(n=1,len=6-6)",3,1,\bOAAQic\b
269,b-rare-literal,true,false,80,17514875,literal-positional,3,5422456,122519,false,false,literal-positional,,1,estibot_droplist_ea
389,c-phrase-literal,true,false,7,16691041,literal-positional,12,51430595,288899,false,false,literal-positional,,1,from optparse
435,d-metachar-literal,true,false,3,16659375,literal-positional,1,13082,351,false,false,literal-positional,,1,$PartitionInfoFile
511,d-metachar-literal,true,false,21,16503958,literal-positional,26,44718142,326823,false,false,literal-positional,,1,group_concat(case
192,b-rare-literal,true,false,1,16451293,literal-positional,1,125107,1,false,false,literal-positional,,1,EAAW9N
20,a-common-literal,true,false,4,16051165,literal-positional,4,750477,4,false,false,literal-positional,,1,GAAMrC
475,d-metachar-literal,true,false,4,15392124,literal-positional,24,10759210,61327,false,false,literal-positional,,1,10.0.70.0
404,c-phrase-literal,true,false,70,15236583,literal-positional,49,41453274,340355,false,false,literal-positional,,1,move them
382,c-phrase-literal,true,false,10,15138917,literal-positional,1,25042,697,false,false,literal-positional,,1,def start_backup
610,f-high-frequency,true,false,80,15032541,literal-positional,3,5422446,122518,false,false,literal-positional,,1,estibot_droplist_cd
59,a-common-literal,true,false,12,14702750,literal-positional,12,35455108,297494,false,false,literal-positional,,1,__zr_style_
63,a-common-literal,true,false,4,14452499,literal-positional,9,762039,12417,false,false,literal-positional,,1,_regionConfidence
193,b-rare-literal,true,false,1,14421332,literal-positional,7,940078,7,false,false,literal-positional,,1,EAAkBjD
415,c-phrase-literal,true,false,14,14369959,literal-positional,12,26708366,716652,false,false,literal-positional,,1,use tc_mysqlmgmt
533,d-metachar-literal,true,false,776,14013583,literal-positional,89,15214284,446020,false,false,literal-positional,,1,|sed
652,g-regex,false,false,2,13875748,regex-trigram,28,15239440,213394,false,false,"all(lit-any(n=1,len=1-1),lit-any(n=1,len=3-3))",33,1,E.uBE
477,d-metachar-literal,true,false,14,13743207,literal-positional,11,68608,1871,false,false,literal-positional,,1,255.0.0.0
436,d-metachar-literal,true,false,3,13601458,literal-positional,1,7779,219,false,false,literal-positional,,1,$Partitions2Archive
14,a-common-literal,true,false,3,13480127,literal-positional,3,370086,3,false,false,literal-positional,,1,EAASxP
397,c-phrase-literal,true,false,5,13356541,literal-positional,26,36422432,413004,false,false,literal-positional,,1,if snapshot_dir
517,d-metachar-literal,true,false,7,13314793,literal-positional,3,26676951,715856,false,false,literal-positional,,1,"now(utc=False,"
994,i-unicode,true,false,1391,13262291,literal-positional,294,50425916,507586,false,false,literal-positional,,1,—
96,a-common-literal,true,false,8,12646500,literal-positional,2,157030,2877,false,false,literal-positional,,1,date_ge_timestamptz
987,i-unicode,true,false,4,12621707,literal-positional,5,28219793,846180,false,false,literal-positional,,1,cadalozlaşmak
669,g-regex,false,false,0,12475667,regex-trigram,0,0,0,false,false,"all(lit-any(n=1,len=7-7),lit-any(n=1,len=8-8))",0,1,GAAYrvB.*rightful
297,b-rare-literal,true,false,1,12105333,literal-positional,5,31822374,206658,false,false,literal-positional,,1,test_stop
532,d-metachar-literal,true,false,1279,11807542,literal-positional,144,15349713,449701,false,false,literal-positional,,1,|cut
425,d-metachar-literal,true,false,713,11766291,literal-positional,229,31439942,597552,false,false,literal-positional,,1,"""+"""
682,g-regex,false,false,0,11284332,regex-trigram,10,19422600,19952,false,false,"lit-any(n=1,len=6-6)",3,1,OAAOuS$
13,a-common-literal,true,false,6,11148916,literal-positional,8,1302200,15,false,false,literal-positional,,1,EAAOwsB
330,c-phrase-literal,true,false,2,10953500,literal-positional,1,1207,21,false,false,literal-positional,,1,FROM vsphere_vm_info_latest
391,c-phrase-literal,true,false,5,10779002,literal-positional,4,14300646,351822,false,false,literal-positional,,1,get datadir
410,c-phrase-literal,true,false,1,10773042,literal-positional,8,1187024,75817,false,false,literal-positional,,1,select volume
358,c-phrase-literal,true,false,7,10744041,literal-positional,11,783332,14466,false,false,literal-positional,,1,SELECT partition_name
419,c-phrase-literal,true,false,18,10716417,literal-positional,12,31737481,206985,false,false,literal-positional,,1,while not
459,d-metachar-literal,true,false,100,10715000,literal-positional,65,1084323,27511,false,false,literal-positional,,1,'{print
234,b-rare-literal,true,false,1,10398915,literal-positional,1,2602,80,false,false,literal-positional,,1,RabbitMqData
667,g-regex,false,false,0,10351208,regex-trigram,1,2228214,876,false,false,"all(lit-any(n=1,len=6-6),lit-any(n=1,len=6-6))",0,1,GAAQyU.*admisi
446,d-metachar-literal,true,false,393,10321999,literal-positional,14,68055,2361,false,false,literal-positional,,1,$vmName
350,c-phrase-literal,true,false,2,10175706,literal-positional,2,100751,364,false,false,literal-positional,,1,PARTITION p_20210201
592,f-high-frequency,true,false,30,9945667,literal-positional,29,4054420,29,false,false,literal-positional,,1,EAAYC
82,a-common-literal,true,false,3,9618125,literal-positional,2,279225,5656,false,false,literal-positional,,1,boss_spoke
111,a-common-literal,true,false,6,9559959,literal-positional,6,3679477,85521,false,false,literal-positional,,1,idx_acctuser
229,b-rare-literal,true,false,2,9540334,literal-positional,2,447031,2,false,false,literal-positional,,1,QAAIiN
49,a-common-literal,true,false,14,9453250,literal-positional,4,395940,6865,false,false,literal-positional,,1,TLDCount
518,d-metachar-literal,true,false,803,9436293,literal-positional,142,9637429,65987,false,false,literal-positional,,1,overflow:hidden;}
429,d-metachar-literal,true,false,2,9404166,literal-positional,2,1973,59,false,false,literal-positional,,1,#+$Info.HostName
79,a-common-literal,true,false,18,9308669,literal-positional,9,263389,6185,false,false,literal-positional,,1,bgTextureHover
470,d-metachar-literal,true,false,240,9202583,literal-positional,2,4340,177,false,false,literal-positional,,1,.ace-xcode
332,c-phrase-literal,true,false,32,9105833,literal-positional,16,429614,9751,false,false,literal-positional,,1,IF p_file_format
159,b-rare-literal,true,false,1,9074167,literal-positional,1,2167892,133394,false,false,literal-positional,,1,Abschwellen
537,d-metachar-literal,true,false,42,8565249,literal-positional,10,115494,3266,false,false,literal-positional,,1,}}\\Virtual
622,f-high-frequency,true,false,84,8457957,literal-positional,16,2236260,37245,false,false,literal-positional,,1,owned_registrar_id
184,b-rare-literal,true,false,1,8402458,literal-positional,1,137960,1,false,false,literal-positional,,1,EAAEsc
453,d-metachar-literal,true,false,3,8022748,literal-positional,2,20861,570,false,false,literal-positional,,1,${TmpDir}/*.out
323,c-phrase-literal,true,false,1574,7847000,literal-positional,116,11067290,270692,false,false,literal-positional,,1,END IF
12,a-common-literal,true,false,5,7766208,literal-positional,4,702061,4,false,false,literal-positional,,1,EAAO6a
392,c-phrase-literal,true,false,5,7753666,literal-positional,11,112933,3257,false,false,literal-positional,,1,global logger
534,d-metachar-literal,true,false,4715,7586209,literal-positional,640,13794608,237905,false,false,literal-positional,,1,"}}"""
334,c-phrase-literal,true,false,64,7569124,literal-positional,21,1789900,43233,false,false,literal-positional,,1,IF p_type_part
21,a-common-literal,true,false,1,7467748,literal-positional,5,1192654,5,false,false,literal-positional,,1,GAAmB9E
383,c-phrase-literal,true,false,4,7452708,literal-positional,1,6578,126,false,false,literal-positional,,1,echo  DESTINATION
15,a-common-literal,true,false,1,7429750,literal-positional,2,376173,2,false,false,literal-positional,,1,EAAmBtC
175,b-rare-literal,true,false,1,7401750,literal-positional,1,2167892,133394,false,false,literal-positional,,1,Bohlenflo
35,a-common-literal,true,false,247,7257249,literal-positional,16,2483276,35219,false,false,literal-positional,,1,Lucene
468,d-metachar-literal,true,false,6,7208083,literal-positional,3,9943,197,false,false,literal-positional,,1,--user=$MySQLUser
396,c-phrase-literal,true,false,388,7196876,literal-positional,8,391603,9423,false,false,literal-positional,,1,if self
525,d-metachar-literal,true,false,15,7176958,literal-positional,2,553434,16209,false,false,literal-positional,,1,this.pad('{{
312,c-phrase-literal,true,false,276,7038959,literal-positional,39,611329,14207,false,false,literal-positional,,1,AND table_name
147,a-common-literal,true,false,39,7029874,literal-positional,13,30950615,218525,false,false,literal-positional,,1,subscribes
496,d-metachar-literal,true,false,105,7026375,literal-positional,24,12159709,341289,false,false,literal-positional,,1,[openbsd]
500,d-metachar-literal,true,false,12,6984458,literal-positional,7,52717,1690,false,false,literal-positional,,1,ansible.builtin.copy:
194,b-rare-literal,true,false,1,6970916,literal-positional,1,113318,1,false,false,literal-positional,,1,EACH1C
428,d-metachar-literal,true,false,4875,6950749,literal-positional,578,8406576,201218,false,false,literal-positional,,1,"""{{"
185,b-rare-literal,true,false,1,6874791,literal-positional,1,105346,1,false,false,literal-positional,,1,EAAK64B
439,d-metachar-literal,true,false,2,6870876,literal-positional,1,3285,93,false,false,literal-positional,,1,$TmpDir/Apps.tar
618,f-high-frequency,true,false,246,6852833,literal-positional,64,8239610,140435,false,false,literal-positional,,1,lorDepth
369,c-phrase-literal,true,false,2,6800502,literal-positional,71,457622,12447,false,false,literal-positional,,1,basic Steps
140,a-common-literal,true,false,9,6790792,literal-positional,6,15989552,430638,false,false,literal-positional,,1,ruthlessly
865,g-regex,false,false,0,6619168,regex-trigram,0,0,0,false,false,"all(lit-any(n=1,len=6-6),lit-any(n=1,len=7-7))",0,1,wheelY.*GACJgkC
463,d-metachar-literal,true,false,226,6499627,literal-positional,59,38930047,328787,false,false,literal-positional,,1,(//
313,c-phrase-literal,true,false,3,6374459,literal-positional,2,14006,307,false,false,literal-positional,,1,AND time
328,c-phrase-literal,true,false,482,6361041,literal-positional,87,2382240,57302,false,false,literal-positional,,1,FROM information_schema
320,c-phrase-literal,true,false,125,6235208,literal-positional,27,3484762,92633,false,false,literal-positional,,1,DROP TEMPORARY
110,a-common-literal,true,false,8,6201626,literal-positional,2,849650,16957,false,false,literal-positional,,1,httpresponse_setetag
11,a-common-literal,true,false,5,6194208,literal-positional,5,695884,5,false,false,literal-positional,,1,EAAM3L
113,a-common-literal,true,false,29,6094043,literal-positional,4,50913,1825,false,false,literal-positional,,1,inputElements
509,d-metachar-literal,true,false,14,6042333,literal-positional,11,979796,16685,false,false,literal-positional,,1,function.</summary>
366,c-phrase-literal,true,false,75,5937793,literal-positional,26,3441968,91586,false,false,literal-positional,,1,WHERE NOT
420,c-phrase-literal,true,false,44,5920918,literal-positional,32,6254156,118995,false,false,literal-positional,,1,would need
758,g-regex,false,false,0,5906083,regex-trigram,18,3970480,819,false,false,"lit-any(n=1,len=6-6)",9,1,^[\t ]*EAAKwG
284,b-rare-literal,true,false,1,5693749,literal-positional,3,4796,126,false,false,literal-positional,,1,max_concurrent_requests
188,b-rare-literal,true,false,2,5693582,literal-positional,2,249061,2,false,false,literal-positional,,1,EAANnC
291,b-rare-literal,true,false,1,5677958,literal-positional,1,72277,2268,false,false,literal-positional,,1,radialGradient12636
658,g-regex,false,false,0,5589625,regex-trigram,0,0,0,false,false,"lit-any(n=1,len=7-7)",0,1,EAAgBxO[ \t]
299,b-rare-literal,true,false,8,5588290,literal-positional,7,4243490,95149,false,false,literal-positional,,1,upgrade_count
481,d-metachar-literal,true,false,1,5557832,literal-positional,1,13082,351,false,false,literal-positional,,1,>=a.min_id
308,c-phrase-literal,true,false,7,5546249,literal-positional,7,62008,1336,false,false,literal-positional,,1,A procedure
478,d-metachar-literal,true,false,3,5393124,literal-positional,4,9547215,234369,false,false,literal-positional,,1,395.121
460,d-metachar-literal,true,false,726,5344791,literal-positional,114,11334521,230405,false,false,literal-positional,,1,'{{
277,b-rare-literal,true,false,4,5295125,literal-positional,1,2167892,133394,false,false,literal-positional,,1,hlungsergebnis
295,b-rare-literal,true,false,1,5141874,literal-positional,1,33717,930,false,false,literal-positional,,1,stop2625
443,d-metachar-literal,true,false,112,5123041,literal-positional,19,3931924,16060,false,false,literal-positional,,1,$value
279,b-rare-literal,true,false,1,4875293,literal-positional,1,79347,2067,false,false,literal-positional,,1,jira_affected_user
191,b-rare-literal,true,false,1,4817250,literal-positional,1,316181,1,false,false,literal-positional,,1,EAAW6J
503,d-metachar-literal,true,false,20,4744836,literal-positional,19,186978,5964,false,false,literal-positional,,1,ansible.posix.mount:
386,c-phrase-literal,true,false,5,4709916,literal-positional,1,25042,697,false,false,literal-positional,,1,elif opts
215,b-rare-literal,true,false,4,4709832,literal-positional,4,15151108,4,false,false,literal-positional,,1,IAC3J
189,b-rare-literal,true,false,2,4703749,literal-positional,7,1095293,7,false,false,literal-positional,,1,EAAQxvB
384,c-phrase-literal,true,false,64,4680540,literal-positional,10,64615,1896,false,false,literal-positional,,1,echo ERROR
344,c-phrase-literal,true,false,2,4590960,literal-positional,2,100751,364,false,false,literal-positional,,1,PARTITION p_20201001
531,d-metachar-literal,true,false,38,4588168,literal-positional,8,76330,2009,false,false,literal-positional,,1,|Out-File
390,c-phrase-literal,true,false,120,4488249,literal-positional,30,3356846,79927,false,false,literal-positional,,1,function JSX
702,g-regex,false,false,0,4454001,regex-trigram,0,0,0,false,false,"lit-any(n=1,len=6-6)",0,1,YAAMiC[ \t]
337,c-phrase-literal,true,false,2,4414417,literal-positional,4,120958,717,false,false,literal-positional,,1,PARTITION p_20200525
996,i-unicode,true,false,442,4303290,literal-positional,117,3983968,104834,false,false,literal-positional,,1,→
153,a-common-literal,true,false,3,4227793,literal-positional,3,23189,203,false,false,literal-positional,,1,whoislog_readonly
438,d-metachar-literal,true,false,4,4188667,literal-positional,1,2336,60,false,false,literal-positional,,1,$SVCFile
61,a-common-literal,true,false,8,4183373,literal-positional,2,142988,3101,false,false,literal-positional,,1,_maximumAttachmentSize
464,d-metachar-literal,true,false,661,4142543,literal-positional,109,9360186,196132,false,false,literal-positional,,1,(SELECT
27,a-common-literal,true,false,7,4134457,literal-positional,6,1070380,6,false,false,literal-positional,,1,IAAKE
430,d-metachar-literal,true,false,545,4103167,literal-positional,187,487107,12766,false,false,literal-positional,,1,$(cat
349,c-phrase-literal,true,false,2,3922292,literal-positional,2,100751,364,false,false,literal-positional,,1,PARTITION p_20201231
309,c-phrase-literal,true,false,32,3780792,literal-positional,31,1077047,27338,false,false,literal-positional,,1,A script
442,d-metachar-literal,true,false,418,3773458,literal-positional,44,153136,4910,false,false,literal-positional,,1,$result.changed
319,c-phrase-literal,true,false,94,3729332,literal-positional,32,3644911,96155,false,false,literal-positional,,1,DROP FUNCTION
101,a-common-literal,true,false,3,3722459,literal-positional,1,21762,399,false,false,literal-positional,,1,dwm_add_new
287,b-rare-literal,true,false,36,3650710,literal-positional,1,159302,7016,false,false,literal-positional,,1,nnosla
504,d-metachar-literal,true,false,6,3604251,literal-positional,3,41039,1180,false,false,literal-positional,,1,ansible_ssh_pass={{
594,f-high-frequency,true,false,6000,3578917,literal-positional,16,3946347,52025,false,false,literal-positional,,1,FullBackups
502,d-metachar-literal,true,false,83,3490375,literal-positional,38,278934,8636,false,false,literal-positional,,1,ansible.builtin.file:
501,d-metachar-literal,true,false,10,3469917,literal-positional,2,12251,377,false,false,literal-positional,,1,ansible.builtin.fetch:
437,d-metachar-literal,true,false,4,3427459,literal-positional,1,3285,93,false,false,literal-positional,,1,$PemFile
190,b-rare-literal,true,false,2,3368124,literal-positional,2,264740,2,false,false,literal-positional,,1,EAAStL
71,a-common-literal,true,false,10,3363750,literal-positional,3,51825,1128,false,false,literal-positional,,1,admin_cc_rep
289,b-rare-literal,true,false,1,3344791,literal-positional,9,6060732,97825,false,false,literal-positional,,1,p_20180327
432,d-metachar-literal,true,false,1280,3323999,literal-positional,7,97536,3305,false,false,literal-positional,,1,$0\n\
515,d-metachar-literal,true,false,2,3319998,literal-positional,1,10461,320,false,false,literal-positional,,1,"match(""18"")"
691,g-regex,false,false,0,3315541,regex-trigram,0,0,0,false,false,"lit-any(n=1,len=7-7)",0,1,SAAyBpG[ \t]
385,c-phrase-literal,true,false,138,3289667,literal-positional,16,769593,30335,false,false,literal-positional,,1,echo Error
476,d-metachar-literal,true,false,980,3284333,literal-positional,102,2720162,39416,false,false,literal-positional,,1,10.0.80.13
104,a-common-literal,true,false,13,3271833,literal-positional,4,209642,4704,false,false,literal-positional,,1,fl_count
26,a-common-literal,true,false,9,3259333,literal-positional,9,4222849,16,false,false,literal-positional,,1,IAAIjE
310,c-phrase-literal,true,false,1378,3253376,literal-positional,33,951049,15333,false,false,literal-positional,,1,ADD PARTITION
486,d-metachar-literal,true,false,213,3249292,literal-positional,44,4133309,108264,false,false,literal-positional,,1,CAST(
734,g-regex,false,false,1,3193334,regex-trigram,12,4438806,901,false,false,"lit-any(n=1,len=7-7)",1,1,\bQACjBnK\b
426,d-metachar-literal,true,false,204,3154083,literal-positional,153,4439544,103609,false,false,literal-positional,,1,""".NET"
596,f-high-frequency,true,false,41,3128207,literal-positional,39,8106456,498,false,false,literal-positional,,1,IAAf
820,g-regex,false,false,0,3102000,regex-trigram,1,2228214,876,false,false,"all(lit-any(n=1,len=5-5),lit-any(n=1,len=6-6))",0,1,iBAGR.*IAUNrG
186,b-rare-literal,true,false,1,3074582,literal-positional,1,219918,1,false,false,literal-positional,,1,EAAMlc
741,g-regex,false,false,2,3056416,regex-trigram,3,2736874,878,false,false,"lit-any(n=1,len=5-5)",2,1,\beAsVX\b
661,g-regex,false,false,3,2974042,regex-trigram,5,1399344,5,false,false,"lit-any(n=1,len=5-5)",3,1,"ECjCc[(){};,]"
346,c-phrase-literal,true,false,2,2952000,literal-positional,8,5674902,90760,false,false,literal-positional,,1,PARTITION p_20201022
214,b-rare-literal,true,false,1,2867670,literal-positional,1,74930,326,false,false,literal-positional,,1,Humacao_069
687,g-regex,false,false,1,2847375,regex-trigram,9,1412027,16,false,false,"lit-any(n=1,len=6-6)",1,1,"QACrEC[(){};,]"
357,c-phrase-literal,true,false,2,2825083,literal-positional,1,12616,271,false,false,literal-positional,,1,SELECT mean
40,a-common-literal,true,false,8,2819458,literal-positional,2,130144,1465,false,false,literal-positional,,1,NoSuchFileError
230,b-rare-literal,true,false,1,2796832,literal-positional,1,192479,1,false,false,literal-positional,,1,QAC9BvW
372,c-phrase-literal,true,false,998,2754498,literal-positional,114,2749843,90275,false,false,literal-positional,,1,cfelseif u
66,a-common-literal,true,false,2,2695375,literal-positional,2,2341114,120233,false,false,literal-positional,,1,abrenunciar
168,b-rare-literal,true,false,1,2589083,literal-positional,1,219918,1,false,false,literal-positional,,1,BAACjF
146,a-common-literal,true,false,12,2481709,literal-positional,3,1203044,22385,false,false,literal-positional,,1,subPixelFix
171,b-rare-literal,true,false,1,2477834,literal-positional,1,2167892,133394,false,false,literal-positional,,1,Bedingtheit
187,b-rare-literal,true,false,1,2412666,literal-positional,1,105346,1,false,false,literal-positional,,1,EAAMsR
307,b-rare-literal,true,false,2,2398667,literal-positional,2,403716,7411,false,false,literal-positional,,1,zonefile_search2
228,b-rare-literal,true,false,1,2379666,literal-positional,3,571311,3,false,false,literal-positional,,1,QAAE0rB
355,c-phrase-literal,true,false,14,2331706,literal-positional,58,1323712,34600,false,false,literal-positional,,1,Run Sync
221,b-rare-literal,true,false,2,2274832,literal-positional,2,17111,464,false,false,literal-positional,,1,LaunchConfig
223,b-rare-literal,true,false,1,2220083,literal-positional,1,109089,1,false,false,literal-positional,,1,MAAlCkE
205,b-rare-literal,true,false,1,2189250,literal-positional,6,1085033,6,false,false,literal-positional,,1,GAAI5sB
376,c-phrase-literal,true,false,5,2185541,literal-positional,1,25042,697,false,false,literal-positional,,1,def backup_using_wdt
203,b-rare-literal,true,false,3,2124416,literal-positional,3,5082266,152495,false,false,literal-positional,,1,FNRm
97,a-common-literal,true,false,8,2042958,literal-positional,2,849650,16957,false,false,literal-positional,,1,db2_num_rows
347,c-phrase-literal,true,false,2,2006126,literal-positional,2,100751,364,false,false,literal-positional,,1,PARTITION p_20201228
367,c-phrase-literal,true,false,289,1996750,literal-positional,49,679432,15737,false,false,literal-positional,,1,WHERE table_schema
469,d-metachar-literal,true,false,1874,1986167,literal-positional,177,484229,9188,false,false,literal-positional,,1,.ForMember(d
177,b-rare-literal,true,false,1,1970792,literal-positional,1,316181,1,false,false,literal-positional,,1,CAC3C3oB
491,d-metachar-literal,true,false,1,1935623,literal-positional,1,7779,219,false,false,literal-positional,,1,MinId=$StartingID
28,a-common-literal,true,false,2,1924291,literal-positional,5,1009898,5,false,false,literal-positional,,1,IAAM0xB
700,g-regex,false,false,0,1882957,regex-trigram,27,6087959,909,false,false,"lit-any(n=1,len=6-6)",3,1,WACtBC$
243,b-rare-literal,true,false,1,1850875,literal-positional,1,74930,326,false,false,literal-positional,,1,Veraguas_10
318,c-phrase-literal,true,false,87,1841334,literal-positional,25,3646250,96920,false,false,literal-positional,,1,DEALLOCATE PREPARE
988,i-unicode,true,false,21,1833417,literal-positional,4,2542630,116375,false,false,literal-positional,,1,café
345,c-phrase-literal,true,false,2,1822542,literal-positional,2,100751,364,false,false,literal-positional,,1,PARTITION p_20201005
331,c-phrase-literal,true,false,2,1778084,literal-positional,2,15415,346,false,false,literal-positional,,1,Get GTID
311,c-phrase-literal,true,false,22,1764626,literal-positional,20,448386,10110,false,false,literal-positional,,1,AND DATE_ADD
41,a-common-literal,true,false,3,1721793,literal-positional,3,370086,3,false,false,literal-positional,,1,OAASjR
226,b-rare-literal,true,false,1,1631708,literal-positional,1,192479,1,false,false,literal-positional,,1,OAAO5f
206,b-rare-literal,true,false,1,1618043,literal-positional,1,53753,1,false,false,literal-positional,,1,GAAgBjM
207,b-rare-literal,true,false,1,1587083,literal-positional,1,137960,1,false,false,literal-positional,,1,GAAkBj6B
294,b-rare-literal,true,false,4,1574418,literal-positional,2,283401,5454,false,false,literal-positional,,1,sideboxBeige_b
535,d-metachar-literal,true,false,216,1561042,literal-positional,74,1365892,31081,false,false,literal-positional,,1,"}}"","
729,g-regex,false,false,1,1554793,regex-trigram,3,2571886,878,false,false,"lit-any(n=1,len=7-7)",1,1,\bKAGxDsF\b
242,b-rare-literal,true,false,1,1500541,literal-positional,1,241519,4753,false,false,literal-positional,,1,Variations_
216,b-rare-literal,true,false,1,1463583,literal-positional,1,105346,1,false,false,literal-positional,,1,KAAOyG
83,a-common-literal,true,false,8,1458707,literal-positional,1,23162,256,false,false,literal-positional,,1,bwperim
732,g-regex,false,false,1,1453584,regex-trigram,1,53959,1,false,false,"lit-any(n=1,len=6-6)",1,1,\bOACLhF\b
241,b-rare-literal,true,false,1,1446958,literal-positional,1,6221,93,false,false,literal-positional,,1,UnitrendsVMBackup
275,b-rare-literal,true,false,20,1392207,literal-positional,12,7798973,75214,false,false,literal-positional,,1,h1K
458,d-metachar-literal,true,false,63,1378416,literal-positional,16,2158836,64802,false,false,literal-positional,,1,'\n';
375,c-phrase-literal,true,false,107,1377542,literal-positional,14,427589,10445,false,false,literal-positional,,1,def __init__
348,c-phrase-literal,true,false,2,1367708,literal-positional,2,100751,364,false,false,literal-positional,,1,PARTITION p_20201230
240,b-rare-literal,true,false,1,1365374,literal-positional,1,316181,1,false,false,literal-positional,,1,UAAWc
58,a-common-literal,true,false,5,1365042,literal-positional,5,3017083,85410,false,false,literal-positional,,1,YtOq
163,b-rare-literal,true,false,1,1356208,literal-positional,1,74930,326,false,false,literal-positional,,1,Ana_M3
351,c-phrase-literal,true,false,2,1310210,literal-positional,2,100751,364,false,false,literal-positional,,1,PARTITION p_20210205
37,a-common-literal,true,false,3,1264666,literal-positional,3,370086,3,false,false,literal-positional,,1,MAAU2I
36,a-common-literal,true,false,3,1229541,literal-positional,3,421548,3,false,false,literal-positional,,1,MAAMlI
327,c-phrase-literal,true,false,20,1203457,literal-positional,19,443924,10010,false,false,literal-positional,,1,FROM day_num
764,g-regex,false,false,0,1169499,regex-trigram,7,2723910,195,false,false,"lit-any(n=1,len=5-5)",2,1,^[\t ]*IAuBK
98,a-common-literal,true,false,8,1155000,literal-positional,2,849650,16957,false,false,literal-positional,,1,dbplus_sql
356,c-phrase-literal,true,false,36,1153375,literal-positional,16,2243972,50024,false,false,literal-positional,,1,SELECT g
132,a-common-literal,true,false,8,1140583,literal-positional,5,203414,4033,false,false,literal-positional,,1,poly_in
698,g-regex,false,false,2,1135584,regex-trigram,8,2397206,245,false,false,"all(lit-any(n=1,len=1-1),lit-any(n=1,len=4-4))",2,1,W.BzBW
530,d-metachar-literal,true,false,52,1118956,literal-positional,13,2002245,2430,false,false,literal-positional,,1,{role:
62,a-common-literal,true,false,2,1114458,literal-positional,1,5973,151,false,false,literal-positional,,1,_memCacheKey
322,c-phrase-literal,true,false,34,1083499,literal-positional,6,54678,1824,false,false,literal-positional,,1,Dynamic mem
60,a-common-literal,true,false,10,1052706,literal-positional,7,2732088,48463,false,false,literal-positional,,1,_goodBad
292,b-rare-literal,true,false,3,1040042,literal-positional,3,1156584,33509,false,false,literal-positional,,1,s3sxcCLjJfsBi
76,a-common-literal,true,false,57,1037918,literal-positional,19,2948747,36310,false,false,literal-positional,,1,avg_us
303,b-rare-literal,true,false,7,1012332,literal-positional,5,2311015,6377,false,false,literal-positional,,1,v307
444,d-metachar-literal,true,false,34,980833,literal-positional,6,54678,1824,false,false,literal-positional,,1,$vmMemoryMax
990,i-unicode,true,false,5,979750,literal-positional,3,1069114,72411,false,false,literal-positional,,1,naïve
44,a-common-literal,true,false,3,959000,literal-positional,3,985006,28714,false,false,literal-positional,,1,QIZrnhueC1W0gYlDEeaPr
989,i-unicode,true,false,1,958626,literal-positional,1,8048,185,false,false,literal-positional,,1,cluster’s
268,b-rare-literal,true,false,1,934208,literal-positional,1,316181,1,false,false,literal-positional,,1,eAAe3U
105,a-common-literal,true,false,9,909708,literal-positional,3,2161274,49537,false,false,literal-positional,,1,fpcrj9c3d
246,b-rare-literal,true,false,1,881543,literal-positional,1,59391,1,false,false,literal-positional,,1,YAAsBgF
487,d-metachar-literal,true,false,80,838999,literal-positional,19,443924,10010,false,false,literal-positional,,1,"DATE),"
342,c-phrase-literal,true,false,2,838000,literal-positional,2,100751,364,false,false,literal-positional,,1,PARTITION p_20200823
129,a-common-literal,true,false,4,835541,literal-positional,4,1770527,51246,false,false,literal-positional,,1,oOCtoJ3F17kglZC
339,c-phrase-literal,true,false,2,835002,literal-positional,2,100751,364,false,false,literal-positional,,1,PARTITION p_20200730
514,d-metachar-literal,true,false,3,827998,literal-positional,3,16164,516,false,false,literal-positional,,1,ip_addr)
181,b-rare-literal,true,false,1,811791,literal-positional,1,74930,326,false,false,literal-positional,,1,Coahuila_07
338,c-phrase-literal,true,false,2,805250,literal-positional,4,120958,717,false,false,literal-positional,,1,PARTITION p_20200610
388,c-phrase-literal,true,false,8,770497,literal-positional,8,182942,541,false,false,literal-positional,,1,flush logs
340,c-phrase-literal,true,false,2,759707,literal-positional,2,100751,364,false,false,literal-positional,,1,PARTITION p_20200804
488,d-metachar-literal,true,false,80,734457,literal-positional,19,443924,10010,false,false,literal-positional,,1,DATE_ADD(CAST(
50,a-common-literal,true,false,5,715667,literal-positional,16,456082,17111,false,false,literal-positional,,1,TclPrdAkTest2
341,c-phrase-literal,true,false,2,680791,literal-positional,2,100751,364,false,false,literal-positional,,1,PARTITION p_20200812
445,d-metachar-literal,true,false,85,641250,literal-positional,6,54678,1824,false,false,literal-positional,,1,$vmMinMem
343,c-phrase-literal,true,false,2,609416,literal-positional,2,100751,364,false,false,literal-positional,,1,PARTITION p_20200927
51,a-common-literal,true,false,8,602959,literal-positional,8,121859,3990,false,false,literal-positional,,1,TclPrdDbNb7
448,d-metachar-literal,true,false,64,587418,literal-positional,23,109314,3054,false,false,literal-positional,,1,${KeyFile}
4,a-common-literal,true,false,8,573708,literal-positional,2,5030,193,false,false,literal-positional,,1,B83426
52,a-common-literal,true,false,6,560333,literal-positional,4,162843,8632,false,false,literal-positional,,1,TclPrdWebNb11
510,d-metachar-literal,true,false,69,545666,literal-positional,42,2713962,19455,false,false,literal-positional,,1,g.*
64,a-common-literal,true,false,16,531543,literal-positional,15,2185561,22,false,false,literal-positional,,1,aAAcD
290,b-rare-literal,true,false,1,531000,literal-positional,3,127900,884,false,false,literal-positional,,1,p_20180811
329,c-phrase-literal,true,false,16,501374,literal-positional,16,429614,9751,false,false,literal-positional,,1,FROM month_no
324,c-phrase-literal,true,false,71,496166,literal-positional,19,443924,10010,false,false,literal-positional,,1,EXECUTE sql_statement1
677,g-regex,false,false,0,470874,regex-trigram,0,0,0,false,false,"lit-any(n=1,len=5-5)",0,1,IAEvC[ \t]
219,b-rare-literal,true,false,5,467376,literal-positional,2,1001260,3883,false,false,literal-positional,,1,L383
479,d-metachar-literal,true,false,4,457251,literal-positional,1,57957,1106,false,false,literal-positional,,1,4.414.943
703,g-regex,false,false,0,449167,regex-trigram,0,0,0,false,false,"lit-any(n=1,len=3-3)",0,1,"YPS[(){};,]"
179,b-rare-literal,true,false,2,443958,literal-positional,2,437846,4832,false,false,literal-positional,,1,Cabrayil
16,a-common-literal,true,false,3,423918,literal-positional,3,370086,3,false,false,literal-positional,,1,EACJ8lB
218,b-rare-literal,true,false,1,423582,literal-positional,1,74930,326,false,false,literal-positional,,1,Kong_08
195,b-rare-literal,true,false,1,422542,literal-positional,1,316181,1,false,false,literal-positional,,1,EACpB4M
273,b-rare-literal,true,false,2,414751,literal-positional,2,461912,7842,false,false,literal-positional,,1,govalue_avg
434,d-metachar-literal,true,false,6,409875,literal-positional,1,3340,118,false,false,literal-positional,,1,$OutputVmDisk
600,f-high-frequency,true,false,40,392791,literal-positional,2,468795,13966,false,false,literal-positional,,1,T_IS_IDENTICAL
536,d-metachar-literal,true,false,9,392583,literal-positional,9,23793,748,false,false,literal-positional,,1,"}}/files/s3cfg.txt"""
456,d-metachar-literal,true,false,21,386582,literal-positional,17,626964,14808,false,false,literal-positional,,1,'%Y')
165,b-rare-literal,true,false,1,381166,literal-positional,1,5425,215,false,false,literal-positional,,1,ArabicUAE
455,d-metachar-literal,true,false,8,373499,literal-positional,2,237814,5910,false,false,literal-positional,,1,"'""[^""]*""'"
688,g-regex,false,false,0,337248,regex-trigram,0,0,0,false,false,"lit-any(n=1,len=5-5)",0,1,QADgC[ \t]
457,d-metachar-literal,true,false,30,308251,literal-positional,19,298600,6022,false,false,literal-positional,,1,'127.0.0.1'
482,d-metachar-literal,true,false,35,304083,literal-positional,19,443924,10010,false,false,literal-positional,,1,@v_base_sql=CONCAT(
296,b-rare-literal,true,false,1,303293,literal-positional,1,103868,762,false,false,literal-positional,,1,tclstgwebdc3
474,d-metachar-literal,true,false,5,302292,literal-positional,2,3108,98,false,false,literal-positional,,1,/tmp/trigger_alert.sh
494,d-metachar-literal,true,false,1,292458,literal-positional,1,6578,126,false,false,literal-positional,,1,"Uncompress(lz4),"
411,c-phrase-literal,true,false,18,289750,literal-positional,16,13186,502,false,false,literal-positional,,1,sudo mv
449,d-metachar-literal,true,false,24,287749,literal-positional,1,12616,271,false,false,literal-positional,,1,${OutFile}.txt
208,b-rare-literal,true,false,1,277082,literal-positional,3,374913,3,false,false,literal-positional,,1,GACtB2M
498,d-metachar-literal,true,false,4,276291,literal-positional,2,3982,127,false,false,literal-positional,,1,"]*$"""
283,b-rare-literal,true,false,1,255834,literal-positional,1,395655,10987,false,false,literal-positional,,1,lkFFpdVDw
473,d-metachar-literal,true,false,18,254250,literal-positional,9,23793,748,false,false,literal-positional,,1,/root/.s3cfg
237,b-rare-literal,true,false,1,251668,literal-positional,1,2228214,876,false,false,literal-positional,,1,SD_PULL_REQUEST
128,a-common-literal,true,false,4,251418,literal-positional,4,1692294,4,false,false,literal-positional,,1,oBAAuC
427,d-metachar-literal,true,false,1,240750,literal-positional,1,27055,540,false,false,literal-positional,,1,"""</host:addr>""))}"
157,b-rare-literal,true,false,5,226583,literal-positional,4,1914124,701,false,false,literal-positional,,1,A9B8
447,d-metachar-literal,true,false,47,222210,literal-positional,5,49354,1353,false,false,literal-positional,,1,${ExportFile}
0,a-common-literal,true,false,5,216667,literal-positional,1,100397,2837,false,false,literal-positional,,1,AWS1
286,b-rare-literal,true,false,1,215083,literal-positional,1,242492,7216,false,false,literal-positional,,1,nJIWqRsvU3yP8Mcg
178,b-rare-literal,true,false,1,214749,literal-positional,1,219918,1,false,false,literal-positional,,1,CACE5V
29,a-common-literal,true,false,2,210208,literal-positional,2,178860,2,false,false,literal-positional,,1,KACbkB
108,a-common-literal,true,false,4,205332,literal-positional,4,21420,618,false,false,literal-positional,,1,godaddy_picksheet2_
485,d-metachar-literal,true,false,2,200750,literal-positional,1,10185,306,false,false,literal-positional,,1,C:\\temp\\setip.ps1
305,b-rare-literal,true,false,14,199167,literal-positional,10,1067227,4497,false,false,literal-positional,,1,zM78
424,d-metachar-literal,true,false,3,198540,literal-positional,9,37243,1051,false,false,literal-positional,,1,"""${hostname}"
483,d-metachar-literal,true,false,1,197458,literal-positional,1,100397,2837,false,false,literal-positional,,1,AWS_54.236.126.168;
212,b-rare-literal,true,false,1,190373,literal-positional,1,74930,326,false,false,literal-positional,,1,Haouz_47
422,d-metachar-literal,true,false,18,186958,literal-positional,3,20916,671,false,false,literal-positional,,1,"""${DataDir}"
232,b-rare-literal,true,false,1,185876,literal-positional,1,219918,1,false,false,literal-positional,,1,QACR1I
450,d-metachar-literal,true,false,2,184374,literal-positional,1,10832,306,false,false,literal-positional,,1,"${PartitionDays},60,"
451,d-metachar-literal,true,false,21,182999,literal-positional,6,62436,1704,false,false,literal-positional,,1,${PartitionList})
119,a-common-literal,true,false,8,178459,literal-positional,3,39816,741,false,false,literal-positional,,1,la_pd
423,d-metachar-literal,true,false,33,167999,literal-positional,9,62573,1881,false,false,literal-positional,,1,"""${SSH_Opts[@]}"""
169,b-rare-literal,true,false,2,161208,literal-positional,2,628130,2,false,false,literal-positional,,1,BAClBH
276,b-rare-literal,true,false,1,159625,literal-positional,1,75025,1824,false,false,literal-positional,,1,hfMainPaymentInfoId
231,b-rare-literal,true,false,1,158085,literal-positional,1,140064,1,false,false,literal-positional,,1,QACMiI
431,d-metachar-literal,true,false,14,157959,literal-positional,7,40931,988,false,false,literal-positional,,1,$(date):
39,a-common-literal,true,false,2,152083,literal-positional,2,264740,2,false,false,literal-positional,,1,MAIlEgX
38,a-common-literal,true,false,3,151958,literal-positional,3,421548,3,false,false,literal-positional,,1,MAEEuF
270,b-rare-literal,true,false,1,149166,literal-positional,1,219918,1,false,false,literal-positional,,1,gCA2KyC
995,i-unicode,true,false,4,145459,literal-positional,4,170702,3778,false,false,literal-positional,,1,“SYNC
335,c-phrase-literal,true,false,6,137957,literal-positional,5,210812,1820,false,false,literal-positional,,1,MSCK REPAIR
17,a-common-literal,true,false,2,137666,literal-positional,2,1048497,2,false,false,literal-positional,,1,EjEujRzE
24,a-common-literal,true,false,13,129417,literal-positional,1,853573,3392,false,false,literal-positional,,1,H96C42
209,b-rare-literal,true,false,1,128626,literal-positional,1,110315,1,false,false,literal-positional,,1,GAGRl8B
217,b-rare-literal,true,false,1,126458,literal-positional,1,219918,1,false,false,literal-positional,,1,KAG9BC
301,b-rare-literal,true,false,1,126001,literal-positional,1,150535,970,false,false,literal-positional,,1,v0v1v0v0v30v0c0
196,b-rare-literal,true,false,1,125500,literal-positional,1,137960,1,false,false,literal-positional,,1,EAGpCc
452,d-metachar-literal,true,false,3,124376,literal-positional,1,13082,351,false,false,literal-positional,,1,${PartitionList}|
156,b-rare-literal,true,false,2,123291,literal-positional,2,1048497,2,false,false,literal-positional,,1,A8BrsGA
200,b-rare-literal,true,false,2,121751,literal-positional,2,1048497,2,false,false,literal-positional,,1,EiE7hPM
30,a-common-literal,true,false,2,121542,literal-positional,2,136411,2,false,false,literal-positional,,1,KAE9B5C
461,d-metachar-literal,true,false,5,120917,literal-positional,4,16142,349,false,false,literal-positional,,1,($IsVmRunningTmp
199,b-rare-literal,true,false,2,120210,literal-positional,2,1048497,2,false,false,literal-positional,,1,EiE5oSM
233,b-rare-literal,true,false,1,118916,literal-positional,1,219918,1,false,false,literal-positional,,1,QAENrd
247,b-rare-literal,true,false,0,118875,literal-positional,0,0,0,false,false,literal-positional,,1,ZZUNIQUEDUPTOKEN
245,b-rare-literal,true,false,1,116456,literal-positional,1,74930,326,false,false,literal-positional,,1,Xocali_64
997,i-unicode,true,false,7,115419,literal-positional,2,137061,3349,false,false,literal-positional,,1,☃
462,d-metachar-literal,true,false,1,114376,literal-positional,1,9443,168,false,false,literal-positional,,1,($app)
421,d-metachar-literal,true,false,1,113624,literal-positional,1,3632,94,false,false,literal-positional,,1,"""$TableInfo"""
197,b-rare-literal,true,false,2,112209,literal-positional,2,265344,2,false,false,literal-positional,,1,EAH7B
267,b-rare-literal,true,false,1,111791,literal-positional,1,117008,149,false,false,literal-positional,,1,e4idxNP4K3RWAACA1YUtOg4e
183,b-rare-literal,true,false,2,111208,literal-positional,2,1048497,2,false,false,literal-positional,,1,E4BnBf
201,b-rare-literal,true,false,2,110710,literal-positional,2,1048497,2,false,false,literal-positional,,1,EjE0vRzE
106,a-common-literal,true,false,8,108708,literal-positional,1,11666,185,false,false,literal-positional,,1,fprem1
285,b-rare-literal,true,false,0,106668,literal-positional,0,0,0,false,false,literal-positional,,1,moedexRareNeedle42
57,a-common-literal,true,false,2,105332,literal-positional,2,264740,2,false,false,literal-positional,,1,UACpBmD
202,b-rare-literal,true,false,2,103708,literal-positional,2,1048497,2,false,false,literal-positional,,1,EjE42OzE
302,b-rare-literal,true,false,1,99292,literal-positional,1,150535,970,false,false,literal-positional,,1,v0v97c0
173,b-rare-literal,true,false,2,98875,literal-positional,2,1048497,2,false,false,literal-positional,,1,BjC2G4D
198,b-rare-literal,true,false,2,98250,literal-positional,2,1048497,2,false,false,literal-positional,,1,EgCzjHG
440,d-metachar-literal,true,false,1,95625,literal-positional,1,3285,93,false,false,literal-positional,,1,$TmpDir/Apps.tar;
280,b-rare-literal,true,false,1,92958,literal-positional,1,117008,149,false,false,literal-positional,,1,kGxCvP03g8M1Mw0rkmuPe
42,a-common-literal,true,false,3,90668,literal-positional,3,370086,3,false,false,literal-positional,,1,OAENxoB
65,a-common-literal,true,false,3,90042,literal-positional,3,370086,3,false,false,literal-positional,,1,aACnC5H
433,d-metachar-literal,true,false,1,85749,literal-positional,1,11740,328,false,false,literal-positional,,1,$ArchiveData2Db
467,d-metachar-literal,true,false,1,85374,literal-positional,1,12616,271,false,false,literal-positional,,1,--host=${db_master}<<EOQ
160,b-rare-literal,true,false,2,84207,literal-positional,2,1048497,2,false,false,literal-positional,,1,Ad8lLrC
176,b-rare-literal,true,false,1,79915,literal-positional,1,14758,1,false,false,literal-positional,,1,CA8DGzC
304,b-rare-literal,true,false,5,76374,literal-positional,5,15751,353,false,false,literal-positional,,1,v7a_916f
274,b-rare-literal,true,false,1,72458,literal-positional,1,1279,1,false,false,literal-positional,,1,h0a2
999,i-unicode,true,false,2,65666,literal-positional,2,85402,1888,false,false,literal-positional,,1,
220,b-rare-literal,true,false,1,60999,literal-positional,1,15172,90,false,false,literal-positional,,1,LYjwsIyHBI
204,b-rare-literal,true,false,1,59792,literal-positional,1,117008,149,false,false,literal-positional,,1,FwDg5ohU6Utp6wtpawNj7wq
454,d-metachar-literal,true,false,2,58917,literal-positional,2,13311,442,false,false,literal-positional,,1,"${UseMem}"""
298,b-rare-literal,true,false,1,55415,literal-positional,1,219918,1,false,false,literal-positional,,1,uEAGPV
998,i-unicode,true,false,0,33666,literal-positional,0,0,0,false,false,literal-positional,,1,你好
