query_id,bucket,literal,ignorecase,nmoe,nanos,candidate_kind,candidate_blobs,candidate_bytes,candidate_lines,all_candidates,query_all,line_filter_kind,lines_entering_re2,verify_workers,pattern
907,h-case-insensitive,false,true,21,33646667459,regex-trigram,1066,575339106,21214487,false,false,"or(lit-any(n=64,len=6-6),lit-any(n=64,len=6-6))",228,10,Razavi|itemAnswer
900,h-case-insensitive,false,true,124,31036961667,regex-trigram,671,529075883,20472892,false,false,"or(lit-any(n=64,len=6-6),lit-any(n=64,len=6-6))",40786,10,MemberInfo|IAAOzG
946,h-case-insensitive,false,true,8,30298043624,regex-trigram,1799,570122321,21129808,false,false,"or(lit-any(n=64,len=6-6),lit-any(n=64,len=6-6))",28919,10,handlerKey|aforarse
969,h-case-insensitive,false,true,10,26762426958,regex-trigram,278,467505098,19187558,false,false,"or(lit-any(n=64,len=6-6),lit-any(n=64,len=6-6))",55,10,safariextz|conrols
962,h-case-insensitive,false,true,8,23871010792,regex-trigram,102,410862378,17946371,false,false,"or(lit-any(n=64,len=6-6),lit-any(n=64,len=6-6))",2041,1,primaryView|CACTjV
980,h-case-insensitive,false,true,11,23491424793,regex-trigram,822,557805899,21081585,false,false,"or(lit-any(n=64,len=6-6),lit-any(n=64,len=6-6))",216,10,whichDoms|zeroResults
964,h-case-insensitive,false,true,689,23003012793,regex-trigram,423,481668852,19391074,false,false,"or(lit-any(n=32,len=5-5),lit-any(n=64,len=6-6))",3925,10,refreshtoken|strumae
979,h-case-insensitive,false,true,29,22756465665,regex-trigram,567,530798674,20287661,false,false,"or(lit-any(n=64,len=6-6),lit-any(n=64,len=6-6))",148,10,whichDoms|getRepeat
872,h-case-insensitive,false,true,29,22647355333,regex-trigram,180,465713890,19195426,false,false,"or(lit-any(n=64,len=6-6),lit-any(n=32,len=5-5))",140,1,Abstauber|construit
922,h-case-insensitive,false,true,8,22079029125,regex-trigram,153,419775408,18445986,false,false,"or(lit-any(n=32,len=5-5),lit-any(n=64,len=6-6))",28899,1,ajustable|iEACgHA
942,h-case-insensitive,false,true,20,21514806457,regex-trigram,317,497990750,19698023,false,false,"or(lit-any(n=64,len=6-6),lit-any(n=64,len=6-6))",220,10,grumpily|fullListTime
897,h-case-insensitive,false,true,293,21470118999,regex-trigram,2785,602216533,21689409,false,false,"or(lit-any(n=16,len=4-4),lit-any(n=64,len=6-6))",204791,10,LinesView|Computes
921,h-case-insensitive,false,true,4470,21207535542,regex-trigram,8005,681493742,23583435,false,false,"or(lit-any(n=64,len=6-6),lit-any(n=8,len=3-3))",553345,10,admittable|shark
882,h-case-insensitive,false,true,7,20646066419,regex-trigram,93,390696617,17870768,false,false,"or(lit-any(n=64,len=6-6),lit-any(n=32,len=5-5))",6,1,EACRhG|UAHyB
957,h-case-insensitive,false,true,4,19953479915,regex-trigram,417,524254804,20274310,false,false,"or(lit-any(n=32,len=5-5),lit-any(n=64,len=6-6))",74,10,nElapsed|CADcwF
917,h-case-insensitive,false,true,11,19575384294,regex-trigram,210,486776627,19379159,false,false,"or(lit-any(n=32,len=5-5),lit-any(n=64,len=6-6))",20,10,accdc|scurvier
927,h-case-insensitive,false,true,58,18499075501,regex-trigram,108,409456461,18137835,false,false,"or(lit-any(n=64,len=6-6),lit-any(n=32,len=5-5))",50,10,avowal|hrnew
930,h-case-insensitive,false,true,1197,18493582874,regex-trigram,496,525263205,20225636,false,false,"or(lit-any(n=64,len=6-6),lit-any(n=32,len=5-5))",1047,10,becoming|Mwaro
919,h-case-insensitive,false,true,60,18303302084,regex-trigram,224,366752644,16846559,false,false,"or(lit-any(n=64,len=6-6),lit-any(n=32,len=5-5))",61,10,addPane|EAAhB
908,h-case-insensitive,true,true,277887,17341753791,regex-trigram,13389,656377393,23224657,false,false,"lit-any(n=64,len=6-6)",180278,10,Return
954,h-case-insensitive,false,true,54,16924294249,regex-trigram,577,481672586,19265903,false,false,"or(lit-any(n=16,len=4-4),lit-any(n=64,len=6-6))",37616,10,mockRegistry|nestedBtn
873,h-case-insensitive,true,true,40,16521552167,regex-trigram,702,536975995,20008769,false,false,"lit-any(n=64,len=6-6)",8941,10,AllBackorders
949,h-case-insensitive,false,true,84,16439002335,regex-trigram,217,472146893,19293522,false,false,"or(lit-any(n=8,len=3-3),lit-any(n=64,len=6-6))",865,10,hmmss|anamorphic
871,h-case-insensitive,false,true,14,16326313959,regex-trigram,13759,700635715,24195643,false,false,"or(lit-any(n=8,len=3-3),lit-any(n=64,len=6-6))",252695,10,Abklatsch|CAACoC
874,h-case-insensitive,true,true,54,16251847125,regex-trigram,274,480421115,19359840,false,false,"lit-any(n=64,len=6-6)",2660,1,AuthenticationOptions
934,h-case-insensitive,true,true,9,15693051874,regex-trigram,102,431839057,18294867,false,false,"lit-any(n=64,len=6-6)",11,1,closeAllGroups
923,h-case-insensitive,true,true,48,15626117332,regex-trigram,138,447268652,18501658,false,false,"lit-any(n=64,len=6-6)",40,1,alopex
975,h-case-insensitive,true,true,138,15574160332,regex-trigram,1429,566971926,21046697,false,false,"lit-any(n=64,len=6-6)",226,10,thinner
963,h-case-insensitive,false,true,8,15489495918,regex-trigram,400,518216316,20028375,false,false,"or(lit-any(n=64,len=6-6),lit-any(n=16,len=4-4))",18309,10,pushMainArea|Blinkdarm
918,h-case-insensitive,true,true,289,15324843000,regex-trigram,116,448908132,18483241,false,false,"lit-any(n=64,len=6-6)",269,1,acuity
920,h-case-insensitive,true,true,65,15108135416,regex-trigram,364,451596648,19374521,false,false,"lit-any(n=64,len=6-6)",150,10,adminEmail
879,h-case-insensitive,false,true,33520,14957163584,regex-trigram,1250,550896825,20808928,false,false,"or(lit-any(n=16,len=4-4),lit-any(n=64,len=6-6))",32240,10,Corp|UACjBpF
890,h-case-insensitive,false,true,101,14718532043,regex-trigram,195,442967942,18107039,false,false,"or(lit-any(n=64,len=6-6),lit-any(n=16,len=4-4))",407,10,GACrByK|bfunston
924,h-case-insensitive,true,true,65,14528844042,regex-trigram,78,396720148,17997002,false,false,"lit-any(n=64,len=6-6)",337,1,androgynous
925,h-case-insensitive,true,true,3224,14501281500,regex-trigram,553,543002962,20606943,false,false,"lit-any(n=64,len=6-6)",3293,10,atelier
886,h-case-insensitive,true,true,2,14288102376,regex-trigram,768,557785095,20851524,false,false,"lit-any(n=64,len=6-6)",78,10,Estrelleta
902,h-case-insensitive,true,true,157661,14273392289,regex-trigram,21876,617286807,22536957,false,false,"lit-any(n=64,len=6-6)",153381,10,PUBLIC
958,h-case-insensitive,true,true,8,14270385125,regex-trigram,124,441639033,18318653,false,false,"lit-any(n=64,len=6-6)",31,1,numpadclear
935,h-case-insensitive,true,true,16,14232764375,regex-trigram,76,385150540,17813951,false,false,"lit-any(n=64,len=6-6)",7,1,cmKeyToVimKey
895,h-case-insensitive,true,true,33,14176493083,regex-trigram,969,534363342,20449182,false,false,"lit-any(n=64,len=6-6)",6630,10,IsTemporary
926,h-case-insensitive,true,true,13,13946642001,regex-trigram,144,450912438,18437317,false,false,"lit-any(n=64,len=6-6)",2351,10,autoRenewOption
986,i-unicode,false,false,250,13299201626,regex-all,49800,789265738,26337370,true,true,none,26337370,10,\p{Greek}
966,h-case-insensitive,true,true,8,13176441124,regex-trigram,147,454920931,19139229,false,false,"lit-any(n=64,len=6-6)",11,10,regoperatorsend
911,h-case-insensitive,true,true,6,13072789917,regex-trigram,273,485886346,19385023,false,false,"lit-any(n=64,len=6-6)",6,10,Tachov
985,i-unicode,false,false,201,12777565874,regex-all,49800,789265738,26337370,true,true,none,26337370,1,[α-ω]+
945,h-case-insensitive,true,true,23,12737424709,regex-trigram,218,467397525,18867190,false,false,"lit-any(n=64,len=6-6)",8320,10,handleBlur
936,h-case-insensitive,true,true,5,12516462541,regex-trigram,381,509891341,19912118,false,false,"lit-any(n=64,len=6-6)",9193,10,configurado
903,h-case-insensitive,true,true,8,12439918583,regex-trigram,73,409184811,17891171,false,false,"lit-any(n=64,len=6-6)",56,1,ProxyRemoteMatch
952,h-case-insensitive,true,true,24,12328274500,regex-trigram,229,466506755,19000693,false,false,"lit-any(n=64,len=6-6)",30,10,llReleaseURL
932,h-case-insensitive,true,true,20,12309148626,regex-trigram,95,404670114,18051498,false,false,"lit-any(n=64,len=6-6)",1641,1,cardiomegaly
887,h-case-insensitive,true,true,13,11937490251,regex-trigram,102,425537493,18118631,false,false,"lit-any(n=64,len=6-6)",37,1,FlushFinalBlock
939,h-case-insensitive,true,true,9,11796812208,regex-trigram,1325,562075889,21101973,false,false,"lit-any(n=64,len=6-6)",18,10,fallocate
948,h-case-insensitive,true,true,87,11727293916,regex-trigram,165,430751218,18602018,false,false,"lit-any(n=64,len=6-6)",123,10,headlong
704,g-regex,false,false,2864280,11587742416,regex-trigram,21271,736777639,24841591,false,false,none,24841591,10,[0-9][0-9][0-9][0-9]
880,h-case-insensitive,true,true,12,11555899628,regex-trigram,73,381032849,17653195,false,false,"lit-any(n=64,len=6-6)",12,1,DuoMFA
950,h-case-insensitive,true,true,8,11128977418,regex-trigram,75,310644666,16229148,false,false,"lit-any(n=64,len=6-6)",22,1,lbtiPendingLock
965,h-case-insensitive,true,true,9,11122731290,regex-trigram,72,316036645,16356474,false,false,"lit-any(n=64,len=6-6)",16,1,regProduct
883,h-case-insensitive,true,true,10245,11031461958,regex-trigram,4737,615123595,21902844,false,false,"lit-any(n=32,len=5-5)",9414,10,EACTI
929,h-case-insensitive,true,true,1631,11007141667,regex-trigram,204,471321733,19224995,false,false,"lit-any(n=64,len=6-6)",1561,10,beaver
891,h-case-insensitive,true,true,10,10872345041,regex-trigram,87,383573972,17589060,false,false,"lit-any(n=64,len=6-6)",10,1,GAEpDI
899,h-case-insensitive,true,true,2640,10864114582,regex-all,49800,789265738,26337370,true,true,"lit-any(n=2,len=1-1)",19564090,10,MSK
943,h-case-insensitive,false,true,946,10730000999,regex-trigram,392,497229760,19879118,false,false,"or(lit-any(n=8,len=3-3),lit-any(n=32,len=5-5))",33591,10,guese|hzeit
892,h-case-insensitive,true,true,12,10726303459,regex-trigram,138,443486216,18471206,false,false,"lit-any(n=64,len=6-6)",61,10,GetRemoteAuctionDetails
912,h-case-insensitive,true,true,1,10323768833,regex-trigram,83,352386842,16619209,false,false,"lit-any(n=64,len=6-6)",73,1,XRANGEPLAIN
898,h-case-insensitive,true,true,6,10054716793,regex-trigram,82,300367959,15820482,false,false,"lit-any(n=64,len=6-6)",6,1,MAAMvB
910,h-case-insensitive,true,true,90,10026418042,regex-trigram,78,328778997,16701661,false,false,"lit-any(n=64,len=6-6)",836,1,SyntheticEvent
951,h-case-insensitive,true,true,3,9803766874,regex-trigram,24,278759793,15331067,false,false,"lit-any(n=64,len=6-6)",2159,1,linearGradient4480
904,h-case-insensitive,true,true,3,9715324335,regex-trigram,56,295833196,15735648,false,false,"lit-any(n=64,len=6-6)",3,1,QACCpiB
970,h-case-insensitive,true,true,40,9421269417,regex-trigram,765,545830472,20464128,false,false,"lit-any(n=32,len=5-5)",933,10,setTabSize
877,h-case-insensitive,true,true,75,8165342665,regex-trigram,1492,559473823,20712193,false,false,"lit-any(n=32,len=5-5)",18099,10,CacheSize
885,h-case-insensitive,false,true,5,8129991167,regex-trigram,145,349701792,16294089,false,false,"or(lit-any(n=16,len=4-4),lit-any(n=16,len=4-4))",80,10,EjEkuOzE|KACjBka
984,i-unicode,false,false,74396,7991496583,regex-all,49800,789265738,26337370,true,true,none,26337370,10,[é-ü]
967,h-case-insensitive,true,true,1512,7929579750,regex-trigram,780,488543276,19669968,false,false,"lit-any(n=32,len=5-5)",1467,10,rouge
884,h-case-insensitive,true,true,20,7754042125,regex-trigram,124,371097449,16931032,false,false,"lit-any(n=32,len=5-5)",18,1,EACdA
905,h-case-insensitive,false,true,5386,7459935875,regex-all,49800,789265738,26337370,true,true,"or(lit-any(n=8,len=3-3),lit-any(n=4,len=2-2))",1786195,10,QAM|hess
909,h-case-insensitive,false,true,72219,7036933459,regex-trigram,266,363841110,16463420,false,false,"or(lit-any(n=16,len=4-4),lit-any(n=8,len=3-3))",36702,1,SAEjBsc|CLR
955,h-case-insensitive,true,true,59,6380013834,regex-trigram,89,403019105,17937752,false,false,"lit-any(n=32,len=5-5)",52,1,muzzy
933,h-case-insensitive,true,true,94,5789723958,regex-trigram,40,283833197,15394192,false,false,"lit-any(n=32,len=6-6)",201,1,checkoutV2Domain
888,h-case-insensitive,true,true,28,5458339541,regex-trigram,135,333722394,15890599,false,false,"lit-any(n=32,len=5-5)",25,1,GAAQD
896,h-case-insensitive,true,true,387,5265996124,regex-trigram,1820,511393233,20093746,false,false,"lit-any(n=16,len=4-4)",4223,10,LastDay
901,h-case-insensitive,true,true,411861,5255097918,regex-trigram,10649,652874515,23418189,false,false,"lit-any(n=16,len=4-4)",385319,10,NULL
941,h-case-insensitive,true,true,2,5176187167,regex-trigram,48,303643770,15954297,false,false,"lit-any(n=32,len=6-6)",2,1,fname4
968,h-case-insensitive,true,true,9,4865155251,regex-trigram,129,416568512,18369275,false,false,"lit-any(n=16,len=4-4)",1501,1,rseguy
959,h-case-insensitive,true,true,1868,4694376374,regex-trigram,706,540960287,20541513,false,false,"lit-any(n=16,len=4-4)",1829,10,odar
978,h-case-insensitive,true,true,3,4487758125,regex-all,49800,789265738,26337370,true,true,"lit-any(n=4,len=2-2)",2534365,10,useSETSID
971,h-case-insensitive,true,true,45,4355002376,regex-all,49800,789265738,26337370,true,true,"lit-any(n=4,len=2-2)",917767,10,skims
947,h-case-insensitive,true,true,2,4353914124,regex-trigram,170,430551644,18363610,false,false,"lit-any(n=16,len=4-4)",194,1,hashGetSpy
893,h-case-insensitive,true,true,5233,4237564834,regex-trigram,3523,623594529,22350854,false,false,"lit-any(n=16,len=4-4)",4342,10,Grep
876,h-case-insensitive,true,true,19,3940738249,regex-trigram,135,406312645,17882590,false,false,"lit-any(n=16,len=4-4)",66,1,CBaesg
576,e-sub-trigram,true,false,3709206,3822171583,literal-subtrigram,49800,789265738,26337370,true,false,literal-subtrigram,,10,es
977,h-case-insensitive,true,true,3252,3777191876,regex-trigram,576,516197831,20226946,false,false,"lit-any(n=16,len=4-4)",2657,10,unar
881,h-case-insensitive,true,true,8,3484891208,regex-trigram,369,382786410,16923298,false,false,"lit-any(n=8,len=3-3)",2882,1,EAASqD
973,h-case-insensitive,true,true,32,3413749167,regex-trigram,87,320637163,16163907,false,false,"lit-any(n=16,len=4-4)",16,1,tcdf
906,h-case-insensitive,true,true,36,3289761792,regex-trigram,116,320008030,16349138,false,false,"lit-any(n=16,len=4-4)",66,1,Qpress
584,e-sub-trigram,true,false,3276870,3277981373,literal-subtrigram,49800,789265738,26337370,true,false,literal-subtrigram,,10,st
574,e-sub-trigram,true,false,2989586,3214027916,literal-subtrigram,49800,789265738,26337370,true,false,literal-subtrigram,,10,al
878,h-case-insensitive,true,true,176382,3070075084,regex-trigram,25772,688954360,24066216,false,false,"lit-any(n=8,len=3-3)",205850,10,Class
583,e-sub-trigram,true,false,2432979,2880996543,literal-subtrigram,49800,789265738,26337370,true,false,literal-subtrigram,,1,se
981,h-case-insensitive,true,true,2,2802183750,regex-trigram,28,159016016,9099849,false,false,"lit-any(n=32,len=6-6)",2,1,ygVQE1olpn4Wk6k
544,e-sub-trigram,true,false,3196348,2781125793,literal-subtrigram,49800,789265738,26337370,true,false,literal-subtrigram,,1,","
549,e-sub-trigram,true,false,2736587,2748995793,literal-subtrigram,49800,789265738,26337370,true,false,literal-subtrigram,,1,;
974,h-case-insensitive,true,true,69395,2745894751,regex-trigram,4199,599948156,21841572,false,false,"lit-any(n=8,len=3-3)",58882,10,tep
572,e-sub-trigram,true,false,1775460,2575307543,literal-subtrigram,49800,789265738,26337370,true,false,literal-subtrigram,,1,ac
684,g-regex,false,false,50264,2520067708,regex-trigram,4466,589541491,21724574,false,false,"or(lit-any(n=1,len=6-6),lit-any(n=1,len=3-3),lit-any(n=1,len=7-7))",46876,10,OAEtBW|ems|negated
712,g-regex,false,false,87,2368983251,regex-trigram,9242,602747154,22278228,false,false,"or(lit-any(n=1,len=4-4),lit-any(n=1,len=5-5))",78830,10,\b(Snow|ivate)\b
683,g-regex,false,false,11342,2205970502,regex-trigram,404,510509637,19960487,false,false,"or(lit-any(n=1,len=5-5),lit-any(n=1,len=7-7),lit-any(n=1,len=4-4))",10557,10,OAAiB|gaselos|camp
580,e-sub-trigram,true,false,1330399,2049632334,literal-subtrigram,49800,789265738,26337370,true,false,literal-subtrigram,,10,na
889,h-case-insensitive,false,true,5,2045618501,regex-trigram,80,296667749,15611745,false,false,"all(lit-any(n=4,len=2-2),or(lit-any(n=32,len=5-5),lit-any(n=64,len=6-6)))",5,1,GAAmBvN|GACpEqzB
875,h-case-insensitive,true,true,805,2001722834,regex-trigram,142,347332154,16164373,false,false,"lit-any(n=8,len=3-3)",752,10,BhC
575,e-sub-trigram,true,false,1288061,1960007541,literal-subtrigram,49800,789265738,26337370,true,false,literal-subtrigram,,10,ca
681,g-regex,false,false,832,1942650875,regex-trigram,396,507874805,19932342,false,false,"or(lit-any(n=1,len=6-6),lit-any(n=1,len=7-7),lit-any(n=1,len=5-5))",826,10,MAAQoL|acomode|sideA
573,e-sub-trigram,true,false,1180028,1895744958,literal-subtrigram,49800,789265738,26337370,true,false,literal-subtrigram,,10,ad
797,g-regex,false,false,2032,1872590500,regex-trigram,3600,599630674,21941899,false,false,"or(lit-any(n=1,len=7-7),lit-any(n=1,len=4-4),lit-any(n=1,len=7-7))",1678,10,cALxCnB|latu|EAAKukB
972,h-case-insensitive,true,true,2,1855357791,regex-trigram,30,275696047,15391150,false,false,"lit-any(n=8,len=6-6)",15,1,stop2224
673,g-regex,false,false,147,1846737624,regex-trigram,277,478809524,19563571,false,false,"or(lit-any(n=1,len=5-5),lit-any(n=1,len=9-9),lit-any(n=1,len=10-10))",137,10,IAAIY|simulator|Bedingungs
686,g-regex,false,false,35,1774601666,regex-trigram,214,446135384,19072461,false,false,"or(lit-any(n=1,len=4-4),lit-any(n=1,len=10-10),lit-any(n=1,len=6-6))",30,10,QAAJ|sluggishly|agotan
641,g-regex,false,false,133,1769565041,regex-trigram,1632,583952454,21441644,false,false,"or(lit-any(n=1,len=7-7),lit-any(n=1,len=10-10),lit-any(n=1,len=5-5))",84,1,Ataturk|Diaphragma|isind
819,g-regex,false,false,441140,1722928042,regex-all,49800,789265738,26337370,true,true,"all(lit-any(n=1,len=1-1),lit-any(n=1,len=2-2))",2474686,10,i.es
670,g-regex,false,false,397,1718036457,regex-trigram,1264,533654227,20574315,false,false,"or(lit-any(n=1,len=6-6),lit-any(n=1,len=6-6),lit-any(n=1,len=4-4))",307,10,GAAYxO|rodent|cAMf
825,g-regex,false,false,350,1699352873,regex-trigram,429,471878373,19489174,false,false,"or(lit-any(n=1,len=5-5),lit-any(n=1,len=11-11),lit-any(n=1,len=5-5))",346,10,jails|carcinomata|herLe
843,g-regex,false,false,98973,1682037544,regex-trigram,6914,651213580,23138720,false,false,"or(lit-any(n=1,len=4-4),lit-any(n=1,len=4-4),lit-any(n=1,len=6-6))",81554,10,para|Adan|Landes
801,g-regex,false,false,1748,1655716292,regex-trigram,872,546739105,20822590,false,false,"or(lit-any(n=1,len=10-10),lit-any(n=1,len=10-10),lit-any(n=1,len=4-4))",1685,10,consulting|adquirente|doto
850,g-regex,false,false,235,1608388292,regex-trigram,558,516076909,20398797,false,false,"or(lit-any(n=1,len=6-6),lit-any(n=1,len=8-8),lit-any(n=1,len=9-9))",191,10,rsqrps|corniest|Delimiter
642,g-regex,false,false,19947,1572115583,regex-trigram,409,505029691,20048643,false,false,"or(lit-any(n=1,len=6-6),lit-any(n=1,len=6-6),lit-any(n=1,len=4-4))",19785,1,Becker|turkey|babe
938,h-case-insensitive,true,true,5,1544363417,regex-trigram,53,65338518,1009062,false,false,"lit-any(n=64,len=6-6)",642,1,external_url
869,g-regex,false,false,231,1505769874,regex-trigram,96,437858551,18865897,false,false,"or(lit-any(n=1,len=6-6),lit-any(n=1,len=9-9),lit-any(n=1,len=10-10))",218,10,ziehen|ranunculi|spiritedly
640,g-regex,false,false,957,1502175666,regex-trigram,1425,551378676,21140376,false,false,"or(lit-any(n=1,len=4-4),lit-any(n=1,len=7-7),lit-any(n=1,len=4-4))",877,10,Asyl|palette|texi
866,g-regex,false,false,86,1497435040,regex-trigram,326,490363525,19809826,false,false,"or(lit-any(n=1,len=12-12),lit-any(n=1,len=10-10),lit-any(n=1,len=9-9))",66,10,writingrules|spiritless|outsenses
860,g-regex,false,false,1124,1470674000,regex-trigram,98,359177548,16471514,false,false,"or(lit-any(n=1,len=4-4),lit-any(n=1,len=6-6),lit-any(n=1,len=5-5))",1089,1,toLi|IAAIyB|Ausma
740,g-regex,false,false,8,1463890500,regex-trigram,1486,530559345,20292419,false,false,"lit-any(n=1,len=5-5)",9478,10,\bcifie\b
812,g-regex,false,false,77,1449482166,regex-trigram,366,435456222,17717230,false,false,"or(lit-any(n=1,len=10-10),lit-any(n=1,len=4-4),lit-any(n=1,len=6-6))",75,10,expandRefs|RIDL|Chanel
796,g-regex,false,false,207,1408842833,regex-trigram,9778,698103256,23997501,false,false,"all(lit-any(n=1,len=1-1),lit-any(n=1,len=5-5))",8857,10,c.eater
844,g-regex,false,false,270,1405333667,regex-trigram,388,458802816,18886167,false,false,"or(lit-any(n=1,len=11-11),lit-any(n=1,len=9-9),lit-any(n=1,len=10-10))",103,10,parentValue|crockford|OptionDecl
823,g-regex,false,false,16,1404797710,regex-trigram,103,432328337,18549785,false,false,"or(lit-any(n=1,len=11-11),lit-any(n=1,len=5-5),lit-any(n=1,len=6-6))",13,1,invidiously|GAsBF|Ansgar
786,g-regex,false,false,131,1387761542,regex-trigram,57,377429592,17956257,false,false,"or(lit-any(n=1,len=9-9),lit-any(n=1,len=9-9),lit-any(n=1,len=7-7))",127,1,abrazador|WRITETEXT|Burnham
960,h-case-insensitive,true,true,3,1386011375,regex-trigram,144,109208080,1706550,false,false,"lit-any(n=64,len=6-6)",1530,1,pending_domains
833,g-regex,false,false,9,1375296585,regex-trigram,852,465512577,18541579,false,false,"or(lit-any(n=1,len=6-6),lit-any(n=1,len=9-9),lit-any(n=1,len=8-8))",9,10,mBACLC|Appending|ctsToken
550,e-sub-trigram,true,false,726461,1342102835,literal-subtrigram,49800,789265738,26337370,true,false,literal-subtrigram,,1,</
578,e-sub-trigram,true,false,16542,1297400251,literal-subtrigram,49800,789265738,26337370,true,false,literal-subtrigram,,1,iw
660,g-regex,false,false,329,1297307916,regex-trigram,325,435387879,17943018,false,false,"or(lit-any(n=1,len=5-5),lit-any(n=1,len=7-7),lit-any(n=1,len=12-12))",313,10,EACXd|Tristan|showInLegend
581,e-sub-trigram,true,false,99972,1293481709,literal-subtrigram,49800,789265738,26337370,true,false,literal-subtrigram,,10,oD
653,g-regex,false,false,568,1277035460,regex-trigram,2535,426811091,18055959,false,false,"or(lit-any(n=1,len=6-6),lit-any(n=1,len=6-6),lit-any(n=1,len=5-5))",507,1,EAAGzZ|Analen|TIMES
720,g-regex,false,false,7,1271691876,regex-trigram,137,412174655,18482520,false,false,"or(lit-any(n=1,len=6-6),lit-any(n=1,len=8-8))",7,10,\b(mBAAbA|aguantar)\b
716,g-regex,false,false,13,1269988375,regex-trigram,115,434016844,18480976,false,false,"or(lit-any(n=1,len=12-12),lit-any(n=1,len=9-9))",19,10,\b(acridotheres|CARETTRIM)\b
671,g-regex,false,false,466,1268957751,regex-trigram,693,387271431,17050211,false,false,"or(lit-any(n=1,len=7-7),lit-any(n=1,len=8-8),lit-any(n=1,len=11-11))",433,1,GAkGvBE|IGateway|lastContext
711,g-regex,false,false,39,1246502332,regex-trigram,257,333853922,16197396,false,false,"or(lit-any(n=1,len=9-9),lit-any(n=1,len=5-5))",73,10,\b(LineColor|QALlB)\b
723,g-regex,false,false,111,1242895041,regex-trigram,410,488559898,19826275,false,false,"or(lit-any(n=1,len=5-5),lit-any(n=1,len=9-9))",378,10,\b(strew|Macedonia)\b
548,e-sub-trigram,true,false,770017,1241512124,literal-subtrigram,49800,789265738,26337370,true,false,literal-subtrigram,,10,::
555,e-sub-trigram,true,false,987586,1241250335,literal-subtrigram,49800,789265738,26337370,true,false,literal-subtrigram,,10,@
809,g-regex,false,false,768,1237661042,regex-trigram,10122,653451242,23280850,false,false,"lit-any(n=1,len=4-4)",66105,10,eric$
745,g-regex,false,false,8,1232793084,regex-trigram,38,300273301,15469459,false,false,"lit-any(n=1,len=9-9)",36,1,\bitemLabel\b
563,e-sub-trigram,true,false,838195,1224229044,literal-subtrigram,49800,789265738,26337370,true,false,literal-subtrigram,,10,In
718,g-regex,false,false,343,1222638084,regex-trigram,402,512018634,20136316,false,false,"or(lit-any(n=1,len=6-6),lit-any(n=1,len=6-6))",210,10,\b(czBhOc|pascal)\b
559,e-sub-trigram,true,false,739359,1206362832,literal-subtrigram,49800,789265738,26337370,true,false,literal-subtrigram,,1,Ca
805,g-regex,false,false,446,1142866667,regex-trigram,629,529624896,20483386,false,false,"all(lit-any(n=1,len=1-1),lit-any(n=1,len=6-6))",1072,10,e.ergent
721,g-regex,false,false,63,1139262250,regex-trigram,1030,538896898,20578046,false,false,"or(lit-any(n=1,len=12-12),lit-any(n=1,len=4-4))",161,10,\b(mechanically|bity)\b
541,e-sub-trigram,true,false,437463,1132064166,literal-subtrigram,49800,789265738,26337370,true,false,literal-subtrigram,,1,()
816,g-regex,false,false,118,1119374709,regex-trigram,82,338163125,16622378,false,false,"or(lit-any(n=1,len=4-4),lit-any(n=1,len=11-11),lit-any(n=1,len=10-10))",43,1,gsub|MinCssFiles|InstallUrl
808,g-regex,false,false,5,1113147416,regex-trigram,1184,556718479,20913733,false,false,"lit-any(n=1,len=7-7)",1561,10,elastic$
845,g-regex,false,false,170,1112562249,regex-trigram,51,285387238,15411578,false,false,"or(lit-any(n=1,len=3-3),lit-any(n=1,len=8-8),lit-any(n=1,len=6-6))",157,1,pbd|yBAAyBgL|CACxBE
870,h-case-insensitive,true,true,2,1099500752,regex-trigram,23,91591516,4925507,false,false,"lit-any(n=16,len=6-6)",2,1,A4Br9FA
715,g-regex,false,false,134,1095528417,regex-trigram,201,447724962,18984450,false,false,"or(lit-any(n=1,len=6-6),lit-any(n=1,len=10-10))",3772,10,\b(Yellow|blundering)\b
781,g-regex,false,false,1,1091834749,regex-trigram,83,405687970,18325220,false,false,"all(lit-any(n=1,len=1-1),lit-any(n=1,len=7-7))",4,1,a.ansador
744,g-regex,false,false,408,1072504999,regex-trigram,990,545062423,20717962,false,false,"lit-any(n=1,len=7-7)",541,10,\bindices\b
976,h-case-insensitive,true,true,6,1070292418,regex-trigram,92,94345284,1479114,false,false,"lit-any(n=32,len=6-6)",9,1,to_linkid
663,g-regex,false,false,2733,1050963166,regex-trigram,244,316131175,15790964,false,false,"or(lit-any(n=1,len=12-12),lit-any(n=1,len=10-10),lit-any(n=1,len=6-6))",1108,10,EventEmitter|PrepareCSS|KAAKoS
784,g-regex,false,false,19,1042668416,regex-trigram,81,397890734,18275592,false,false,"all(lit-any(n=1,len=1-1),lit-any(n=1,len=7-7))",16,1,a.ericium
552,e-sub-trigram,true,false,252851,1040520791,literal-subtrigram,49800,789265738,26337370,true,false,literal-subtrigram,,10,==
707,g-regex,false,false,6,1038314331,regex-trigram,113,409600815,18402378,false,false,"or(lit-any(n=1,len=5-5),lit-any(n=1,len=8-8))",6,1,\b(GAAMU|cenoslos)\b
657,g-regex,false,false,9,1035876376,regex-trigram,26,240687608,14343662,false,false,"or(lit-any(n=1,len=6-6),lit-any(n=1,len=6-6),lit-any(n=1,len=8-8))",9,1,EAAWsB|MAAMoJ|GAAgBruB
719,g-regex,false,false,37,1028536250,regex-trigram,108,398311110,18138145,false,false,"or(lit-any(n=1,len=5-5),lit-any(n=1,len=3-3))",290,1,\b(krone|Bii)\b
822,g-regex,false,false,16,1026339209,regex-trigram,3925,600461730,21864779,false,false,"lit-any(n=1,len=4-4)",4223,1,iese$
705,g-regex,false,false,2,1022468667,regex-trigram,560,431431856,17510140,false,false,"or(lit-any(n=1,len=6-6),lit-any(n=1,len=9-9))",6,10,\b(Agende|kVqlMPATv)\b
579,e-sub-trigram,true,false,33394,1017775876,literal-subtrigram,49800,789265738,26337370,true,false,literal-subtrigram,,10,mt
696,g-regex,false,false,2566,1007704207,regex-trigram,645,347536937,16522745,false,false,"or(lit-any(n=1,len=7-7),lit-any(n=1,len=11-11),lit-any(n=1,len=6-6))",2519,10,Suspend|Ausrutscher|EAAWjD
714,g-regex,false,false,104,1003355498,regex-trigram,364,399352245,17065389,false,false,"or(lit-any(n=1,len=5-5),lit-any(n=1,len=9-9))",115,10,\b(Warns|QueryList)\b
556,e-sub-trigram,true,false,186331,987618916,literal-subtrigram,49800,789265738,26337370,true,false,literal-subtrigram,,1,Au
827,g-regex,false,false,1192,986386125,regex-trigram,3808,565225772,21475667,false,false,"all(lit-any(n=1,len=1-1),lit-any(n=1,len=4-4))",62622,10,l.ield
783,g-regex,false,false,41,981259293,regex-trigram,53,380730868,17397119,false,false,"all(lit-any(n=1,len=1-1),lit-any(n=1,len=7-7))",250,1,a.eraceae
832,g-regex,false,false,30,968458375,regex-trigram,756,546883194,20603740,false,false,"all(lit-any(n=1,len=1-1),lit-any(n=1,len=7-7))",2557,10,m.rtified
710,g-regex,false,false,134,967973625,regex-trigram,682,448287992,18975448,false,false,"or(lit-any(n=1,len=11-11),lit-any(n=1,len=12-12))",119,10,\b(IRepository|participants)\b
582,e-sub-trigram,true,false,157699,957625291,literal-subtrigram,49800,789265738,26337370,true,false,literal-subtrigram,,10,p_
928,h-case-insensitive,true,true,15,948951791,regex-trigram,36,80052383,1132783,false,false,"lit-any(n=64,len=6-6)",16,1,baffin_island
831,g-regex,false,false,118,944296667,regex-trigram,6007,598745869,21635451,false,false,"all(lit-any(n=1,len=1-1),lit-any(n=1,len=4-4))",73067,10,m.gger
577,e-sub-trigram,true,false,1640,943227500,literal-subtrigram,49800,789265738,26337370,true,false,literal-subtrigram,,1,fZ
782,g-regex,false,false,260,936868332,regex-trigram,337,455799543,19497555,false,false,"all(lit-any(n=1,len=1-1),lit-any(n=1,len=4-4))",3007,10,a.eban
553,e-sub-trigram,true,false,76309,927205668,literal-subtrigram,49800,789265738,26337370,true,false,literal-subtrigram,,10,=>
807,g-regex,false,false,1273,925013208,regex-trigram,320,442467436,19201608,false,false,"all(lit-any(n=1,len=1-1),lit-any(n=1,len=8-8))",18230,10,e.terprise
708,g-regex,false,false,17,923210084,regex-trigram,108,428451310,18211745,false,false,"or(lit-any(n=1,len=5-5),lit-any(n=1,len=5-5))",20,1,\b(IAAKH|bairn)\b
785,g-regex,false,false,64,913988374,regex-trigram,801,517902986,20117815,false,false,"all(lit-any(n=1,len=1-1),lit-any(n=1,len=5-5))",88,10,a.horre
982,h-case-insensitive,true,true,94,910411666,regex-trigram,46,248872129,14491449,false,false,"lit-any(n=4,len=5-5)",94,1,zM160
777,g-regex,false,false,0,903655376,regex-trigram,85,391827464,17869001,false,false,"lit-any(n=1,len=5-5)",9,10,^[\t ]*outsw
261,b-rare-literal,true,false,3,896202167,literal-positional,106,368342087,17568353,false,false,literal-positional,,1,compacter
587,e-sub-trigram,true,false,128988,894733084,literal-subtrigram,49800,789265738,26337370,true,false,literal-subtrigram,,10,||
940,h-case-insensitive,true,true,6,874575875,regex-trigram,41,71524335,1176633,false,false,"lit-any(n=32,len=6-6)",1518,1,first_name_word_flag
863,g-regex,false,false,45811,873932083,regex-all,49800,789265738,26337370,true,true,"lit-any(n=1,len=1-1)",3812204,10,v[0-9]+
743,g-regex,false,false,1,871365415,regex-trigram,385,487243005,19689347,false,false,"lit-any(n=1,len=7-7)",1,10,\bicieses\b
557,e-sub-trigram,true,false,402562,865109792,literal-subtrigram,49800,789265738,26337370,true,false,literal-subtrigram,,10,Be
792,g-regex,false,false,1,863888375,regex-trigram,207,433921281,18552945,false,false,"lit-any(n=1,len=7-7)",456,10,awesome$
739,g-regex,false,false,119,861454793,regex-trigram,1450,551148722,20852506,false,false,"lit-any(n=1,len=5-5)",100,10,\bcacti\b
913,h-case-insensitive,true,true,33,859445128,regex-trigram,139,125780322,1559258,false,false,"lit-any(n=32,len=6-6)",319,1,_authContext
543,e-sub-trigram,true,false,184323,857831834,literal-subtrigram,49800,789265738,26337370,true,false,literal-subtrigram,,1,*/
546,e-sub-trigram,true,false,180299,855950832,literal-subtrigram,49800,789265738,26337370,true,false,literal-subtrigram,,10,/*
547,e-sub-trigram,true,false,106766,852277168,literal-subtrigram,49800,789265738,26337370,true,false,literal-subtrigram,,1,/>
767,g-regex,false,false,12,850252166,regex-trigram,247,465560296,19506796,false,false,"lit-any(n=1,len=7-7)",40,10,^[\t ]*arbiter
722,g-regex,false,false,8,845143083,regex-trigram,19,270350585,15417076,false,false,"or(lit-any(n=1,len=5-5),lit-any(n=1,len=11-11))",8,1,\b(nbpkg|ITestRunner)\b
768,g-regex,false,false,122,843477000,regex-trigram,434,426875584,18936133,false,false,"lit-any(n=1,len=3-3)",11067,10,^[\t ]*asm
558,e-sub-trigram,true,false,63881,840551583,literal-subtrigram,49800,789265738,26337370,true,false,literal-subtrigram,,10,CA
262,b-rare-literal,true,false,58,839271167,literal-positional,191,384466689,17519254,false,false,literal-positional,,1,compassing
717,g-regex,false,false,8,837768749,regex-trigram,35,287380357,14967210,false,false,"or(lit-any(n=1,len=7-7),lit-any(n=1,len=3-3))",62,1,\b(cbArrow|EeZ)\b
651,g-regex,false,false,528,835698000,regex-all,49800,789265738,26337370,true,true,"all(lit-any(n=1,len=1-1),lit-any(n=1,len=2-2))",83874,10,E.sh
794,g-regex,false,false,0,832587209,regex-trigram,51,379270681,18044064,false,false,"all(lit-any(n=1,len=6-6),lit-any(n=1,len=10-10))",0,1,boning.*pentahedra
791,g-regex,false,false,0,830201959,regex-trigram,616,522044999,20016649,false,false,"lit-any(n=1,len=9-9)",10,10,autoreply$
539,e-sub-trigram,true,false,492608,827494625,literal-subtrigram,49800,789265738,26337370,true,false,literal-subtrigram,,1,#
841,g-regex,false,false,1,826921749,regex-trigram,85,432000933,18637502,false,false,"lit-any(n=1,len=7-7)",11,1,overfed$
586,e-sub-trigram,true,false,47838,825226832,literal-subtrigram,49800,789265738,26337370,true,false,literal-subtrigram,,1,{}
561,e-sub-trigram,true,false,17510,823939374,literal-subtrigram,49800,789265738,26337370,true,false,literal-subtrigram,,1,Ei
749,g-regex,false,false,4064,822152249,regex-trigram,1123,479177054,19702490,false,false,"lit-any(n=1,len=4-4)",24384,10,\bshop\b
852,g-regex,false,false,4,817596666,regex-trigram,62,388276842,17852134,false,false,"all(lit-any(n=1,len=1-1),lit-any(n=1,len=9-9))",4,1,s.antwitter
545,e-sub-trigram,true,false,75001,808348166,literal-subtrigram,49800,789265738,26337370,true,false,literal-subtrigram,,1,->
602,f-high-frequency,true,false,682890,808098042,literal-positional,15751,709915454,24502799,false,false,literal-positional,,1,and
554,e-sub-trigram,true,false,41277,805593918,literal-subtrigram,49800,789265738,26337370,true,false,literal-subtrigram,,10,>=
585,e-sub-trigram,true,false,50249,799319166,literal-subtrigram,49800,789265738,26337370,true,false,literal-subtrigram,,1,zm
709,g-regex,false,false,14,792161918,regex-trigram,51,248468547,14664282,false,false,"or(lit-any(n=1,len=5-5),lit-any(n=1,len=11-11))",20,1,\b(IAExB|wdrpDomains)\b
542,e-sub-trigram,true,false,39652,785719416,literal-subtrigram,49800,789265738,26337370,true,false,literal-subtrigram,,1,){
540,e-sub-trigram,true,false,116462,782554707,literal-subtrigram,49800,789265738,26337370,true,false,literal-subtrigram,,1,&&
564,e-sub-trigram,true,false,46105,778481832,literal-subtrigram,49800,789265738,26337370,true,false,literal-subtrigram,,10,MA
538,e-sub-trigram,true,false,85298,777365291,literal-subtrigram,49800,789265738,26337370,true,false,literal-subtrigram,,10,!=
847,g-regex,false,false,0,775890125,regex-trigram,1339,556576461,20795956,false,false,"lit-any(n=1,len=8-8)",2,10,platiest$
551,e-sub-trigram,true,false,14619,774550248,literal-subtrigram,49800,789265738,26337370,true,false,literal-subtrigram,,1,<=
750,g-regex,false,false,87,773833958,regex-trigram,58,383447894,17887492,false,false,"lit-any(n=1,len=4-4)",70,1,\bsnub\b
713,g-regex,false,false,6,773143750,regex-trigram,33,264277087,15118194,false,false,"or(lit-any(n=1,len=12-12),lit-any(n=1,len=6-6))",6,1,\b(UploadFailed|OAAQpZ)\b
571,e-sub-trigram,true,false,9237,771826457,literal-subtrigram,49800,789265738,26337370,true,false,literal-subtrigram,,1,](
566,e-sub-trigram,true,false,331734,767140208,literal-subtrigram,49800,789265738,26337370,true,false,literal-subtrigram,,10,Q
631,f-high-frequency,true,false,603991,764700792,literal-positional,14030,687711663,24099696,false,false,literal-positional,,1,var
567,e-sub-trigram,true,false,3101,763608958,literal-subtrigram,49800,789265738,26337370,true,false,literal-subtrigram,,10,Uv
570,e-sub-trigram,true,false,41039,761182417,literal-subtrigram,49800,789265738,26337370,true,false,literal-subtrigram,,10,[]
837,g-regex,false,false,1,760034209,regex-trigram,79,396025009,18006815,false,false,"lit-any(n=1,len=10-10)",13,1,northwards$
565,e-sub-trigram,true,false,5349,758552790,literal-subtrigram,49800,789265738,26337370,true,false,literal-subtrigram,,10,OA
766,g-regex,false,false,1,757600875,regex-trigram,76,399169764,18124996,false,false,"lit-any(n=1,len=10-10)",1,1,^[\t ]*appraisees
724,g-regex,false,false,10,753565208,regex-trigram,10,245303335,14635131,false,false,"or(lit-any(n=1,len=12-12),lit-any(n=1,len=5-5))",10,1,\b(totalGotNoNJ|KApIF)\b
858,g-regex,false,false,31,750632083,regex-trigram,104,422021839,18052142,false,false,"all(lit-any(n=1,len=1-1),lit-any(n=1,len=7-7))",31,1,t.pcities
627,f-high-frequency,true,false,559692,749933542,literal-positional,16632,686472343,24067002,false,false,literal-positional,,1,the
993,i-unicode,true,false,18,743063958,literal-subtrigram,49800,789265738,26337370,true,false,literal-subtrigram,,10,Σ
612,f-high-frequency,true,false,427707,741360624,literal-positional,19203,729573897,24952356,false,false,literal-positional,,1,for
560,e-sub-trigram,true,false,43721,741105165,literal-subtrigram,49800,789265738,26337370,true,false,literal-subtrigram,,10,EA
742,g-regex,false,false,238,738661959,regex-trigram,2029,552947272,21208803,false,false,"lit-any(n=1,len=7-7)",318,10,\bfounder\b
916,h-case-insensitive,true,true,43,737890459,regex-trigram,44,258938417,14615928,false,false,"lit-any(n=2,len=4-4)",43,1,a595
992,i-unicode,true,false,2508,735067209,literal-subtrigram,49800,789265738,26337370,true,false,literal-subtrigram,,10,»
867,g-regex,false,false,1,734905958,regex-trigram,53,377314882,17940178,false,false,"all(lit-any(n=1,len=3-3),lit-any(n=1,len=6-6))",1,1,yak.*raving
769,g-regex,false,false,28,731775792,regex-trigram,50,383981538,17903059,false,false,"lit-any(n=1,len=11-11)",76,1,^[\t ]*avoirdupois
991,i-unicode,true,false,273,730519458,literal-subtrigram,49800,789265738,26337370,true,false,literal-subtrigram,,10,©
497,d-metachar-literal,true,false,75788,727539583,literal-subtrigram,49800,789265738,26337370,true,false,literal-subtrigram,,10,\n
726,g-regex,false,false,1,726880376,regex-trigram,57,346206945,15935785,false,false,"lit-any(n=1,len=11-11)",1,1,\bDegradation\b
747,g-regex,false,false,28,720935790,regex-trigram,58,301792259,15659541,false,false,"lit-any(n=1,len=9-9)",28,1,\bnodeDepth\b
639,g-regex,false,false,0,708898291,regex-trigram,71,362655239,16560991,false,false,"all(lit-any(n=1,len=6-6),lit-any(n=1,len=5-5))",0,1,Ascoli.*ullar
568,e-sub-trigram,true,false,4240,705651918,literal-subtrigram,49800,789265738,26337370,true,false,literal-subtrigram,,10,YA
562,e-sub-trigram,true,false,2548,702260582,literal-subtrigram,49800,789265738,26337370,true,false,literal-subtrigram,,10,H5
851,g-regex,false,false,0,699037749,regex-trigram,26,263375173,15163357,false,false,"all(lit-any(n=1,len=9-9),lit-any(n=1,len=10-10))",0,1,rtDivider.*classnames
643,g-regex,false,false,0,686911376,regex-trigram,40,352265006,16213804,false,false,"all(lit-any(n=1,len=9-9),lit-any(n=1,len=8-8))",0,1,Broadcast.*abisinio
751,g-regex,false,false,1,681129501,regex-trigram,336,498181865,19772581,false,false,"lit-any(n=1,len=10-10)",1,10,\bvalidities\b
752,g-regex,false,false,9,678964292,regex-trigram,83,306505506,15522248,false,false,"lit-any(n=1,len=8-8)",17,1,\bviewData\b
746,g-regex,false,false,8,672124708,regex-trigram,38,373918804,17506643,false,false,"lit-any(n=1,len=12-12)",8,1,\blegalworking\b
588,e-sub-trigram,true,false,164367,668552583,literal-subtrigram,49800,789265738,26337370,true,false,literal-subtrigram,,10,~
634,g-regex,false,false,4077,667457750,regex-trigram,385,380026184,16979541,false,false,"lit-any(n=1,len=2-2)",4388,10,0x[0-9a-fA-F]+
793,g-regex,false,false,39,651568333,regex-trigram,237,437464276,19029837,false,false,"lit-any(n=1,len=7-7)",1007,10,benefit$
635,g-regex,false,false,0,651404959,regex-trigram,24,310278053,15789401,false,false,"lit-any(n=1,len=12-12)",1,1,Abbaubarkeit$
693,g-regex,false,false,0,650809043,regex-trigram,483,454167353,17872021,false,false,"all(lit-any(n=1,len=6-6),lit-any(n=1,len=6-6))",0,10,Stride.*closer
780,g-regex,false,false,8,637456707,regex-trigram,110,291984739,15902477,false,false,"lit-any(n=1,len=3-3)",783,10,^[\t ]*sdb
894,h-case-insensitive,true,true,187,637047249,regex-trigram,51,236749790,13656522,false,false,"lit-any(n=2,len=3-3)",174,1,H31
862,g-regex,false,false,6,628557291,regex-trigram,147,307177653,16157976,false,false,"lit-any(n=1,len=4-4)",518,10,uuid$
569,e-sub-trigram,true,false,295789,626333874,literal-subtrigram,49800,789265738,26337370,true,false,literal-subtrigram,,10,Z
814,g-regex,false,false,7,625088375,regex-trigram,82,389245686,18091189,false,false,"lit-any(n=1,len=3-3)",830,1,gip$
859,g-regex,false,false,0,616405916,regex-trigram,13,247783107,14772295,false,false,"all(lit-any(n=1,len=6-6),lit-any(n=1,len=8-8))",0,1,temela.*sbMissed
706,g-regex,false,false,5,614678167,regex-trigram,20,221914050,13342518,false,false,"all(lit-any(n=1,len=2-2),or(lit-any(n=1,len=4-4),lit-any(n=1,len=4-4)))",16,1,\b(EACUsB|EAAKiK)\b
806,g-regex,false,false,7,614198374,regex-trigram,36,294157217,15386794,false,false,"all(lit-any(n=1,len=1-1),lit-any(n=1,len=8-8))",7,1,e.gineMock
755,g-regex,false,false,1,605959167,regex-trigram,72,364388097,16457564,false,false,"lit-any(n=1,len=7-7)",1,1,^[\t ]*Bacardi
748,g-regex,false,false,683,605895292,regex-trigram,119,406521664,18250602,false,false,"lit-any(n=1,len=8-8)",595,10,\bpowerful\b
961,h-case-insensitive,true,true,12,596562669,regex-trigram,28,85730951,1150741,false,false,"lit-any(n=32,len=6-6)",388,1,phone_number_throttle_id
813,g-regex,false,false,0,593912418,regex-trigram,10,273485695,15607148,false,false,"all(lit-any(n=1,len=8-8),lit-any(n=1,len=7-7))",0,1,fsfreeze.*exhales
868,g-regex,false,false,0,592104791,regex-trigram,61,335144520,16160497,false,false,"all(lit-any(n=1,len=6-6),lit-any(n=1,len=3-3))",0,1,yerais.*War
944,h-case-insensitive,true,true,3,589387958,regex-trigram,13,147655634,8803654,false,false,"lit-any(n=4,len=6-6)",3,1,h363q28
695,g-regex,false,false,0,586964875,regex-trigram,15,256412790,14990228,false,false,"all(lit-any(n=1,len=12-12),lit-any(n=1,len=8-8))",0,1,StripAccents.*daughter
619,f-high-frequency,true,false,252051,585654626,literal-positional,14122,675294744,23500442,false,false,literal-positional,,1,new
779,g-regex,false,false,1,583567665,regex-trigram,118,414341728,18589893,false,false,"lit-any(n=1,len=5-5)",54,10,^[\t ]*quelo
915,h-case-insensitive,true,true,313,578100668,regex-trigram,95,119851027,1573623,false,false,"lit-any(n=32,len=6-6)",239,10,_weight
815,g-regex,false,false,0,574681583,regex-trigram,62,392967186,18037998,false,false,"lit-any(n=1,len=12-12)",2,1,globigerinae$
738,g-regex,false,false,1,573509793,regex-trigram,49,376572089,17755165,false,false,"lit-any(n=1,len=8-8)",1,1,\bbanjoist\b
694,g-regex,false,false,0,568768874,regex-trigram,37,296041022,15405156,false,false,"all(lit-any(n=1,len=12-12),lit-any(n=1,len=7-7))",0,1,StringRepeat.*setCost
914,h-case-insensitive,true,true,12,567708081,regex-trigram,57,93692183,1141696,false,false,"lit-any(n=32,len=6-6)",54,1,_meridiemParse
855,g-regex,false,false,0,566951710,regex-trigram,30,290175084,15409118,false,false,"lit-any(n=1,len=10-10)",5,1,stackDepth$
770,g-regex,false,false,4,564300293,regex-trigram,34,266330935,15168768,false,false,"lit-any(n=1,len=7-7)",32,1,^[\t ]*bLookup
839,g-regex,false,false,0,559557458,regex-trigram,23,260234615,15093292,false,false,"lit-any(n=1,len=12-12)",18,1,occurSession$
864,g-regex,false,false,0,546184751,regex-trigram,19,258396655,15031857,false,false,"all(lit-any(n=1,len=7-7),lit-any(n=1,len=11-11))",0,1,whammed.*OrdinalMeta
804,g-regex,false,false,0,545439042,regex-trigram,57,303693440,15427591,false,false,"lit-any(n=1,len=7-7)",238,1,domNode$
776,g-regex,false,false,0,544382208,regex-trigram,6,233825372,14359366,false,false,"lit-any(n=1,len=8-8)",6,1,^[\t ]*innerTbl
774,g-regex,false,false,0,542276457,regex-trigram,44,372332531,17752515,false,false,"lit-any(n=1,len=10-10)",2,1,^[\t ]*gearmanjob
725,g-regex,false,false,1,533198291,regex-trigram,41,315981043,15847550,false,false,"lit-any(n=1,len=10-10)",1,1,\bBrechttext\b
756,g-regex,false,false,894,532195375,regex-trigram,36,319851486,16072774,false,false,"lit-any(n=1,len=10-10)",1552,1,^[\t ]*Birmingham
765,g-regex,false,false,21,531673208,regex-trigram,67,302502294,15562166,false,false,"lit-any(n=1,len=12-12)",39,1,^[\t ]*IncludeItems
86,a-common-literal,true,false,136982,526811334,literal-positional,24379,650922194,23201843,false,false,literal-positional,,1,class
692,g-regex,false,false,0,526608458,regex-trigram,28,307233119,15811554,false,false,"lit-any(n=1,len=6-6)",7,1,Sabieh$
772,g-regex,false,false,6,523943291,regex-trigram,14,270332060,15474856,false,false,"lit-any(n=1,len=4-4)",10,1,^[\t ]*dgpg
107,a-common-literal,true,false,257670,523513251,literal-positional,3711,547638747,20547866,false,false,literal-positional,,1,function
753,g-regex,false,false,20,522024793,regex-trigram,369,335190148,16034500,false,false,"lit-any(n=1,len=10-10)",509,10,^[\t ]*AccountLog
778,g-regex,false,false,0,521649333,regex-trigram,60,264803619,15179522,false,false,"lit-any(n=1,len=11-11)",22,10,^[\t ]*paypalError
649,g-regex,false,false,0,516497791,regex-trigram,15,258345976,14974588,false,false,"all(lit-any(n=1,len=5-5),lit-any(n=1,len=8-8))",0,1,Cuneo.*deltaEnd
760,g-regex,false,false,0,515385167,regex-trigram,12,225285242,13392152,false,false,"lit-any(n=1,len=5-5)",4,1,^[\t ]*GADCC
771,g-regex,false,false,0,509928415,regex-trigram,37,284088586,15317565,false,false,"lit-any(n=1,len=11-11)",18,1,^[\t ]*countryFlag
139,a-common-literal,true,false,259689,508766625,literal-positional,11347,587636888,21413574,false,false,literal-positional,,1,return
145,a-common-literal,true,false,157302,507871332,literal-positional,15300,604178768,22172651,false,false,literal-positional,,1,string
736,g-regex,false,false,2,501616001,regex-trigram,61,297267977,15470552,false,false,"lit-any(n=1,len=9-9)",37,1,\bSplitWord\b
802,g-regex,false,false,0,495526499,regex-trigram,167,155100147,2163494,false,false,"lit-any(n=1,len=8-8)",10,1,"digitate[(){};,]"
676,g-regex,false,false,0,495143541,regex-trigram,22,240268569,14343007,false,false,"lit-any(n=1,len=6-6)",2,1,IACpCw$
775,g-regex,false,false,0,493619500,regex-trigram,24,273312575,15447625,false,false,"lit-any(n=1,len=4-4)",83,1,^[\t ]*gpgp
730,g-regex,false,false,2,493290169,regex-trigram,36,318941823,15905266,false,false,"lit-any(n=1,len=5-5)",2,1,\bLoski\b
672,g-regex,false,false,0,488976168,regex-trigram,18,302314281,15612075,false,false,"lit-any(n=1,len=8-8)",3,1,Gurmukhi$
846,g-regex,false,false,0,484438708,regex-trigram,12,240436248,14458588,false,false,"lit-any(n=1,len=9-9)",4,1,pkgExists$
759,g-regex,false,false,0,484425961,regex-trigram,33,296565655,15406522,false,false,"lit-any(n=1,len=11-11)",2,1,^[\t ]*EmitterNode
849,g-regex,false,false,0,484337167,regex-trigram,29,353523818,16923870,false,false,"lit-any(n=1,len=8-8)",1,1,qrandset$
763,g-regex,false,false,0,481613501,regex-trigram,14,223558732,13361282,false,false,"lit-any(n=1,len=6-6)",2,1,^[\t ]*IACnBE
680,g-regex,false,false,2,480881376,regex-trigram,50,269495728,15238799,false,false,"lit-any(n=1,len=11-11)",24,1,LibraryPage$
647,g-regex,false,false,1125,461001999,regex-trigram,469,238979891,13646009,false,false,"all(lit-any(n=1,len=1-1),lit-any(n=1,len=4-4))",1078,10,C.MMIT
656,g-regex,false,false,0,459634625,regex-trigram,3,219462977,13342563,false,false,"all(lit-any(n=1,len=7-7),lit-any(n=1,len=8-8))",0,1,EAAQuiC.*TicketID
773,g-regex,false,false,0,458999666,regex-trigram,44,267009583,15166174,false,false,"lit-any(n=1,len=11-11)",13,1,^[\t ]*fromEntries
735,g-regex,false,false,2,454839419,regex-trigram,55,251703104,13347255,false,false,"lit-any(n=1,len=6-6)",2,1,\bSAAAmE\b
678,g-regex,false,false,0,448577541,regex-trigram,6,220236177,13343047,false,false,"all(lit-any(n=1,len=7-7),lit-any(n=1,len=7-7))",0,1,IAGlEsF.*isProto
737,g-regex,false,false,1096,439109875,regex-trigram,65,235661759,13653899,false,false,"lit-any(n=1,len=5-5)",1089,10,\bUSAGE\b
826,g-regex,false,false,170,435466458,regex-trigram,199,392250915,18119117,false,false,"all(lit-any(n=1,len=1-1),lit-any(n=1,len=4-4))",158,10,k.ytab
662,g-regex,false,false,0,428132707,regex-trigram,3,219462977,13342563,false,false,"all(lit-any(n=1,len=7-7),lit-any(n=1,len=6-6))",0,1,EiErpQM.*EAAMuI
842,g-regex,false,false,9,421461793,regex-trigram,32,262486770,15155410,false,false,"all(lit-any(n=1,len=1-1),lit-any(n=1,len=10-10))",14,1,p.ymentInfos
135,a-common-literal,true,false,141205,420946415,literal-positional,20618,570449940,21658273,false,false,literal-positional,,1,public
754,g-regex,false,false,0,411070958,regex-trigram,6,221373892,13342804,false,false,"lit-any(n=1,len=7-7)",2,1,^[\t ]*AwBhrEI
697,g-regex,false,false,0,405011710,regex-trigram,9,224782270,13414394,false,false,"lit-any(n=1,len=7-7)",11,1,UNICODE$
856,g-regex,false,false,0,393439251,regex-trigram,132,115109956,1810747,false,false,"lit-any(n=1,len=11-11)",43,10,"submittable[(){};,]"
637,g-regex,false,false,0,390200875,regex-trigram,92,92043659,756033,false,false,"lit-any(n=1,len=9-9)",0,1,"Andernach[(){};,]"
490,d-metachar-literal,true,false,2,389586085,literal-positional,19,258240916,15075370,false,false,literal-positional,,1,KingsOfRnb.com
484,d-metachar-literal,true,false,6,386847208,literal-positional,6,236362718,14422723,false,false,literal-positional,,1,AlAbbasiFamily.com
953,h-case-insensitive,true,true,56,382914332,regex-trigram,9,55692513,828633,false,false,"lit-any(n=32,len=6-6)",77,1,magic_quotes_runtime
266,b-rare-literal,true,false,3,381583833,literal-positional,330,367476209,16574062,false,false,literal-positional,,1,dataGrouping
644,g-regex,false,false,21,376923540,regex-trigram,171,285451088,15362040,false,false,"all(lit-any(n=1,len=1-1),lit-any(n=1,len=3-3))",2834,10,C.AtC
646,g-regex,false,false,2,376223918,regex-trigram,19,248010893,14657807,false,false,"all(lit-any(n=1,len=1-1),lit-any(n=1,len=5-5))",2,1,C.GzBrE
666,g-regex,false,false,0,367775500,regex-trigram,84,209629589,9392283,false,false,"lit-any(n=1,len=4-4)",26,1,GAAP$
112,a-common-literal,true,false,50924,366958333,literal-positional,6563,545601797,20553476,false,false,literal-positional,,1,import
645,g-regex,false,false,1,365042459,regex-trigram,17,243685047,14450184,false,false,"all(lit-any(n=1,len=1-1),lit-any(n=1,len=6-6))",1,1,C.CjBogB
689,g-regex,false,false,0,360435458,regex-trigram,23,224253060,13388440,false,false,"lit-any(n=1,len=12-12)",1,1,REDEFINITION$
88,a-common-literal,true,false,438,360349708,literal-positional,1112,432565665,18163739,false,false,literal-positional,,1,conditioning
263,b-rare-literal,true,false,13,345579084,literal-positional,14,305988402,15867831,false,false,literal-positional,,1,cretonne
664,g-regex,false,false,68,343765125,regex-trigram,36,256985155,14946665,false,false,"all(lit-any(n=1,len=1-1),lit-any(n=1,len=7-7))",68,1,F.exAlign
789,g-regex,false,false,0,339945374,regex-trigram,419,209196911,3873486,false,false,"lit-any(n=1,len=7-7)",25,10,agreste[ \t]
685,g-regex,false,false,1,337588623,regex-trigram,15,246173989,14654668,false,false,"all(lit-any(n=1,len=1-1),lit-any(n=1,len=4-4))",8,1,Q.ASuL
840,g-regex,false,false,0,333661874,regex-trigram,332,157395394,2332172,false,false,"lit-any(n=1,len=7-7)",12,10,"ommited[(){};,]"
416,c-phrase-literal,true,false,38000,332895708,literal-positional,12744,337961946,15818614,false,false,literal-positional,,1,using System
114,a-common-literal,true,false,136,328495791,literal-positional,235,416607840,18339911,false,false,literal-positional,,1,instrumentation
811,g-regex,false,false,1,325623584,regex-trigram,20,45076207,496823,false,false,"lit-any(n=1,len=12-12)",6,1,existingSort[ \t]
524,d-metachar-literal,true,false,1900,321545333,literal-positional,529,424343050,16696332,false,false,literal-positional,,1,this.$outdent
603,f-high-frequency,true,false,13592,311936875,literal-positional,1344,430002387,18435304,false,false,literal-positional,,1,bright
853,g-regex,false,false,0,311890332,regex-trigram,31,78451144,1056486,false,false,"lit-any(n=1,len=10-10)",6,1,"searchtype[(){};,]"
417,c-phrase-literal,true,false,800,309050500,literal-positional,476,398899061,16918902,false,false,literal-positional,,1,var next_indent
623,f-high-frequency,true,false,152,308697209,literal-positional,372,420050461,17897111,false,false,literal-positional,,1,parseExpectedExpression
636,g-regex,false,false,0,307630791,regex-trigram,2,78087834,4641113,false,false,"all(lit-any(n=1,len=11-11),lit-any(n=1,len=6-6))",0,1,AllVersions.*EAAOtM
983,h-case-insensitive,true,true,9,306324792,regex-trigram,32,14646269,285756,false,false,"lit-any(n=32,len=6-6)",18480,1,zone_domains_tld_company
239,b-rare-literal,true,false,1,304571915,literal-positional,31,234115868,14356893,false,false,literal-positional,,1,TryGetOriginalException
31,a-common-literal,true,false,170,301494500,literal-positional,21,295983220,15334578,false,false,literal-positional,,1,Kannada
529,d-metachar-literal,true,false,492,298923875,literal-positional,234,373642089,17150045,false,false,literal-positional,,1,window.location
526,d-metachar-literal,true,false,73378,298386667,literal-positional,689,390634652,17367765,false,false,literal-positional,,1,to.
151,a-common-literal,true,false,37,297698541,literal-positional,62,336898523,15361310,false,false,literal-positional,,1,transformOrigin
848,g-regex,false,false,18,297293000,regex-trigram,241,170654843,2304672,false,false,"lit-any(n=1,len=9-9)",1008,10,"political[(){};,]"
72,a-common-literal,true,false,326,294062582,literal-positional,38,357078387,17359103,false,false,literal-positional,,1,agora
590,f-high-frequency,true,false,869,292291124,literal-positional,400,299168442,15616399,false,false,literal-positional,,1,Braintree
19,a-common-literal,true,false,10,291988751,literal-positional,60,261692558,14748940,false,false,literal-positional,,1,FormatterName
148,a-common-literal,true,false,293,290467000,literal-positional,32,359745556,17419945,false,false,literal-positional,,1,terrorism
857,g-regex,false,false,12,288499624,regex-trigram,120,73820865,1021492,false,false,"lit-any(n=1,len=9-9)",20,10,"superCall[(){};,]"
227,b-rare-literal,true,false,1,288119917,literal-positional,36,245745119,14791658,false,false,literal-positional,,1,PackedBubbleComposition
508,d-metachar-literal,true,false,2375,287047041,literal-positional,467,405723580,17879962,false,false,literal-positional,,1,etc.
352,c-phrase-literal,true,false,1,286421959,literal-positional,418,295218911,15401574,false,false,literal-positional,,1,ProGet Version
699,g-regex,false,false,3,286267251,regex-trigram,39,226579821,13374216,false,false,"all(lit-any(n=1,len=1-1),lit-any(n=1,len=4-4))",9,1,W.CtBC
615,f-high-frequency,true,false,323,281438414,literal-positional,133,336591397,16370067,false,false,literal-positional,,1,lineNumber
34,a-common-literal,true,false,8,279029583,literal-positional,37,237422984,14550037,false,false,literal-positional,,1,LoadUrlForwarding
629,f-high-frequency,true,false,142,277220375,literal-positional,66,354372871,16904593,false,false,literal-positional,,1,tickPositions
54,a-common-literal,true,false,42,273712748,literal-positional,63,239608414,14662038,false,false,literal-positional,,1,TimeSyncService
523,d-metachar-literal,true,false,1058,273576709,literal-positional,527,336905953,16392415,false,false,literal-positional,,1,them.
492,d-metachar-literal,true,false,62,273505499,literal-positional,11,236440963,14527911,false,false,literal-positional,,1,Partitions.
25,a-common-literal,true,false,2,273140042,literal-positional,13,234108190,14368775,false,false,literal-positional,,1,HasGoDaddyPermissions
67,a-common-literal,true,false,9,273063250,literal-positional,16,316206585,15549058,false,false,literal-positional,,1,absorption_indicator
152,a-common-literal,true,false,6325,272988751,literal-positional,493,336824849,15427920,false,false,literal-positional,,1,webk
174,b-rare-literal,true,false,1,272959417,literal-positional,6,241607215,14608604,false,false,literal-positional,,1,Blattspreite
353,c-phrase-literal,true,false,21,271952542,literal-positional,53,246242959,14687794,false,false,literal-positional,,1,Produce the
92,a-common-literal,true,false,62,271343044,literal-positional,29,333363826,16038521,false,false,literal-positional,,1,corridor
607,f-high-frequency,true,false,40,270716790,literal-positional,75,344748694,15492862,false,false,literal-positional,,1,disableEventListeners
798,g-regex,false,false,7,270593667,regex-trigram,156,161681045,2740295,false,false,"lit-any(n=1,len=6-6)",130,10,catena[ \t]
614,f-high-frequency,true,false,49,269649709,literal-positional,49,334769485,16684580,false,false,literal-positional,,1,lastMinute
102,a-common-literal,true,false,518,269360625,literal-positional,33,358002845,17009170,false,false,literal-positional,,1,educate
53,a-common-literal,true,false,16369,267656915,literal-positional,67,284939539,15704830,false,false,literal-positional,,1,Tee
625,f-high-frequency,true,false,255,267244585,literal-positional,74,324926103,16223824,false,false,literal-positional,,1,setMatcher
604,f-high-frequency,true,false,97,266323207,literal-positional,41,339520633,16696749,false,false,literal-positional,,1,caffeine
238,b-rare-literal,true,false,3,265320001,literal-positional,14,234187326,14356313,false,false,literal-positional,,1,SaveWebsiteMonitor
143,a-common-literal,true,false,79,265273042,literal-positional,39,300423685,15606917,false,false,literal-positional,,1,seriesGroup
258,b-rare-literal,true,false,1,263345752,literal-positional,12,275511978,15604598,false,false,literal-positional,,1,calendarpicker
259,b-rare-literal,true,false,28,262096167,literal-positional,18,317801321,15494706,false,false,literal-positional,,1,chauvinistic
810,g-regex,false,false,0,260841709,regex-trigram,76,167325263,2777711,false,false,"lit-any(n=1,len=9-9)",0,1,etreeplot[ \t]
371,c-phrase-literal,true,false,21,260063458,literal-positional,25,284967672,15787255,false,false,literal-positional,,1,case group_concat
55,a-common-literal,true,false,12,259790334,literal-positional,34,223636341,13356311,false,false,literal-positional,,1,TokenException
75,a-common-literal,true,false,41,259073667,literal-positional,15,295340289,15322231,false,false,literal-positional,,1,ashram
373,c-phrase-literal,true,false,5,258361751,literal-positional,199,325366857,15617773,false,false,literal-positional,,1,class Writer
632,f-high-frequency,true,false,12602,258352541,literal-positional,419,404882556,16978223,false,false,literal-positional,,1,views
626,f-high-frequency,true,false,2130,257484209,literal-positional,244,397664216,17904111,false,false,literal-positional,,1,spell
126,a-common-literal,true,false,756,257122584,literal-positional,27,338729280,16898460,false,false,literal-positional,,1,ntida
589,f-high-frequency,true,false,776,257100251,literal-positional,289,279598991,15063175,false,false,literal-positional,,1,Ascending
368,c-phrase-literal,true,false,2150,255664625,literal-positional,86,360397617,15952128,false,false,literal-positional,,1,alter table
32,a-common-literal,true,false,2845,255463751,literal-positional,35,256952992,15088300,false,false,literal-positional,,1,Karma
256,b-rare-literal,true,false,31,255142125,literal-positional,13,316628219,15595668,false,false,literal-positional,,1,asperity
77,a-common-literal,true,false,89,254636417,literal-positional,31,336497898,16343346,false,false,literal-positional,,1,avocado
265,b-rare-literal,true,false,6,254289459,literal-positional,4,244053863,14064241,false,false,literal-positional,,1,ctela
254,b-rare-literal,true,false,2,251806460,literal-positional,22,337986213,16787640,false,false,literal-positional,,1,alivian
260,b-rare-literal,true,false,1,250875915,literal-positional,44,292845656,15326170,false,false,literal-positional,,1,checkbox_starts_with
489,d-metachar-literal,true,false,5434,249568292,literal-positional,600,265113938,15182917,false,false,literal-positional,,1,Directory.
81,a-common-literal,true,false,3,249559833,literal-positional,34,300077100,15448478,false,false,literal-positional,,1,bookmark_edit_name
33,a-common-literal,true,false,107,249359792,literal-positional,54,257901202,14868276,false,false,literal-positional,,1,KtB
91,a-common-literal,true,false,4,248830791,literal-positional,55,362706659,16736268,false,false,literal-positional,,1,controls_display
406,c-phrase-literal,true,false,12471,248661084,literal-positional,5429,315081876,15259169,false,false,literal-positional,,1,public int
522,d-metachar-literal,true,false,14,248554334,literal-positional,98,348154863,16092900,false,false,literal-positional,,1,round((select
617,f-high-frequency,true,false,23,248325583,literal-positional,37,266561748,15098421,false,false,literal-positional,,1,loginCount
80,a-common-literal,true,false,443,248166541,literal-positional,21,341348309,16814023,false,false,literal-positional,,1,birl
609,f-high-frequency,true,false,53,247860459,literal-positional,9,233513526,14342648,false,false,literal-positional,,1,esDocument
164,b-rare-literal,true,false,1057,247319208,literal-positional,18,303596304,15553477,false,false,literal-positional,,1,Arabian
363,c-phrase-literal,true,false,714,247166833,literal-positional,453,274511189,15146415,false,false,literal-positional,,1,This will
141,a-common-literal,true,false,444,246721040,literal-positional,27,355034902,17228138,false,false,literal-positional,,1,schel
271,b-rare-literal,true,false,1,245534376,literal-positional,18,339520327,16635063,false,false,literal-positional,,1,generator_priority
630,f-high-frequency,true,false,28,245487875,literal-positional,43,337457609,15865523,false,false,literal-positional,,1,usernameSecret
608,f-high-frequency,true,false,263,244813167,literal-positional,23,344808944,16950325,false,false,literal-positional,,1,emmet
665,g-regex,false,false,2,242932626,regex-trigram,347,142329371,1524636,false,false,"lit-any(n=1,len=7-7)",9,10,"Flowers[(){};,]"
93,a-common-literal,true,false,188,242799043,literal-positional,31,349789630,16715150,false,false,literal-positional,,1,creak
527,d-metachar-literal,true,false,454,242577417,literal-positional,149,312183339,15997782,false,false,literal-positional,,1,users.
43,a-common-literal,true,false,15,242355625,literal-positional,34,271021342,14863658,false,false,literal-positional,,1,PricePerAdditionalServer
73,a-common-literal,true,false,12,241839792,literal-positional,14,295520795,16262221,false,false,literal-positional,,1,altruistically
68,a-common-literal,true,false,13,241393835,literal-positional,24,335775413,16597939,false,false,literal-positional,,1,achromatous
317,c-phrase-literal,true,false,2,241332460,literal-positional,9,217304978,13343610,false,false,literal-positional,,1,Copying Files
257,b-rare-literal,true,false,96,240441207,literal-positional,45,279859323,15583732,false,false,literal-positional,,1,bpg
127,a-common-literal,true,false,12,239995623,literal-positional,24,262937208,15112499,false,false,literal-positional,,1,num2fraction
162,b-rare-literal,true,false,1,239382709,literal-positional,3,217237902,13341752,false,false,literal-positional,,1,AmbiguityMonitor
182,b-rare-literal,true,false,21,238408252,literal-positional,8,242995512,14723323,false,false,literal-positional,,1,Concetta
829,g-regex,false,false,0,236888750,regex-trigram,31,85305899,1273568,false,false,"lit-any(n=1,len=9-9)",4,1,"lexically[(){};,]"
591,f-high-frequency,true,false,15168,236829623,literal-positional,425,283882783,15526431,false,false,literal-positional,,1,Daily
253,b-rare-literal,true,false,1,235349250,literal-positional,23,318232844,15582054,false,false,literal-positional,,1,alcornocal
117,a-common-literal,true,false,120,235338333,literal-positional,31,278234562,15434355,false,false,literal-positional,,1,jpn
361,c-phrase-literal,true,false,7,235035414,literal-positional,18,265863886,14037480,false,false,literal-positional,,1,Stream the
293,b-rare-literal,true,false,1,233814459,literal-positional,11,248678456,14884753,false,false,literal-positional,,1,setTransferTimer
374,c-phrase-literal,true,false,25,233633542,literal-positional,30,301643612,14474833,false,false,literal-positional,,1,create any
520,d-metachar-literal,true,false,2646,232602498,literal-positional,478,275749512,15522567,false,false,literal-positional,,1,repository.
316,c-phrase-literal,true,false,3747,232081706,literal-positional,379,219250547,13381143,false,false,literal-positional,,1,Content Include
180,b-rare-literal,true,false,1,231484874,literal-positional,7,246255084,14683932,false,false,literal-positional,,1,ChineseHongKong
336,c-phrase-literal,true,false,2,231455376,literal-positional,5,233488400,14342149,false,false,literal-positional,,1,Output change
46,a-common-literal,true,false,5020,231365041,literal-positional,24,258719021,15081501,false,false,literal-positional,,1,Schools
407,c-phrase-literal,true,false,2,231042708,literal-positional,32,227196259,13588686,false,false,literal-positional,,1,remove credentials
401,c-phrase-literal,true,false,11854,229946499,literal-positional,1080,242754048,14136251,false,false,literal-positional,,1,inner join
599,f-high-frequency,true,false,91,229578041,literal-positional,43,243100775,14547973,false,false,literal-positional,,1,SelectElement
628,f-high-frequency,true,false,533,228915499,literal-positional,131,334598693,15588120,false,false,literal-positional,,1,thousands
325,c-phrase-literal,true,false,4,228613041,literal-positional,119,224293260,13452806,false,false,literal-positional,,1,Error handleing
359,c-phrase-literal,true,false,1188,227745584,literal-positional,235,285999411,14311039,false,false,literal-positional,,1,Set the
252,b-rare-literal,true,false,3,227495542,literal-positional,3,218120449,13418128,false,false,literal-positional,,1,afeblec
519,d-metachar-literal,true,false,1501,226546333,literal-positional,242,312242817,15994644,false,false,literal-positional,,1,record.
418,c-phrase-literal,true,false,103,226530499,literal-positional,112,279589047,14306842,false,false,literal-positional,,1,var returnValue
601,f-high-frequency,true,false,37,225136083,literal-positional,6,217265033,13342463,false,false,literal-positional,,1,TestScenario
354,c-phrase-literal,true,false,31,224894415,literal-positional,34,233550235,14343744,false,false,literal-positional,,1,Put credential
235,b-rare-literal,true,false,258,224858793,literal-positional,27,244127896,14763186,false,false,literal-positional,,1,Remembering
18,a-common-literal,true,false,6,224436083,literal-positional,9,233493088,14342055,false,false,literal-positional,,1,FieldInferrer
244,b-rare-literal,true,false,1,224166625,literal-positional,3,217311763,13343269,false,false,literal-positional,,1,WindowTop
281,b-rare-literal,true,false,772,224088749,literal-positional,12,272823229,15513830,false,false,literal-positional,,1,lichkeit
828,g-regex,false,false,0,223292250,regex-trigram,60,54207110,400722,false,false,"lit-any(n=1,len=8-8)",4,1,"lessLink[(){};,]"
593,f-high-frequency,true,false,2604,223180042,literal-positional,37,266626595,15172330,false,false,literal-positional,,1,Etc
598,f-high-frequency,true,false,231,223011833,literal-positional,73,244379772,14691610,false,false,literal-positional,,1,NewId
90,a-common-literal,true,false,27,222260042,literal-positional,12,250345902,14363878,false,false,literal-positional,,1,contan
248,b-rare-literal,true,false,35,222233334,literal-positional,11,234809688,14367924,false,false,literal-positional,,1,a108
47,a-common-literal,true,false,48,222151916,literal-positional,8,239585161,14737774,false,false,literal-positional,,1,Stint
251,b-rare-literal,true,false,15,221043625,literal-positional,7,235606150,14495367,false,false,literal-positional,,1,adule
100,a-common-literal,true,false,135,220736876,literal-positional,50,273189884,14728586,false,false,literal-positional,,1,droplist_archive
125,a-common-literal,true,false,95,220617166,literal-positional,20,316087013,15410099,false,false,literal-positional,,1,nonrepresentational
362,c-phrase-literal,true,false,11,220601709,literal-positional,11,217300404,13343304,false,false,literal-positional,,1,Tasks for
616,f-high-frequency,true,false,117,218876168,literal-positional,40,248892597,14131577,false,false,literal-positional,,1,localPath
409,c-phrase-literal,true,false,516,218405583,literal-positional,76,289653041,14628881,false,false,literal-positional,,1,return worker
272,b-rare-literal,true,false,21,216489959,literal-positional,91,302599906,15036520,false,false,literal-positional,,1,getTranslations
84,a-common-literal,true,false,8,215621709,literal-positional,5,234322197,14358644,false,false,literal-positional,,1,cairofontweight
56,a-common-literal,true,false,40,214987417,literal-positional,11,238414099,14425096,false,false,literal-positional,,1,Tomer
326,c-phrase-literal,true,false,16,213872168,literal-positional,36,247552879,14827028,false,false,literal-positional,,1,Export partitons
5,a-common-literal,true,false,60,213696499,literal-positional,56,247021088,13732692,false,false,literal-positional,,1,BreadCrumb
48,a-common-literal,true,false,7,213081709,literal-positional,8,219404196,13370507,false,false,literal-positional,,1,StringConversionTests
595,f-high-frequency,true,false,40,212918750,literal-positional,4,233491689,14342215,false,false,literal-positional,,1,HamlHighlightRules
255,b-rare-literal,true,false,2,212632084,literal-positional,10,255566957,14238620,false,false,literal-positional,,1,applyCascade
624,f-high-frequency,true,false,47,212128289,literal-positional,4,243916191,14058199,false,false,literal-positional,,1,pgba
166,b-rare-literal,true,false,7,212018542,literal-positional,5,241182946,14582683,false,false,literal-positional,,1,Auskunft
250,b-rare-literal,true,false,1,211499791,literal-positional,4,219180484,13490253,false,false,literal-positional,,1,acogolle
8,a-common-literal,true,false,9,211402957,literal-positional,8,242087110,14635413,false,false,literal-positional,,1,ChooseColor
103,a-common-literal,true,false,8,211357500,literal-positional,30,283925293,14496593,false,false,literal-positional,,1,eventService
10,a-common-literal,true,false,20,211081001,literal-positional,64,236625978,14531530,false,false,literal-positional,,1,DropCatchSupportEmail
109,a-common-literal,true,false,4,210600458,literal-positional,6,244117353,14061831,false,false,literal-positional,,1,hipchat_msg_color
838,g-regex,false,false,2,209233542,regex-trigram,442,143240709,2929066,false,false,"lit-any(n=1,len=5-5)",233,10,nsche[ \t]
9,a-common-literal,true,false,12,208504417,literal-positional,8,141513227,8702924,false,false,literal-positional,,1,DnsElement
172,b-rare-literal,true,false,14,207926290,literal-positional,7,221190228,13501535,false,false,literal-positional,,1,Bettye
360,c-phrase-literal,true,false,7,207464125,literal-positional,16,245593976,14692820,false,false,literal-positional,,1,Some generic
149,a-common-literal,true,false,28,207203290,literal-positional,13,287121668,14698776,false,false,literal-positional,,1,tetrahedron
2,a-common-literal,true,false,9,205921540,literal-positional,80,217759843,13353113,false,false,literal-positional,,1,AdminBetaCode
788,g-regex,false,false,0,202691500,regex-trigram,18,74611781,1022692,false,false,"lit-any(n=1,len=7-7)",97,1,"afflict[(){};,]"
224,b-rare-literal,true,false,1,201378875,literal-positional,3,217235483,13341698,false,false,literal-positional,,1,MemCount
306,b-rare-literal,true,false,18,200744959,literal-positional,6,223129594,13526472,false,false,literal-positional,,1,zlas
364,c-phrase-literal,true,false,27,200487708,literal-positional,34,239207173,14452493,false,false,literal-positional,,1,Use examples
95,a-common-literal,true,false,8,199472791,literal-positional,4,218084413,13358644,false,false,literal-positional,,1,cubrid_rollback
7,a-common-literal,true,false,16,199261959,literal-positional,5,217254026,13342477,false,false,literal-positional,,1,CaptchaFeatureKind
597,f-high-frequency,true,false,40,198055874,literal-positional,4,233474625,14341756,false,false,literal-positional,,1,LuceneHighlightRules
144,a-common-literal,true,false,10,197009833,literal-positional,4,217470999,13346865,false,false,literal-positional,,1,sgbs
249,b-rare-literal,true,false,1,196864376,literal-positional,4,219411410,13513350,false,false,literal-positional,,1,accionan
400,c-phrase-literal,true,false,18,195906416,literal-positional,25,250065383,13651740,false,false,literal-positional,,1,import datetime
211,b-rare-literal,true,false,5,194178166,literal-positional,4,217265795,13342518,false,false,literal-positional,,1,GetFabals
167,b-rare-literal,true,false,2,193882709,literal-positional,55,217611963,13350071,false,false,literal-positional,,1,AutoDownloadMimeTypes
45,a-common-literal,true,false,20,193193207,literal-positional,14,217696382,13368556,false,false,literal-positional,,1,RecaptchaEnterprise
321,c-phrase-literal,true,false,6,193078166,literal-positional,5,217263266,13342424,false,false,literal-positional,,1,Drop old
387,c-phrase-literal,true,false,10,192956167,literal-positional,43,255479546,11106160,false,false,literal-positional,,1,execute partition
136,a-common-literal,true,false,57,192808626,literal-positional,23,229986316,13544533,false,false,literal-positional,,1,q92
210,b-rare-literal,true,false,3,191422542,literal-positional,3,217427242,13341688,false,false,literal-positional,,1,Gdoa
236,b-rare-literal,true,false,1,190324333,literal-positional,5,218919164,13381496,false,false,literal-positional,,1,RenameSearchComments
787,g-regex,false,false,0,188862293,regex-trigram,11,66498123,1024714,false,false,"lit-any(n=1,len=10-10)",2,1,"accoucheur[(){};,]"
3,a-common-literal,true,false,246,187745458,literal-positional,4,222839996,13440831,false,false,literal-positional,,1,AndExpr
408,c-phrase-literal,true,false,7801,187048375,literal-positional,1035,253316933,10302606,false,false,literal-positional,,1,return null
405,c-phrase-literal,true,false,16385,186852791,literal-positional,13701,229939529,10941684,false,false,literal-positional,,1,public class
620,f-high-frequency,true,false,24,186317375,literal-positional,11,249643070,13612516,false,false,literal-positional,,1,nonNegativeInteger
861,g-regex,false,false,0,185108834,regex-trigram,2,76722038,4640476,false,false,"all(lit-any(n=1,len=5-5),lit-any(n=1,len=6-6))",0,1,tyros.*SAAUlC
116,a-common-literal,true,false,47,183561709,literal-positional,27,228327624,13527648,false,false,literal-positional,,1,jdK
821,g-regex,false,false,295,183214250,regex-trigram,149,131107986,1854339,false,false,"lit-any(n=1,len=4-4)",2281,1,"iece[(){};,]"
824,g-regex,false,false,0,182025459,regex-trigram,101,67440183,1135887,false,false,"lit-any(n=1,len=6-6)",18,1,"isReal[(){};,]"
727,g-regex,false,false,6,180343960,regex-trigram,36,91330198,4667665,false,false,"lit-any(n=1,len=5-5)",6,1,\bEAAUM\b
800,g-regex,false,false,6,177665583,regex-trigram,37,148137271,2418138,false,false,"lit-any(n=1,len=8-8)",27,1,cliquish[ \t]
761,g-regex,false,false,0,176623126,regex-trigram,113,134645151,4998307,false,false,"lit-any(n=1,len=4-4)",22,10,^[\t ]*IAAG
130,a-common-literal,true,false,10,175744459,literal-positional,37,145627823,8803375,false,false,literal-positional,,1,output_type
377,c-phrase-literal,true,false,5,175358082,literal-positional,23,241519464,10007070,false,false,literal-positional,,1,def create_checkpoint
133,a-common-literal,true,false,2,171169415,literal-positional,5,171775624,8867284,false,false,literal-positional,,1,postCreated
134,a-common-literal,true,false,34,169638000,literal-positional,40,246248668,10875689,false,false,literal-positional,,1,professionally
613,f-high-frequency,true,false,154,165734749,literal-positional,71,242381783,10834409,false,false,literal-positional,,1,issuer
131,a-common-literal,true,false,15,164966082,literal-positional,31,184199316,9934718,false,false,literal-positional,,1,payment_group_reference
142,a-common-literal,true,false,3,163613667,literal-positional,25,190691587,10007437,false,false,literal-positional,,1,secondCaptain
94,a-common-literal,true,false,6,157436457,literal-positional,4,157659515,9702533,false,false,literal-positional,,1,creditCardFee
499,d-metachar-literal,true,false,3372,150421957,literal-positional,255,244935819,10250655,false,false,literal-positional,,1,a.b
931,h-case-insensitive,true,true,2,149788208,regex-trigram,52,21031888,278768,false,false,"lit-any(n=16,len=5-5)",2,1,cAG9D
122,a-common-literal,true,false,19,149549792,literal-positional,10,174290365,9769927,false,false,literal-positional,,1,maestri
69,a-common-literal,true,false,6,148113082,literal-positional,7,180366331,9839668,false,false,literal-positional,,1,acipenser_huso
282,b-rare-literal,true,false,1,144782959,literal-positional,4,171646824,8866628,false,false,literal-positional,,1,linearGradient6449
380,c-phrase-literal,true,false,5,143313583,literal-positional,32,210633285,9774887,false,false,literal-positional,,1,def show_progress
213,b-rare-literal,true,false,1,141674959,literal-positional,13,147347915,8857435,false,false,literal-positional,,1,HtmlGifTransparent
762,g-regex,false,false,0,140392250,regex-trigram,15,80291408,4669584,false,false,"lit-any(n=1,len=6-6)",3,1,^[\t ]*IAAKhN
830,g-regex,false,false,122,140212499,regex-trigram,31,108575802,2040121,false,false,"lit-any(n=1,len=7-7)",180,1,loyalty[ \t]
225,b-rare-literal,true,false,1,139806250,literal-positional,2,141378948,8701513,false,false,literal-positional,,1,NotePad
621,f-high-frequency,true,false,96,139740875,literal-positional,10,168965067,9450336,false,false,literal-positional,,1,openTabstops
120,a-common-literal,true,false,4,139378875,literal-positional,14,141920723,8711362,false,false,literal-positional,,1,lines_added
161,b-rare-literal,true,false,1,138525125,literal-positional,14,158013052,9711255,false,false,literal-positional,,1,AddToSetEach
733,g-regex,false,false,4,137951416,regex-trigram,3,79388496,4664500,false,false,"lit-any(n=1,len=9-9)",1,1,\bOPENQUERY\b
158,b-rare-literal,true,false,1,137855708,literal-positional,2,143543035,8834844,false,false,literal-positional,,1,Abarbeitungs
155,a-common-literal,true,false,9,137287751,literal-positional,4,143536417,8750987,false,false,literal-positional,,1,zone_domains_tld_aarp
648,g-regex,false,false,56,136951958,regex-trigram,76,93365347,1600253,false,false,"lit-any(n=1,len=7-7)",122,1,Captain[ \t]
300,b-rare-literal,true,false,1,136286125,literal-positional,5,153349998,9049572,false,false,literal-positional,,1,useraccountid
495,d-metachar-literal,true,false,30669,135989336,literal-positional,2443,140037656,2214428,false,false,literal-positional,,1,[0]
138,a-common-literal,true,false,44,135811293,literal-positional,55,193379433,7215153,false,false,literal-positional,,1,registrar_param_history
288,b-rare-literal,true,false,7,134896374,literal-positional,5,158417197,9711103,false,false,literal-positional,,1,p990
118,a-common-literal,true,false,26,134624875,literal-positional,111,194225617,9992225,false,false,literal-positional,,1,keepAlive
222,b-rare-literal,true,false,43,131754125,literal-positional,24,165926844,9731587,false,false,literal-positional,,1,M84
414,c-phrase-literal,true,false,31590,131056542,literal-positional,3466,224817159,3880066,false,false,literal-positional,,1,to the
121,a-common-literal,true,false,24,130894292,literal-positional,5,141542563,8705148,false,false,literal-positional,,1,llGetMaxScaleFactor
606,f-high-frequency,true,false,53,130884209,literal-positional,10,144444296,8784730,false,false,literal-positional,,1,dLogDate
22,a-common-literal,true,false,3,120526375,literal-positional,2,141479762,8704463,false,false,literal-positional,,1,GeoAddAsync
23,a-common-literal,true,false,7,119787874,literal-positional,4,145783898,8728819,false,false,literal-positional,,1,H346
795,g-regex,false,false,6,116040125,regex-trigram,44,144807549,2441076,false,false,"lit-any(n=1,len=7-7)",10,1,brumous[ \t]
78,a-common-literal,true,false,4,115334459,literal-positional,5,141551375,8703783,false,false,literal-positional,,1,baidu_rank
836,g-regex,false,false,48,110443958,regex-trigram,240,58569220,804637,false,false,"lit-any(n=1,len=4-4)",590,10,"nFor[(){};,]"
937,h-case-insensitive,true,true,8,101532791,regex-trigram,2,849650,16957,false,false,"lit-any(n=32,len=6-6)",23,1,event_buffer_fd_set
659,g-regex,false,false,1,95016083,regex-trigram,15,4846192,890,false,false,"lit-any(n=1,len=7-7)",1,1,"EAAkBhI[(){};,]"
654,g-regex,false,false,3,92290999,regex-trigram,6,2855373,881,false,false,"lit-any(n=1,len=6-6)",3,1,"EAAMlP[(){};,]"
398,c-phrase-literal,true,false,10,88369459,literal-positional,306,137333931,2191536,false,false,literal-positional,,1,if stream_option
378,c-phrase-literal,true,false,5,84742917,literal-positional,9,108707727,4877052,false,false,literal-positional,,1,def do_backup_final
818,g-regex,false,false,11,77649875,regex-trigram,25,40720491,924950,false,false,"lit-any(n=1,len=8-8)",19,1,hrspacer[ \t]
674,g-regex,false,false,14,76197585,regex-trigram,54,31060778,1006,false,false,"lit-any(n=1,len=5-5)",13,1,"IAASA[(){};,]"
1,a-common-literal,true,false,4,76123208,literal-positional,2,78027512,4773631,false,false,literal-positional,,1,Abgang
278,b-rare-literal,true,false,2,68680416,literal-positional,4,79642242,4824439,false,false,literal-positional,,1,iguieren
668,g-regex,false,false,15,68514585,regex-trigram,49,61403459,164112,false,false,"lit-any(n=1,len=5-5)",14,1,"GAASD[(){};,]"
170,b-rare-literal,true,false,404,67764708,literal-positional,129,114287524,4969270,false,false,literal-positional,,1,BCD
395,c-phrase-literal,true,false,8621,66932668,literal-positional,1698,138560879,2242114,false,false,literal-positional,,1,if not
655,g-regex,false,false,4,66811834,regex-trigram,6,829863,6,false,false,"lit-any(n=1,len=7-7)",4,1,"EAAOxgB[(){};,]"
834,g-regex,false,false,0,63775708,regex-trigram,8,10957734,210011,false,false,"lit-any(n=1,len=12-12)",44,1,macroEnabled[ \t]
413,c-phrase-literal,true,false,269,63550209,literal-positional,186,120802030,1735837,false,false,literal-positional,,1,to manage
394,c-phrase-literal,true,false,7,58768665,literal-positional,274,92824216,1230053,false,false,literal-positional,,1,if mariadb_version
412,c-phrase-literal,true,false,420,57800998,literal-positional,74,121858437,1852449,false,false,literal-positional,,1,sum of
790,g-regex,false,false,0,57595125,regex-trigram,4,29967359,765929,false,false,"lit-any(n=1,len=6-6)",0,1,"ahchoo[(){};,]"
799,g-regex,false,false,28,57334332,regex-trigram,22,34124680,773614,false,false,"lit-any(n=1,len=3-3)",58,1,"ccb[(){};,]"
87,a-common-literal,true,false,27,57223250,literal-positional,15,57166874,2106280,false,false,literal-positional,,1,concernedly
690,g-regex,false,false,3,56993291,regex-trigram,5,1418583,5,false,false,"lit-any(n=1,len=7-7)",3,1,"SAAUnoB[(){};,]"
516,d-metachar-literal,true,false,1583,54234209,literal-positional,244,99201143,2004912,false,false,literal-positional,,1,module.exports
123,a-common-literal,true,false,14,52443874,literal-positional,12,96072765,2019797,false,false,literal-positional,,1,mediastinum
633,f-high-frequency,true,false,377,51743249,literal-positional,49,122423839,2618883,false,false,literal-positional,,1,withdrawal
638,g-regex,false,false,0,48649377,regex-trigram,0,0,0,false,false,"all(lit-any(n=1,len=8-8),lit-any(n=1,len=7-7))",0,1,Apotheke.*EiEpqPM
124,a-common-literal,true,false,115,45418457,literal-positional,23,116328314,2483653,false,false,literal-positional,,1,modesty
89,a-common-literal,true,false,6,45265416,literal-positional,103,113289903,1667389,false,false,literal-positional,,1,consul_target
605,f-high-frequency,true,false,1643,45117792,literal-positional,388,7555094,247439,false,false,literal-positional,,1,cflocation
403,c-phrase-literal,true,false,149,43418125,literal-positional,57,82824588,2030713,false,false,literal-positional,,1,loop through
480,d-metachar-literal,true,false,14327,43089458,literal-positional,2522,60133347,925608,false,false,literal-positional,,1,=> {
493,d-metachar-literal,true,false,1920,42950708,literal-positional,1914,19631148,481502,false,false,literal-positional,,1,System.Text;
701,g-regex,false,false,16,42875502,regex-trigram,34,7858045,129724,false,false,"lit-any(n=1,len=7-7)",10,10,XmlMode[ \t]
650,g-regex,false,false,0,42328249,regex-trigram,0,0,0,false,false,"lit-any(n=1,len=11-11)",0,1,Dativobjekt[ \t]
512,d-metachar-literal,true,false,12455,40636793,literal-positional,1104,105731768,1746499,false,false,literal-positional,,1,i++
393,c-phrase-literal,true,false,87,39998335,literal-positional,48,72610559,1128687,false,false,literal-positional,,1,if int
956,h-case-insensitive,true,true,4,39328626,regex-trigram,73,13778129,304363,false,false,"lit-any(n=8,len=4-4)",27,1,mysql_user_system
854,g-regex,false,false,19,37076583,regex-trigram,11,32729493,838189,false,false,"lit-any(n=1,len=3-3)",107,1,srv[ \t]
472,d-metachar-literal,true,false,42622,36183418,literal-positional,311,16644500,385676,false,false,literal-positional,,1,/*!50003
835,g-regex,false,false,0,33465625,regex-trigram,1,2228214,876,false,false,"all(lit-any(n=1,len=7-7),lit-any(n=1,len=6-6))",0,1,mystify.*SAAiBC
315,c-phrase-literal,true,false,534,32601333,literal-positional,193,56986658,925812,false,false,literal-positional,,1,Check if
85,a-common-literal,true,false,13,32591542,literal-positional,11,73831962,1935908,false,false,literal-positional,,1,caparisoned
74,a-common-literal,true,false,20,32404583,literal-positional,13,94201244,1836832,false,false,literal-positional,,1,amazingly
365,c-phrase-literal,true,false,46173,31304209,literal-positional,45,6781628,113095,false,false,literal-positional,,1,VALUES LESS
402,c-phrase-literal,true,false,20,30123916,literal-positional,22,39189124,1080094,false,false,literal-positional,,1,log them
506,d-metachar-literal,true,false,2940,29799209,literal-positional,112,36395778,938131,false,false,literal-positional,,1,"cursor.row,"
70,a-common-literal,true,false,11,29028291,literal-positional,44,57122513,884936,false,false,literal-positional,,1,activeConfig
137,a-common-literal,true,false,24,28723706,literal-positional,8,26680827,716403,false,false,literal-positional,,1,qpress
397,c-phrase-literal,true,false,5,27139499,literal-positional,26,36422432,413004,false,false,literal-positional,,1,if snapshot_dir
728,g-regex,false,false,4,26823711,regex-trigram,5,2757552,880,false,false,"lit-any(n=1,len=7-7)",3,1,\bEAAUxnB\b
611,f-high-frequency,true,false,659,26681166,literal-positional,173,36634374,499697,false,false,literal-positional,,1,focusout
415,c-phrase-literal,true,false,14,26619290,literal-positional,12,26708366,716652,false,false,literal-positional,,1,use tc_mysqlmgmt
679,g-regex,false,false,3,26529667,regex-trigram,4,2598300,879,false,false,"lit-any(n=1,len=6-6)",3,1,"KAAWoQ[(){};,]"
6,a-common-literal,true,false,7,26392249,literal-positional,7,1505983,7,false,false,literal-positional,,1,CAAChL
817,g-regex,false,false,0,25885376,regex-trigram,17,39563169,831742,false,false,"lit-any(n=1,len=4-4)",5,1,hdml[ \t]
513,d-metachar-literal,true,false,9339,25842709,literal-positional,106,22813791,390848,false,false,literal-positional,,1,int(10)
99,a-common-literal,true,false,6,25784541,literal-positional,14,35320953,1011646,false,false,literal-positional,,1,def_timezone
757,g-regex,false,false,0,24622749,regex-trigram,20,27770172,2122,false,false,"lit-any(n=1,len=6-6)",3,1,^[\t ]*EAAGqB
333,c-phrase-literal,true,false,76,24161125,literal-positional,18,441865,9967,false,false,literal-positional,,1,IF p_function
521,d-metachar-literal,true,false,437,23779415,literal-positional,178,45266762,486823,false,false,literal-positional,,1,results)
381,c-phrase-literal,true,false,10,23539082,literal-positional,9,27611468,742603,false,false,literal-positional,,1,def signal_handler
669,g-regex,false,false,0,22941708,regex-trigram,0,0,0,false,false,"all(lit-any(n=1,len=7-7),lit-any(n=1,len=8-8))",0,1,GAAYrvB.*rightful
115,a-common-literal,true,false,22,22930457,literal-positional,15,55389465,828159,false,false,literal-positional,,1,ip_start
370,c-phrase-literal,true,false,54,21854168,literal-positional,110,75885259,597593,false,false,literal-positional,,1,button icon
465,d-metachar-literal,true,false,996,21834126,literal-positional,283,96172316,979380,false,false,literal-positional,,1,(x)
264,b-rare-literal,true,false,16,21700542,literal-positional,9,38310209,1039009,false,false,literal-positional,,1,croaky
314,c-phrase-literal,true,false,34,21688918,literal-positional,871,45312204,598752,false,false,literal-positional,,1,Add new
269,b-rare-literal,true,false,80,20841376,literal-positional,3,5422456,122519,false,false,literal-positional,,1,estibot_droplist_ea
466,d-metachar-literal,true,false,3103,20690542,literal-positional,604,76251878,832185,false,false,literal-positional,,1,");"""
505,d-metachar-literal,true,false,2148,20051750,literal-positional,174,52577524,980436,false,false,literal-positional,,1,a|b
399,c-phrase-literal,true,false,4366,19244708,literal-positional,835,58118703,743930,false,false,literal-positional,,1,img src
470,d-metachar-literal,true,false,240,19042125,literal-positional,2,4340,177,false,false,literal-positional,,1,.ace-xcode
150,a-common-literal,true,false,7,18167500,literal-positional,5,26885759,723486,false,false,literal-positional,,1,tokenProperties
675,g-regex,false,false,21,18077916,regex-trigram,55,23777552,278,false,false,"lit-any(n=1,len=4-4)",30,10,"IACR[(){};,]"
511,d-metachar-literal,true,false,21,17848041,literal-positional,26,44718142,326823,false,false,literal-positional,,1,group_concat(case
404,c-phrase-literal,true,false,70,17500584,literal-positional,49,41453274,340355,false,false,literal-positional,,1,move them
439,d-metachar-literal,true,false,2,15981291,literal-positional,1,3285,93,false,false,literal-positional,,1,$TmpDir/Apps.tar
425,d-metachar-literal,true,false,713,15672292,literal-positional,229,31439942,597552,false,false,literal-positional,,1,"""+"""
28,a-common-literal,true,false,2,15014083,literal-positional,5,1009898,5,false,false,literal-positional,,1,IAAM0xB
379,c-phrase-literal,true,false,5,14858667,literal-positional,18,30625421,719759,false,false,literal-positional,,1,def get_files
297,b-rare-literal,true,false,1,14798585,literal-positional,5,31822374,206658,false,false,literal-positional,,1,test_stop
441,d-metachar-literal,true,false,1496,14476082,literal-positional,62,3684382,53297,false,false,literal-positional,,1,$result
987,i-unicode,true,false,4,14280042,literal-positional,5,28219793,846180,false,false,literal-positional,,1,cadalozlaşmak
803,g-regex,false,false,0,14135833,regex-trigram,3,79653,1808,false,false,"lit-any(n=1,len=9-9)",4,1,divTIShow$
410,c-phrase-literal,true,false,1,13718125,literal-positional,8,1187024,75817,false,false,literal-positional,,1,select volume
390,c-phrase-literal,true,false,120,13530374,literal-positional,30,3356846,79927,false,false,literal-positional,,1,function JSX
207,b-rare-literal,true,false,1,13062458,literal-positional,1,137960,1,false,false,literal-positional,,1,GAAkBj6B
389,c-phrase-literal,true,false,7,12824916,literal-positional,12,51430595,288899,false,false,literal-positional,,1,from optparse
533,d-metachar-literal,true,false,776,12693749,literal-positional,89,15214284,446020,false,false,literal-positional,,1,|sed
517,d-metachar-literal,true,false,7,12580209,literal-positional,3,26676951,715856,false,false,literal-positional,,1,"now(utc=False,"
652,g-regex,false,false,2,11724042,regex-trigram,28,15239440,213394,false,false,"all(lit-any(n=1,len=1-1),lit-any(n=1,len=3-3))",33,1,E.uBE
436,d-metachar-literal,true,false,3,11584041,literal-positional,1,7779,219,false,false,literal-positional,,1,$Partitions2Archive
187,b-rare-literal,true,false,1,11479583,literal-positional,1,105346,1,false,false,literal-positional,,1,EAAMsR
391,c-phrase-literal,true,false,5,11185625,literal-positional,4,14300646,351822,false,false,literal-positional,,1,get datadir
667,g-regex,false,false,0,11158582,regex-trigram,1,2228214,876,false,false,"all(lit-any(n=1,len=6-6),lit-any(n=1,len=6-6))",0,1,GAAQyU.*admisi
463,d-metachar-literal,true,false,226,11152206,literal-positional,59,38930047,328787,false,false,literal-positional,,1,(//
186,b-rare-literal,true,false,1,10781501,literal-positional,1,219918,1,false,false,literal-positional,,1,EAAMlc
234,b-rare-literal,true,false,1,10673374,literal-positional,1,2602,80,false,false,literal-positional,,1,RabbitMqData
994,i-unicode,true,false,1391,10582165,literal-positional,294,50425916,507586,false,false,literal-positional,,1,—
459,d-metachar-literal,true,false,100,10549793,literal-positional,65,1084323,27511,false,false,literal-positional,,1,'{print
63,a-common-literal,true,false,4,10547625,literal-positional,9,762039,12417,false,false,literal-positional,,1,_regionConfidence
111,a-common-literal,true,false,6,10454291,literal-positional,6,3679477,85521,false,false,literal-positional,,1,idx_acctuser
528,d-metachar-literal,true,false,332,10337666,literal-positional,63,5070025,125414,false,false,literal-positional,,1,"varchar(255),"
610,f-high-frequency,true,false,80,10294833,literal-positional,3,5422446,122518,false,false,literal-positional,,1,estibot_droplist_cd
154,a-common-literal,true,false,19,10294751,literal-positional,6,1049950,18396,false,false,literal-positional,,1,wiki_derived_available
446,d-metachar-literal,true,false,393,10246459,literal-positional,14,68055,2361,false,false,literal-positional,,1,$vmName
20,a-common-literal,true,false,4,10059876,literal-positional,4,750477,4,false,false,literal-positional,,1,GAAMrC
471,d-metachar-literal,true,false,16,10028916,literal-positional,16,3915587,57609,false,false,literal-positional,,1,.d-table-cell
96,a-common-literal,true,false,8,9723376,literal-positional,2,157030,2877,false,false,literal-positional,,1,date_ge_timestamptz
330,c-phrase-literal,true,false,2,9680083,literal-positional,1,1207,21,false,false,literal-positional,,1,FROM vsphere_vm_info_latest
435,d-metachar-literal,true,false,3,9654543,literal-positional,1,13082,351,false,false,literal-positional,,1,$PartitionInfoFile
13,a-common-literal,true,false,6,9429875,literal-positional,8,1302200,15,false,false,literal-positional,,1,EAAOwsB
11,a-common-literal,true,false,5,9336959,literal-positional,5,695884,5,false,false,literal-positional,,1,EAAM3L
532,d-metachar-literal,true,false,1279,9323624,literal-positional,144,15349713,449701,false,false,literal-positional,,1,|cut
429,d-metachar-literal,true,false,2,9097918,literal-positional,2,1973,59,false,false,literal-positional,,1,#+$Info.HostName
865,g-regex,false,false,0,9036499,regex-trigram,0,0,0,false,false,"all(lit-any(n=1,len=6-6),lit-any(n=1,len=7-7))",0,1,wheelY.*GACJgkC
49,a-common-literal,true,false,14,8986125,literal-positional,4,395940,6865,false,false,literal-positional,,1,TLDCount
184,b-rare-literal,true,false,1,8940791,literal-positional,1,137960,1,false,false,literal-positional,,1,EAAEsc
507,d-metachar-literal,true,false,8,8815458,literal-positional,19,3312698,90224,false,false,literal-positional,,1,date('1900-01-01')
59,a-common-literal,true,false,12,8693958,literal-positional,12,35455108,297494,false,false,literal-positional,,1,__zr_style_
731,g-regex,false,false,3,8679708,regex-trigram,8,4337753,1803,false,false,"lit-any(n=1,len=6-6)",3,1,\bOAAQic\b
682,g-regex,false,false,0,8613084,regex-trigram,10,19422600,19952,false,false,"lit-any(n=1,len=6-6)",3,1,OAAOuS$
596,f-high-frequency,true,false,41,8543625,literal-positional,39,8106456,498,false,false,literal-positional,,1,IAAf
758,g-regex,false,false,0,8424250,regex-trigram,18,3970480,819,false,false,"lit-any(n=1,len=6-6)",9,1,^[\t ]*EAAKwG
79,a-common-literal,true,false,18,8341668,literal-positional,9,263389,6185,false,false,literal-positional,,1,bgTextureHover
419,c-phrase-literal,true,false,18,8301083,literal-positional,12,31737481,206985,false,false,literal-positional,,1,while not
358,c-phrase-literal,true,false,7,8279458,literal-positional,11,783332,14466,false,false,literal-positional,,1,SELECT partition_name
432,d-metachar-literal,true,false,1280,8202833,literal-positional,7,97536,3305,false,false,literal-positional,,1,$0\n\
27,a-common-literal,true,false,7,8124000,literal-positional,6,1070380,6,false,false,literal-positional,,1,IAAKE
500,d-metachar-literal,true,false,12,7759874,literal-positional,7,52717,1690,false,false,literal-positional,,1,ansible.builtin.copy:
110,a-common-literal,true,false,8,7491418,literal-positional,2,849650,16957,false,false,literal-positional,,1,httpresponse_setetag
312,c-phrase-literal,true,false,276,7360457,literal-positional,39,611329,14207,false,false,literal-positional,,1,AND table_name
159,b-rare-literal,true,false,1,7264666,literal-positional,1,2167892,133394,false,false,literal-positional,,1,Abschwellen
622,f-high-frequency,true,false,84,7254626,literal-positional,16,2236260,37245,false,false,literal-positional,,1,owned_registrar_id
299,b-rare-literal,true,false,8,7222250,literal-positional,7,4243490,95149,false,false,literal-positional,,1,upgrade_count
509,d-metachar-literal,true,false,14,7202041,literal-positional,11,979796,16685,false,false,literal-positional,,1,function.</summary>
334,c-phrase-literal,true,false,64,7197166,literal-positional,21,1789900,43233,false,false,literal-positional,,1,IF p_type_part
518,d-metachar-literal,true,false,803,7152624,literal-positional,142,9637429,65987,false,false,literal-positional,,1,overflow:hidden;}
525,d-metachar-literal,true,false,15,7143125,literal-positional,2,553434,16209,false,false,literal-positional,,1,this.pad('{{
430,d-metachar-literal,true,false,545,6792292,literal-positional,187,487107,12766,false,false,literal-positional,,1,$(cat
295,b-rare-literal,true,false,1,6740875,literal-positional,1,33717,930,false,false,literal-positional,,1,stop2625
534,d-metachar-literal,true,false,4715,6576543,literal-positional,640,13794608,237905,false,false,literal-positional,,1,"}}"""
147,a-common-literal,true,false,39,6542792,literal-positional,13,30950615,218525,false,false,literal-positional,,1,subscribes
344,c-phrase-literal,true,false,2,6536124,literal-positional,2,100751,364,false,false,literal-positional,,1,PARTITION p_20201001
267,b-rare-literal,true,false,1,6534377,literal-positional,1,117008,149,false,false,literal-positional,,1,e4idxNP4K3RWAACA1YUtOg4e
396,c-phrase-literal,true,false,388,6530042,literal-positional,8,391603,9423,false,false,literal-positional,,1,if self
658,g-regex,false,false,0,6519625,regex-trigram,0,0,0,false,false,"lit-any(n=1,len=7-7)",0,1,EAAgBxO[ \t]
496,d-metachar-literal,true,false,105,6397835,literal-positional,24,12159709,341289,false,false,literal-positional,,1,[openbsd]
313,c-phrase-literal,true,false,3,6353584,literal-positional,2,14006,307,false,false,literal-positional,,1,AND time
481,d-metachar-literal,true,false,1,6285582,literal-positional,1,13082,351,false,false,literal-positional,,1,>=a.min_id
618,f-high-frequency,true,false,246,6206625,literal-positional,64,8239610,140435,false,false,literal-positional,,1,lorDepth
26,a-common-literal,true,false,9,6152125,literal-positional,9,4222849,16,false,false,literal-positional,,1,IAAIjE
323,c-phrase-literal,true,false,1574,5958833,literal-positional,116,11067290,270692,false,false,literal-positional,,1,END IF
82,a-common-literal,true,false,3,5843625,literal-positional,2,279225,5656,false,false,literal-positional,,1,boss_spoke
140,a-common-literal,true,false,9,5824542,literal-positional,6,15989552,430638,false,false,literal-positional,,1,ruthlessly
428,d-metachar-literal,true,false,4875,5783959,literal-positional,578,8406576,201218,false,false,literal-positional,,1,"""{{"
392,c-phrase-literal,true,false,5,5710834,literal-positional,11,112933,3257,false,false,literal-positional,,1,global logger
101,a-common-literal,true,false,3,5597165,literal-positional,1,21762,399,false,false,literal-positional,,1,dwm_add_new
113,a-common-literal,true,false,29,5423625,literal-positional,4,50913,1825,false,false,literal-positional,,1,inputElements
475,d-metachar-literal,true,false,4,5399083,literal-positional,24,10759210,61327,false,false,literal-positional,,1,10.0.70.0
468,d-metachar-literal,true,false,6,5358333,literal-positional,3,9943,197,false,false,literal-positional,,1,--user=$MySQLUser
188,b-rare-literal,true,false,2,5331749,literal-positional,2,249061,2,false,false,literal-positional,,1,EAANnC
456,d-metachar-literal,true,false,21,5322582,literal-positional,17,626964,14808,false,false,literal-positional,,1,'%Y')
308,c-phrase-literal,true,false,7,5256043,literal-positional,7,62008,1336,false,false,literal-positional,,1,A procedure
35,a-common-literal,true,false,247,5227501,literal-positional,16,2483276,35219,false,false,literal-positional,,1,Lucene
460,d-metachar-literal,true,false,726,5191207,literal-positional,114,11334521,230405,false,false,literal-positional,,1,'{{
366,c-phrase-literal,true,false,75,5105834,literal-positional,26,3441968,91586,false,false,literal-positional,,1,WHERE NOT
420,c-phrase-literal,true,false,44,5065793,literal-positional,32,6254156,118995,false,false,literal-positional,,1,would need
332,c-phrase-literal,true,false,32,5031042,literal-positional,16,429614,9751,false,false,literal-positional,,1,IF p_file_format
328,c-phrase-literal,true,false,482,4949750,literal-positional,87,2382240,57302,false,false,literal-positional,,1,FROM information_schema
175,b-rare-literal,true,false,1,4865418,literal-positional,1,2167892,133394,false,false,literal-positional,,1,Bohlenflo
40,a-common-literal,true,false,8,4806459,literal-positional,2,130144,1465,false,false,literal-positional,,1,NoSuchFileError
350,c-phrase-literal,true,false,2,4645125,literal-positional,2,100751,364,false,false,literal-positional,,1,PARTITION p_20210201
464,d-metachar-literal,true,false,661,4639458,literal-positional,109,9360186,196132,false,false,literal-positional,,1,(SELECT
502,d-metachar-literal,true,false,83,4605333,literal-positional,38,278934,8636,false,false,literal-positional,,1,ansible.builtin.file:
185,b-rare-literal,true,false,1,4592042,literal-positional,1,105346,1,false,false,literal-positional,,1,EAAK64B
287,b-rare-literal,true,false,36,4542709,literal-positional,1,159302,7016,false,false,literal-positional,,1,nnosla
443,d-metachar-literal,true,false,112,4499416,literal-positional,19,3931924,16060,false,false,literal-positional,,1,$value
426,d-metachar-literal,true,false,204,4461749,literal-positional,153,4439544,103609,false,false,literal-positional,,1,""".NET"
501,d-metachar-literal,true,false,10,4376793,literal-positional,2,12251,377,false,false,literal-positional,,1,ansible.builtin.fetch:
12,a-common-literal,true,false,5,4322126,literal-positional,4,702061,4,false,false,literal-positional,,1,EAAO6a
193,b-rare-literal,true,false,1,4285998,literal-positional,7,940078,7,false,false,literal-positional,,1,EAAkBjD
702,g-regex,false,false,0,4249708,regex-trigram,0,0,0,false,false,"lit-any(n=1,len=6-6)",0,1,YAAMiC[ \t]
318,c-phrase-literal,true,false,87,4183917,literal-positional,25,3646250,96920,false,false,literal-positional,,1,DEALLOCATE PREPARE
537,d-metachar-literal,true,false,42,4183708,literal-positional,10,115494,3266,false,false,literal-positional,,1,}}\\Virtual
291,b-rare-literal,true,false,1,4064126,literal-positional,1,72277,2268,false,false,literal-positional,,1,radialGradient12636
478,d-metachar-literal,true,false,3,4008626,literal-positional,4,9547215,234369,false,false,literal-positional,,1,395.121
594,f-high-frequency,true,false,6000,4005417,literal-positional,16,3946347,52025,false,false,literal-positional,,1,FullBackups
191,b-rare-literal,true,false,1,3950417,literal-positional,1,316181,1,false,false,literal-positional,,1,EAAW6J
14,a-common-literal,true,false,3,3825750,literal-positional,3,370086,3,false,false,literal-positional,,1,EAASxP
104,a-common-literal,true,false,13,3786957,literal-positional,4,209642,4704,false,false,literal-positional,,1,fl_count
385,c-phrase-literal,true,false,138,3785791,literal-positional,16,769593,30335,false,false,literal-positional,,1,echo Error
206,b-rare-literal,true,false,1,3699376,literal-positional,1,53753,1,false,false,literal-positional,,1,GAAgBjM
383,c-phrase-literal,true,false,4,3699084,literal-positional,1,6578,126,false,false,literal-positional,,1,echo  DESTINATION
531,d-metachar-literal,true,false,38,3673668,literal-positional,8,76330,2009,false,false,literal-positional,,1,|Out-File
15,a-common-literal,true,false,1,3670208,literal-positional,2,376173,2,false,false,literal-positional,,1,EAAmBtC
515,d-metachar-literal,true,false,2,3603083,literal-positional,1,10461,320,false,false,literal-positional,,1,"match(""18"")"
438,d-metachar-literal,true,false,4,3570459,literal-positional,1,2336,60,false,false,literal-positional,,1,$SVCFile
386,c-phrase-literal,true,false,5,3561958,literal-positional,1,25042,697,false,false,literal-positional,,1,elif opts
372,c-phrase-literal,true,false,998,3549542,literal-positional,114,2749843,90275,false,false,literal-positional,,1,cfelseif u
277,b-rare-literal,true,false,4,3547373,literal-positional,1,2167892,133394,false,false,literal-positional,,1,hlungsergebnis
189,b-rare-literal,true,false,2,3523958,literal-positional,7,1095293,7,false,false,literal-positional,,1,EAAQxvB
61,a-common-literal,true,false,8,3509665,literal-positional,2,142988,3101,false,false,literal-positional,,1,_maximumAttachmentSize
504,d-metachar-literal,true,false,6,3504416,literal-positional,3,41039,1180,false,false,literal-positional,,1,ansible_ssh_pass={{
192,b-rare-literal,true,false,1,3502916,literal-positional,1,125107,1,false,false,literal-positional,,1,EAAW9N
437,d-metachar-literal,true,false,4,3494665,literal-positional,1,3285,93,false,false,literal-positional,,1,$PemFile
190,b-rare-literal,true,false,2,3382834,literal-positional,2,264740,2,false,false,literal-positional,,1,EAAStL
687,g-regex,false,false,1,3367873,regex-trigram,9,1412027,16,false,false,"lit-any(n=1,len=6-6)",1,1,"QACrEC[(){};,]"
453,d-metachar-literal,true,false,3,3355457,literal-positional,2,20861,570,false,false,literal-positional,,1,${TmpDir}/*.out
279,b-rare-literal,true,false,1,3262583,literal-positional,1,79347,2067,false,false,literal-positional,,1,jira_affected_user
503,d-metachar-literal,true,false,20,3258043,literal-positional,19,186978,5964,false,false,literal-positional,,1,ansible.posix.mount:
988,i-unicode,true,false,21,3188792,literal-positional,4,2542630,116375,false,false,literal-positional,,1,café
442,d-metachar-literal,true,false,418,3180959,literal-positional,44,153136,4910,false,false,literal-positional,,1,$result.changed
734,g-regex,false,false,1,3091293,regex-trigram,12,4438806,901,false,false,"lit-any(n=1,len=7-7)",1,1,\bQACjBnK\b
21,a-common-literal,true,false,1,3085541,literal-positional,5,1192654,5,false,false,literal-positional,,1,GAAmB9E
698,g-regex,false,false,2,3032875,regex-trigram,8,2397206,245,false,false,"all(lit-any(n=1,len=1-1),lit-any(n=1,len=4-4))",2,1,W.BzBW
741,g-regex,false,false,2,3004666,regex-trigram,3,2736874,878,false,false,"lit-any(n=1,len=5-5)",2,1,\beAsVX\b
221,b-rare-literal,true,false,2,2966250,literal-positional,2,17111,464,false,false,literal-positional,,1,LaunchConfig
592,f-high-frequency,true,false,30,2892126,literal-positional,29,4054420,29,false,false,literal-positional,,1,EAAYC
171,b-rare-literal,true,false,1,2861582,literal-positional,1,2167892,133394,false,false,literal-positional,,1,Bedingtheit
320,c-phrase-literal,true,false,125,2845167,literal-positional,27,3484762,92633,false,false,literal-positional,,1,DROP TEMPORARY
346,c-phrase-literal,true,false,2,2831708,literal-positional,8,5674902,90760,false,false,literal-positional,,1,PARTITION p_20201022
319,c-phrase-literal,true,false,94,2734084,literal-positional,32,3644911,96155,false,false,literal-positional,,1,DROP FUNCTION
83,a-common-literal,true,false,8,2688417,literal-positional,1,23162,256,false,false,literal-positional,,1,bwperim
36,a-common-literal,true,false,3,2686583,literal-positional,3,421548,3,false,false,literal-positional,,1,MAAMlI
71,a-common-literal,true,false,10,2667501,literal-positional,3,51825,1128,false,false,literal-positional,,1,admin_cc_rep
289,b-rare-literal,true,false,1,2636373,literal-positional,9,6060732,97825,false,false,literal-positional,,1,p_20180327
384,c-phrase-literal,true,false,64,2569666,literal-positional,10,64615,1896,false,false,literal-positional,,1,echo ERROR
357,c-phrase-literal,true,false,2,2553750,literal-positional,1,12616,271,false,false,literal-positional,,1,SELECT mean
388,c-phrase-literal,true,false,8,2501459,literal-positional,8,182942,541,false,false,literal-positional,,1,flush logs
355,c-phrase-literal,true,false,14,2461207,literal-positional,58,1323712,34600,false,false,literal-positional,,1,Run Sync
996,i-unicode,true,false,442,2437499,literal-positional,117,3983968,104834,false,false,literal-positional,,1,→
66,a-common-literal,true,false,2,2430501,literal-positional,2,2341114,120233,false,false,literal-positional,,1,abrenunciar
491,d-metachar-literal,true,false,1,2402585,literal-positional,1,7779,219,false,false,literal-positional,,1,MinId=$StartingID
331,c-phrase-literal,true,false,2,2349626,literal-positional,2,15415,346,false,false,literal-positional,,1,Get GTID
345,c-phrase-literal,true,false,2,2322123,literal-positional,2,100751,364,false,false,literal-positional,,1,PARTITION p_20201005
369,c-phrase-literal,true,false,2,2319877,literal-positional,71,457622,12447,false,false,literal-positional,,1,basic Steps
215,b-rare-literal,true,false,4,2284374,literal-positional,4,15151108,4,false,false,literal-positional,,1,IAC3J
153,a-common-literal,true,false,3,2258333,literal-positional,3,23189,203,false,false,literal-positional,,1,whoislog_readonly
241,b-rare-literal,true,false,1,2258211,literal-positional,1,6221,93,false,false,literal-positional,,1,UnitrendsVMBackup
486,d-metachar-literal,true,false,213,2250002,literal-positional,44,4133309,108264,false,false,literal-positional,,1,CAST(
367,c-phrase-literal,true,false,289,2208501,literal-positional,49,679432,15737,false,false,literal-positional,,1,WHERE table_schema
375,c-phrase-literal,true,false,107,2183457,literal-positional,14,427589,10445,false,false,literal-positional,,1,def __init__
691,g-regex,false,false,0,2154834,regex-trigram,0,0,0,false,false,"lit-any(n=1,len=7-7)",0,1,SAAyBpG[ \t]
310,c-phrase-literal,true,false,1378,2153791,literal-positional,33,951049,15333,false,false,literal-positional,,1,ADD PARTITION
820,g-regex,false,false,0,2150291,regex-trigram,1,2228214,876,false,false,"all(lit-any(n=1,len=5-5),lit-any(n=1,len=6-6))",0,1,iBAGR.*IAUNrG
203,b-rare-literal,true,false,3,2089416,literal-positional,3,5082266,152495,false,false,literal-positional,,1,FNRm
476,d-metachar-literal,true,false,980,2075499,literal-positional,102,2720162,39416,false,false,literal-positional,,1,10.0.80.13
382,c-phrase-literal,true,false,10,2046332,literal-positional,1,25042,697,false,false,literal-positional,,1,def start_backup
309,c-phrase-literal,true,false,32,2044874,literal-positional,31,1077047,27338,false,false,literal-positional,,1,A script
205,b-rare-literal,true,false,1,2030626,literal-positional,6,1085033,6,false,false,literal-positional,,1,GAAI5sB
477,d-metachar-literal,true,false,14,2015000,literal-positional,11,68608,1871,false,false,literal-positional,,1,255.0.0.0
168,b-rare-literal,true,false,1,1969459,literal-positional,1,219918,1,false,false,literal-positional,,1,BAACjF
97,a-common-literal,true,false,8,1924999,literal-positional,2,849650,16957,false,false,literal-positional,,1,db2_num_rows
228,b-rare-literal,true,false,1,1911501,literal-positional,3,571311,3,false,false,literal-positional,,1,QAAE0rB
62,a-common-literal,true,false,2,1902417,literal-positional,1,5973,151,false,false,literal-positional,,1,_memCacheKey
294,b-rare-literal,true,false,4,1830876,literal-positional,2,283401,5454,false,false,literal-positional,,1,sideboxBeige_b
729,g-regex,false,false,1,1704000,regex-trigram,3,2571886,878,false,false,"lit-any(n=1,len=7-7)",1,1,\bKAGxDsF\b
700,g-regex,false,false,0,1674249,regex-trigram,27,6087959,909,false,false,"lit-any(n=1,len=6-6)",3,1,WACtBC$
732,g-regex,false,false,1,1621709,regex-trigram,1,53959,1,false,false,"lit-any(n=1,len=6-6)",1,1,\bOACLhF\b
146,a-common-literal,true,false,12,1620833,literal-positional,3,1203044,22385,false,false,literal-positional,,1,subPixelFix
216,b-rare-literal,true,false,1,1619417,literal-positional,1,105346,1,false,false,literal-positional,,1,KAAOyG
284,b-rare-literal,true,false,1,1570460,literal-positional,3,4796,126,false,false,literal-positional,,1,max_concurrent_requests
243,b-rare-literal,true,false,1,1496708,literal-positional,1,74930,326,false,false,literal-positional,,1,Veraguas_10
376,c-phrase-literal,true,false,5,1440124,literal-positional,1,25042,697,false,false,literal-positional,,1,def backup_using_wdt
327,c-phrase-literal,true,false,20,1408958,literal-positional,19,443924,10010,false,false,literal-positional,,1,FROM day_num
41,a-common-literal,true,false,3,1332542,literal-positional,3,370086,3,false,false,literal-positional,,1,OAASjR
275,b-rare-literal,true,false,20,1330999,literal-positional,12,7798973,75214,false,false,literal-positional,,1,h1K
58,a-common-literal,true,false,5,1329292,literal-positional,5,3017083,85410,false,false,literal-positional,,1,YtOq
64,a-common-literal,true,false,16,1319916,literal-positional,15,2185561,22,false,false,literal-positional,,1,aAAcD
661,g-regex,false,false,3,1312542,regex-trigram,5,1399344,5,false,false,"lit-any(n=1,len=5-5)",3,1,"ECjCc[(){};,]"
458,d-metachar-literal,true,false,63,1304374,literal-positional,16,2158836,64802,false,false,literal-positional,,1,'\n';
469,d-metachar-literal,true,false,1874,1247375,literal-positional,177,484229,9188,false,false,literal-positional,,1,.ForMember(d
37,a-common-literal,true,false,3,1220957,literal-positional,3,370086,3,false,false,literal-positional,,1,MAAU2I
356,c-phrase-literal,true,false,36,1120957,literal-positional,16,2243972,50024,false,false,literal-positional,,1,SELECT g
348,c-phrase-literal,true,false,2,1114709,literal-positional,2,100751,364,false,false,literal-positional,,1,PARTITION p_20201230
322,c-phrase-literal,true,false,34,1111541,literal-positional,6,54678,1824,false,false,literal-positional,,1,Dynamic mem
132,a-common-literal,true,false,8,1109375,literal-positional,5,203414,4033,false,false,literal-positional,,1,poly_in
229,b-rare-literal,true,false,2,1101082,literal-positional,2,447031,2,false,false,literal-positional,,1,QAAIiN
535,d-metachar-literal,true,false,216,1069750,literal-positional,74,1365892,31081,false,false,literal-positional,,1,"}}"","
44,a-common-literal,true,false,3,1047668,literal-positional,3,985006,28714,false,false,literal-positional,,1,QIZrnhueC1W0gYlDEeaPr
764,g-regex,false,false,0,1041042,regex-trigram,7,2723910,195,false,false,"lit-any(n=1,len=5-5)",2,1,^[\t ]*IAuBK
60,a-common-literal,true,false,10,1012500,literal-positional,7,2732088,48463,false,false,literal-positional,,1,_goodBad
337,c-phrase-literal,true,false,2,996667,literal-positional,4,120958,717,false,false,literal-positional,,1,PARTITION p_20200525
990,i-unicode,true,false,5,966831,literal-positional,3,1069114,72411,false,false,literal-positional,,1,naïve
242,b-rare-literal,true,false,1,963125,literal-positional,1,241519,4753,false,false,literal-positional,,1,Variations_
240,b-rare-literal,true,false,1,956624,literal-positional,1,316181,1,false,false,literal-positional,,1,UAAWc
223,b-rare-literal,true,false,1,947958,literal-positional,1,109089,1,false,false,literal-positional,,1,MAAlCkE
303,b-rare-literal,true,false,7,943708,literal-positional,5,2311015,6377,false,false,literal-positional,,1,v307
98,a-common-literal,true,false,8,932166,literal-positional,2,849650,16957,false,false,literal-positional,,1,dbplus_sql
76,a-common-literal,true,false,57,932126,literal-positional,19,2948747,36310,false,false,literal-positional,,1,avg_us
181,b-rare-literal,true,false,1,926292,literal-positional,1,74930,326,false,false,literal-positional,,1,Coahuila_07
989,i-unicode,true,false,1,918917,literal-positional,1,8048,185,false,false,literal-positional,,1,cluster’s
201,b-rare-literal,true,false,2,918374,literal-positional,2,1048497,2,false,false,literal-positional,,1,EjE0vRzE
347,c-phrase-literal,true,false,2,906583,literal-positional,2,100751,364,false,false,literal-positional,,1,PARTITION p_20201228
105,a-common-literal,true,false,9,894706,literal-positional,3,2161274,49537,false,false,literal-positional,,1,fpcrj9c3d
530,d-metachar-literal,true,false,52,877167,literal-positional,13,2002245,2430,false,false,literal-positional,,1,{role:
307,b-rare-literal,true,false,2,875416,literal-positional,2,403716,7411,false,false,literal-positional,,1,zonefile_search2
444,d-metachar-literal,true,false,34,863418,literal-positional,6,54678,1824,false,false,literal-positional,,1,$vmMemoryMax
214,b-rare-literal,true,false,1,852042,literal-positional,1,74930,326,false,false,literal-positional,,1,Humacao_069
129,a-common-literal,true,false,4,831417,literal-positional,4,1770527,51246,false,false,literal-positional,,1,oOCtoJ3F17kglZC
226,b-rare-literal,true,false,1,829459,literal-positional,1,192479,1,false,false,literal-positional,,1,OAAO5f
703,g-regex,false,false,0,800749,regex-trigram,0,0,0,false,false,"lit-any(n=1,len=3-3)",0,1,"YPS[(){};,]"
342,c-phrase-literal,true,false,2,779251,literal-positional,2,100751,364,false,false,literal-positional,,1,PARTITION p_20200823
351,c-phrase-literal,true,false,2,766957,literal-positional,2,100751,364,false,false,literal-positional,,1,PARTITION p_20210205
50,a-common-literal,true,false,5,763207,literal-positional,16,456082,17111,false,false,literal-positional,,1,TclPrdAkTest2
246,b-rare-literal,true,false,1,754375,literal-positional,1,59391,1,false,false,literal-positional,,1,YAAsBgF
343,c-phrase-literal,true,false,2,742002,literal-positional,2,100751,364,false,false,literal-positional,,1,PARTITION p_20200927
341,c-phrase-literal,true,false,2,724209,literal-positional,2,100751,364,false,false,literal-positional,,1,PARTITION p_20200812
292,b-rare-literal,true,false,3,707499,literal-positional,3,1156584,33509,false,false,literal-positional,,1,s3sxcCLjJfsBi
349,c-phrase-literal,true,false,2,665292,literal-positional,2,100751,364,false,false,literal-positional,,1,PARTITION p_20201231
445,d-metachar-literal,true,false,85,637374,literal-positional,6,54678,1824,false,false,literal-positional,,1,$vmMinMem
338,c-phrase-literal,true,false,2,633582,literal-positional,4,120958,717,false,false,literal-positional,,1,PARTITION p_20200610
311,c-phrase-literal,true,false,22,632833,literal-positional,20,448386,10110,false,false,literal-positional,,1,AND DATE_ADD
340,c-phrase-literal,true,false,2,619458,literal-positional,2,100751,364,false,false,literal-positional,,1,PARTITION p_20200804
485,d-metachar-literal,true,false,2,607415,literal-positional,1,10185,306,false,false,literal-positional,,1,C:\\temp\\setip.ps1
329,c-phrase-literal,true,false,16,597291,literal-positional,16,429614,9751,false,false,literal-positional,,1,FROM month_no
339,c-phrase-literal,true,false,2,580458,literal-positional,2,100751,364,false,false,literal-positional,,1,PARTITION p_20200730
52,a-common-literal,true,false,6,577750,literal-positional,4,162843,8632,false,false,literal-positional,,1,TclPrdWebNb11
290,b-rare-literal,true,false,1,546042,literal-positional,3,127900,884,false,false,literal-positional,,1,p_20180811
194,b-rare-literal,true,false,1,536291,literal-positional,1,113318,1,false,false,literal-positional,,1,EACH1C
488,d-metachar-literal,true,false,80,526041,literal-positional,19,443924,10010,false,false,literal-positional,,1,DATE_ADD(CAST(
487,d-metachar-literal,true,false,80,517292,literal-positional,19,443924,10010,false,false,literal-positional,,1,"DATE),"
510,d-metachar-literal,true,false,69,511626,literal-positional,42,2713962,19455,false,false,literal-positional,,1,g.*
163,b-rare-literal,true,false,1,501374,literal-positional,1,74930,326,false,false,literal-positional,,1,Ana_M3
51,a-common-literal,true,false,8,482708,literal-positional,8,121859,3990,false,false,literal-positional,,1,TclPrdDbNb7
600,f-high-frequency,true,false,40,482082,literal-positional,2,468795,13966,false,false,literal-positional,,1,T_IS_IDENTICAL
4,a-common-literal,true,false,8,474541,literal-positional,2,5030,193,false,false,literal-positional,,1,B83426
179,b-rare-literal,true,false,2,445667,literal-positional,2,437846,4832,false,false,literal-positional,,1,Cabrayil
273,b-rare-literal,true,false,2,435083,literal-positional,2,461912,7842,false,false,literal-positional,,1,govalue_avg
16,a-common-literal,true,false,3,435000,literal-positional,3,370086,3,false,false,literal-positional,,1,EACJ8lB
434,d-metachar-literal,true,false,6,430291,literal-positional,1,3340,118,false,false,literal-positional,,1,$OutputVmDisk
195,b-rare-literal,true,false,1,403251,literal-positional,1,316181,1,false,false,literal-positional,,1,EACpB4M
677,g-regex,false,false,0,402416,regex-trigram,0,0,0,false,false,"lit-any(n=1,len=5-5)",0,1,IAEvC[ \t]
536,d-metachar-literal,true,false,9,396291,literal-positional,9,23793,748,false,false,literal-positional,,1,"}}/files/s3cfg.txt"""
268,b-rare-literal,true,false,1,392417,literal-positional,1,316181,1,false,false,literal-positional,,1,eAAe3U
479,d-metachar-literal,true,false,4,378002,literal-positional,1,57957,1106,false,false,literal-positional,,1,4.414.943
324,c-phrase-literal,true,false,71,369208,literal-positional,19,443924,10010,false,false,literal-positional,,1,EXECUTE sql_statement1
218,b-rare-literal,true,false,1,362041,literal-positional,1,74930,326,false,false,literal-positional,,1,Kong_08
219,b-rare-literal,true,false,5,338876,literal-positional,2,1001260,3883,false,false,literal-positional,,1,L383
514,d-metachar-literal,true,false,3,336542,literal-positional,3,16164,516,false,false,literal-positional,,1,ip_addr)
165,b-rare-literal,true,false,1,334585,literal-positional,1,5425,215,false,false,literal-positional,,1,ArabicUAE
474,d-metachar-literal,true,false,5,322167,literal-positional,2,3108,98,false,false,literal-positional,,1,/tmp/trigger_alert.sh
688,g-regex,false,false,0,314791,regex-trigram,0,0,0,false,false,"lit-any(n=1,len=5-5)",0,1,QADgC[ \t]
482,d-metachar-literal,true,false,35,312333,literal-positional,19,443924,10010,false,false,literal-positional,,1,@v_base_sql=CONCAT(
440,d-metachar-literal,true,false,1,302876,literal-positional,1,3285,93,false,false,literal-positional,,1,$TmpDir/Apps.tar;
128,a-common-literal,true,false,4,297751,literal-positional,4,1692294,4,false,false,literal-positional,,1,oBAAuC
457,d-metachar-literal,true,false,30,293333,literal-positional,19,298600,6022,false,false,literal-positional,,1,'127.0.0.1'
431,d-metachar-literal,true,false,14,279332,literal-positional,7,40931,988,false,false,literal-positional,,1,$(date):
427,d-metachar-literal,true,false,1,278168,literal-positional,1,27055,540,false,false,literal-positional,,1,"""</host:addr>""))}"
473,d-metachar-literal,true,false,18,254541,literal-positional,9,23793,748,false,false,literal-positional,,1,/root/.s3cfg
208,b-rare-literal,true,false,1,248707,literal-positional,3,374913,3,false,false,literal-positional,,1,GACtB2M
283,b-rare-literal,true,false,1,244376,literal-positional,1,395655,10987,false,false,literal-positional,,1,lkFFpdVDw
177,b-rare-literal,true,false,1,243709,literal-positional,1,316181,1,false,false,literal-positional,,1,CAC3C3oB
999,i-unicode,true,false,2,240917,literal-positional,2,85402,1888,false,false,literal-positional,,1,
296,b-rare-literal,true,false,1,238501,literal-positional,1,103868,762,false,false,literal-positional,,1,tclstgwebdc3
424,d-metachar-literal,true,false,3,229125,literal-positional,9,37243,1051,false,false,literal-positional,,1,"""${hostname}"
422,d-metachar-literal,true,false,18,228666,literal-positional,3,20916,671,false,false,literal-positional,,1,"""${DataDir}"
449,d-metachar-literal,true,false,24,227376,literal-positional,1,12616,271,false,false,literal-positional,,1,${OutFile}.txt
494,d-metachar-literal,true,false,1,221083,literal-positional,1,6578,126,false,false,literal-positional,,1,"Uncompress(lz4),"
108,a-common-literal,true,false,4,218791,literal-positional,4,21420,618,false,false,literal-positional,,1,godaddy_picksheet2_
0,a-common-literal,true,false,5,216710,literal-positional,1,100397,2837,false,false,literal-positional,,1,AWS1
286,b-rare-literal,true,false,1,208084,literal-positional,1,242492,7216,false,false,literal-positional,,1,nJIWqRsvU3yP8Mcg
178,b-rare-literal,true,false,1,207915,literal-positional,1,219918,1,false,false,literal-positional,,1,CACE5V
237,b-rare-literal,true,false,1,206793,literal-positional,1,2228214,876,false,false,literal-positional,,1,SD_PULL_REQUEST
17,a-common-literal,true,false,2,203417,literal-positional,2,1048497,2,false,false,literal-positional,,1,EjEujRzE
305,b-rare-literal,true,false,14,199041,literal-positional,10,1067227,4497,false,false,literal-positional,,1,zM78
448,d-metachar-literal,true,false,64,192710,literal-positional,23,109314,3054,false,false,literal-positional,,1,${KeyFile}
461,d-metachar-literal,true,false,5,191709,literal-positional,4,16142,349,false,false,literal-positional,,1,($IsVmRunningTmp
411,c-phrase-literal,true,false,18,186292,literal-positional,16,13186,502,false,false,literal-positional,,1,sudo mv
29,a-common-literal,true,false,2,186208,literal-positional,2,178860,2,false,false,literal-positional,,1,KACbkB
995,i-unicode,true,false,4,181083,literal-positional,4,170702,3778,false,false,literal-positional,,1,“SYNC
119,a-common-literal,true,false,8,178374,literal-positional,3,39816,741,false,false,literal-positional,,1,la_pd
483,d-metachar-literal,true,false,1,176333,literal-positional,1,100397,2837,false,false,literal-positional,,1,AWS_54.236.126.168;
997,i-unicode,true,false,7,172415,literal-positional,2,137061,3349,false,false,literal-positional,,1,☃
335,c-phrase-literal,true,false,6,171168,literal-positional,5,210812,1820,false,false,literal-positional,,1,MSCK REPAIR
447,d-metachar-literal,true,false,47,170501,literal-positional,5,49354,1353,false,false,literal-positional,,1,${ExportFile}
209,b-rare-literal,true,false,1,164543,literal-positional,1,110315,1,false,false,literal-positional,,1,GAGRl8B
451,d-metachar-literal,true,false,21,161082,literal-positional,6,62436,1704,false,false,literal-positional,,1,${PartitionList})
157,b-rare-literal,true,false,5,158459,literal-positional,4,1914124,701,false,false,literal-positional,,1,A9B8
423,d-metachar-literal,true,false,33,157708,literal-positional,9,62573,1881,false,false,literal-positional,,1,"""${SSH_Opts[@]}"""
169,b-rare-literal,true,false,2,151458,literal-positional,2,628130,2,false,false,literal-positional,,1,BAClBH
455,d-metachar-literal,true,false,8,150248,literal-positional,2,237814,5910,false,false,literal-positional,,1,"'""[^""]*""'"
39,a-common-literal,true,false,2,149375,literal-positional,2,264740,2,false,false,literal-positional,,1,MAIlEgX
24,a-common-literal,true,false,13,143793,literal-positional,1,853573,3392,false,false,literal-positional,,1,H96C42
450,d-metachar-literal,true,false,2,143458,literal-positional,1,10832,306,false,false,literal-positional,,1,"${PartitionDays},60,"
233,b-rare-literal,true,false,1,140583,literal-positional,1,219918,1,false,false,literal-positional,,1,QAENrd
232,b-rare-literal,true,false,1,140166,literal-positional,1,219918,1,false,false,literal-positional,,1,QACR1I
217,b-rare-literal,true,false,1,140082,literal-positional,1,219918,1,false,false,literal-positional,,1,KAG9BC
270,b-rare-literal,true,false,1,136168,literal-positional,1,219918,1,false,false,literal-positional,,1,gCA2KyC
212,b-rare-literal,true,false,1,133333,literal-positional,1,74930,326,false,false,literal-positional,,1,Haouz_47
230,b-rare-literal,true,false,1,131667,literal-positional,1,192479,1,false,false,literal-positional,,1,QAC9BvW
196,b-rare-literal,true,false,1,129834,literal-positional,1,137960,1,false,false,literal-positional,,1,EAGpCc
276,b-rare-literal,true,false,1,127874,literal-positional,1,75025,1824,false,false,literal-positional,,1,hfMainPaymentInfoId
245,b-rare-literal,true,false,1,126793,literal-positional,1,74930,326,false,false,literal-positional,,1,Xocali_64
30,a-common-literal,true,false,2,125873,literal-positional,2,136411,2,false,false,literal-positional,,1,KAE9B5C
231,b-rare-literal,true,false,1,124500,literal-positional,1,140064,1,false,false,literal-positional,,1,QACMiI
106,a-common-literal,true,false,8,117543,literal-positional,1,11666,185,false,false,literal-positional,,1,fprem1
38,a-common-literal,true,false,3,117084,literal-positional,3,421548,3,false,false,literal-positional,,1,MAEEuF
285,b-rare-literal,true,false,0,116166,literal-positional,0,0,0,false,false,literal-positional,,1,moedexRareNeedle42
156,b-rare-literal,true,false,2,115500,literal-positional,2,1048497,2,false,false,literal-positional,,1,A8BrsGA
498,d-metachar-literal,true,false,4,114334,literal-positional,2,3982,127,false,false,literal-positional,,1,"]*$"""
301,b-rare-literal,true,false,1,112416,literal-positional,1,150535,970,false,false,literal-positional,,1,v0v1v0v0v30v0c0
467,d-metachar-literal,true,false,1,109832,literal-positional,1,12616,271,false,false,literal-positional,,1,--host=${db_master}<<EOQ
65,a-common-literal,true,false,3,108376,literal-positional,3,370086,3,false,false,literal-positional,,1,aACnC5H
183,b-rare-literal,true,false,2,107084,literal-positional,2,1048497,2,false,false,literal-positional,,1,E4BnBf
160,b-rare-literal,true,false,2,104501,literal-positional,2,1048497,2,false,false,literal-positional,,1,Ad8lLrC
202,b-rare-literal,true,false,2,104209,literal-positional,2,1048497,2,false,false,literal-positional,,1,EjE42OzE
199,b-rare-literal,true,false,2,103248,literal-positional,2,1048497,2,false,false,literal-positional,,1,EiE5oSM
57,a-common-literal,true,false,2,98708,literal-positional,2,264740,2,false,false,literal-positional,,1,UACpBmD
247,b-rare-literal,true,false,0,98666,literal-positional,0,0,0,false,false,literal-positional,,1,ZZUNIQUEDUPTOKEN
302,b-rare-literal,true,false,1,96042,literal-positional,1,150535,970,false,false,literal-positional,,1,v0v97c0
421,d-metachar-literal,true,false,1,95708,literal-positional,1,3632,94,false,false,literal-positional,,1,"""$TableInfo"""
462,d-metachar-literal,true,false,1,94708,literal-positional,1,9443,168,false,false,literal-positional,,1,($app)
200,b-rare-literal,true,false,2,92126,literal-positional,2,1048497,2,false,false,literal-positional,,1,EiE7hPM
274,b-rare-literal,true,false,1,88625,literal-positional,1,1279,1,false,false,literal-positional,,1,h0a2
173,b-rare-literal,true,false,2,85042,literal-positional,2,1048497,2,false,false,literal-positional,,1,BjC2G4D
198,b-rare-literal,true,false,2,82915,literal-positional,2,1048497,2,false,false,literal-positional,,1,EgCzjHG
176,b-rare-literal,true,false,1,80792,literal-positional,1,14758,1,false,false,literal-positional,,1,CA8DGzC
204,b-rare-literal,true,false,1,80000,literal-positional,1,117008,149,false,false,literal-positional,,1,FwDg5ohU6Utp6wtpawNj7wq
42,a-common-literal,true,false,3,79374,literal-positional,3,370086,3,false,false,literal-positional,,1,OAENxoB
452,d-metachar-literal,true,false,3,75292,literal-positional,1,13082,351,false,false,literal-positional,,1,${PartitionList}|
197,b-rare-literal,true,false,2,73210,literal-positional,2,265344,2,false,false,literal-positional,,1,EAH7B
304,b-rare-literal,true,false,5,71459,literal-positional,5,15751,353,false,false,literal-positional,,1,v7a_916f
280,b-rare-literal,true,false,1,69084,literal-positional,1,117008,149,false,false,literal-positional,,1,kGxCvP03g8M1Mw0rkmuPe
433,d-metachar-literal,true,false,1,57291,literal-positional,1,11740,328,false,false,literal-positional,,1,$ArchiveData2Db
454,d-metachar-literal,true,false,2,55291,literal-positional,2,13311,442,false,false,literal-positional,,1,"${UseMem}"""
298,b-rare-literal,true,false,1,52665,literal-positional,1,219918,1,false,false,literal-positional,,1,uEAGPV
220,b-rare-literal,true,false,1,48834,literal-positional,1,15172,90,false,false,literal-positional,,1,LYjwsIyHBI
998,i-unicode,true,false,0,43708,literal-positional,0,0,0,false,false,literal-positional,,1,你好
