query_id,bucket,literal,ignorecase,nmoe,nanos,candidate_kind,candidate_blobs,candidate_bytes,candidate_lines,all_candidates,query_all,line_filter_kind,lines_entering_re2,verify_workers,pattern
986,i-unicode,false,false,250,14558231667,regex-all,49800,789265738,26337370,true,true,none,26337370,10,\p{Greek}
899,h-case-insensitive,true,true,2640,11857210875,regex-all,49800,789265738,26337370,true,true,"lit-any(n=2,len=1-1)",19564090,10,MSK
921,h-case-insensitive,false,true,4470,10452469541,regex-trigram,8005,681493742,23583435,false,false,"or(all(lit-any(n=8,len=3-3),lit-any(n=8,len=3-3),lit-any(n=8,len=3-3)),lit-any(n=8,len=3-3))",553799,10,admittable|shark
964,h-case-insensitive,false,true,689,9636866708,regex-trigram,423,481668852,19391074,false,false,"or(all(lit-any(n=8,len=3-3),lit-any(n=8,len=3-3),lit-any(n=8,len=3-3)),all(lit-any(n=8,len=3-3),lit-any(n=8,len=3-3),lit-any(n=8,len=3-3)))",4468,10,refreshtoken|strumae
704,g-regex,false,false,2864280,9542325957,regex-trigram,21271,736777639,24841591,false,false,none,24841591,10,[0-9][0-9][0-9][0-9]
897,h-case-insensitive,false,true,293,9492010749,regex-trigram,2785,602216533,21689409,false,false,"or(all(lit-any(n=8,len=3-3),lit-any(n=8,len=3-3),lit-any(n=8,len=3-3)),all(lit-any(n=8,len=3-3),lit-any(n=8,len=3-3),lit-any(n=8,len=3-3)))",26362,10,LinesView|Computes
905,h-case-insensitive,false,true,5386,8245457626,regex-all,49800,789265738,26337370,true,true,"or(lit-any(n=8,len=3-3),lit-any(n=4,len=2-2))",1786195,10,QAM|hess
907,h-case-insensitive,false,true,21,8149498498,regex-trigram,1066,575339106,21214487,false,false,"or(all(lit-any(n=8,len=3-3),lit-any(n=8,len=3-3),lit-any(n=8,len=3-3)),all(lit-any(n=8,len=3-3),lit-any(n=8,len=3-3),lit-any(n=8,len=3-3)))",2359,10,Razavi|itemAnswer
919,h-case-insensitive,false,true,60,8032200583,regex-trigram,224,366752644,16846559,false,false,"or(all(lit-any(n=8,len=3-3),lit-any(n=8,len=3-3),lit-any(n=8,len=3-3)),all(lit-any(n=8,len=3-3),lit-any(n=8,len=3-3),lit-any(n=8,len=3-3)))",427,10,addPane|EAAhB
900,h-case-insensitive,false,true,124,7895662251,regex-trigram,671,529075883,20472892,false,false,"or(all(lit-any(n=8,len=3-3),lit-any(n=8,len=3-3),lit-any(n=8,len=3-3)),all(lit-any(n=8,len=3-3),lit-any(n=8,len=3-3),lit-any(n=8,len=3-3)))",40924,10,MemberInfo|IAAOzG
872,h-case-insensitive,false,true,29,7826716251,regex-trigram,180,465713890,19195426,false,false,"or(all(lit-any(n=8,len=3-3),lit-any(n=8,len=3-3),lit-any(n=8,len=3-3)),all(lit-any(n=8,len=3-3),lit-any(n=8,len=3-3),lit-any(n=8,len=3-3)))",435,1,Abstauber|construit
871,h-case-insensitive,false,true,14,7806528540,regex-trigram,13759,700635715,24195643,false,false,"or(lit-any(n=8,len=3-3),all(lit-any(n=8,len=3-3),lit-any(n=8,len=3-3),lit-any(n=8,len=3-3)))",252715,10,Abklatsch|CAACoC
969,h-case-insensitive,false,true,10,7779956416,regex-trigram,278,467505098,19187558,false,false,"or(all(lit-any(n=8,len=3-3),lit-any(n=8,len=3-3),lit-any(n=8,len=3-3)),all(lit-any(n=8,len=3-3),lit-any(n=8,len=3-3),lit-any(n=8,len=3-3)))",5518,10,safariextz|conrols
922,h-case-insensitive,false,true,8,7377292375,regex-trigram,153,419775408,18445986,false,false,"or(all(lit-any(n=8,len=3-3),lit-any(n=8,len=3-3),lit-any(n=8,len=3-3)),all(lit-any(n=8,len=3-3),lit-any(n=8,len=3-3),lit-any(n=8,len=3-3)))",74,1,ajustable|iEACgHA
946,h-case-insensitive,false,true,8,7318290875,regex-trigram,1799,570122321,21129808,false,false,"or(all(lit-any(n=8,len=3-3),lit-any(n=8,len=3-3),lit-any(n=8,len=3-3)),all(lit-any(n=8,len=3-3),lit-any(n=8,len=3-3),lit-any(n=8,len=3-3)))",31715,10,handlerKey|aforarse
917,h-case-insensitive,false,true,11,7309287458,regex-trigram,210,486776627,19379159,false,false,"or(all(lit-any(n=8,len=3-3),lit-any(n=8,len=3-3),lit-any(n=8,len=3-3)),all(lit-any(n=8,len=3-3),lit-any(n=8,len=3-3),lit-any(n=8,len=3-3)))",382,10,accdc|scurvier
979,h-case-insensitive,false,true,29,6781688294,regex-trigram,567,530798674,20287661,false,false,"or(all(lit-any(n=8,len=3-3),lit-any(n=8,len=3-3),lit-any(n=8,len=3-3)),all(lit-any(n=8,len=3-3),lit-any(n=8,len=3-3),lit-any(n=8,len=3-3)))",13672,1,whichDoms|getRepeat
885,h-case-insensitive,false,true,5,6772695043,regex-trigram,145,349701792,16294089,false,false,"or(all(lit-any(n=8,len=3-3),lit-any(n=8,len=3-3),lit-any(n=8,len=3-3)),all(lit-any(n=8,len=3-3),lit-any(n=8,len=3-3)))",102,10,EjEkuOzE|KACjBka
963,h-case-insensitive,false,true,8,6369364708,regex-trigram,400,518216316,20028375,false,false,"or(all(lit-any(n=8,len=3-3),lit-any(n=8,len=3-3),lit-any(n=8,len=3-3)),all(lit-any(n=8,len=3-3),lit-any(n=8,len=3-3),lit-any(n=8,len=3-3)))",469,10,pushMainArea|Blinkdarm
957,h-case-insensitive,false,true,4,6340622374,regex-trigram,417,524254804,20274310,false,false,"or(all(lit-any(n=8,len=3-3),lit-any(n=8,len=3-3),lit-any(n=8,len=3-3)),all(lit-any(n=8,len=3-3),lit-any(n=8,len=3-3),lit-any(n=8,len=3-3)))",268,10,nElapsed|CADcwF
942,h-case-insensitive,false,true,20,6281489667,regex-trigram,317,497990750,19698023,false,false,"or(all(lit-any(n=8,len=3-3),lit-any(n=8,len=3-3),lit-any(n=8,len=3-3)),all(lit-any(n=8,len=3-3),lit-any(n=8,len=3-3),lit-any(n=8,len=3-3)))",1027,10,grumpily|fullListTime
909,h-case-insensitive,false,true,72219,6100081499,regex-trigram,266,363841110,16463420,false,false,"or(all(lit-any(n=8,len=3-3),lit-any(n=8,len=3-3)),lit-any(n=8,len=3-3))",36711,10,SAEjBsc|CLR
943,h-case-insensitive,false,true,946,6097616583,regex-trigram,392,497229760,19879118,false,false,"or(lit-any(n=8,len=3-3),all(lit-any(n=8,len=3-3),lit-any(n=8,len=3-3),lit-any(n=8,len=3-3)))",33594,10,guese|hzeit
879,h-case-insensitive,false,true,33520,6031953124,regex-trigram,1250,550896825,20808928,false,false,"or(all(lit-any(n=8,len=3-3),lit-any(n=8,len=3-3)),all(lit-any(n=8,len=3-3),lit-any(n=8,len=3-3),lit-any(n=8,len=3-3)))",32515,10,Corp|UACjBpF
949,h-case-insensitive,false,true,84,6011704167,regex-trigram,217,472146893,19293522,false,false,"or(lit-any(n=8,len=3-3),all(lit-any(n=8,len=3-3),lit-any(n=8,len=3-3),lit-any(n=8,len=3-3)))",1458,10,hmmss|anamorphic
882,h-case-insensitive,false,true,7,5794143959,regex-trigram,93,390696617,17870768,false,false,"or(all(lit-any(n=8,len=3-3),lit-any(n=8,len=3-3),lit-any(n=8,len=3-3)),all(lit-any(n=8,len=3-3),lit-any(n=8,len=3-3),lit-any(n=8,len=3-3)))",35,1,EACRhG|UAHyB
954,h-case-insensitive,false,true,54,5685544251,regex-trigram,577,481672586,19265903,false,false,"or(all(lit-any(n=8,len=3-3),lit-any(n=8,len=3-3),lit-any(n=8,len=3-3)),all(lit-any(n=8,len=3-3),lit-any(n=8,len=3-3),lit-any(n=8,len=3-3)))",1054,10,mockRegistry|nestedBtn
967,h-case-insensitive,true,true,1512,5597913751,regex-trigram,780,488543276,19669968,false,false,"all(lit-any(n=8,len=3-3),lit-any(n=8,len=3-3),lit-any(n=8,len=3-3))",1762,10,rouge
980,h-case-insensitive,false,true,11,5565184417,regex-trigram,822,557805899,21081585,false,false,"or(all(lit-any(n=8,len=3-3),lit-any(n=8,len=3-3),lit-any(n=8,len=3-3)),all(lit-any(n=8,len=3-3),lit-any(n=8,len=3-3),lit-any(n=8,len=3-3)))",12625,10,whichDoms|zeroResults
962,h-case-insensitive,false,true,8,5536975041,regex-trigram,102,410862378,17946371,false,false,"or(all(lit-any(n=8,len=3-3),lit-any(n=8,len=3-3),lit-any(n=8,len=3-3)),all(lit-any(n=8,len=3-3),lit-any(n=8,len=3-3),lit-any(n=8,len=3-3)))",5501,1,primaryView|CACTjV
930,h-case-insensitive,false,true,1197,5536023876,regex-trigram,496,525263205,20225636,false,false,"or(all(lit-any(n=8,len=3-3),lit-any(n=8,len=3-3),lit-any(n=8,len=3-3)),all(lit-any(n=8,len=3-3),lit-any(n=8,len=3-3),lit-any(n=8,len=3-3)))",5613,10,becoming|Mwaro
966,h-case-insensitive,true,true,8,5133308000,regex-trigram,147,454920931,19139229,false,false,"all(lit-any(n=8,len=3-3),lit-any(n=8,len=3-3),lit-any(n=8,len=3-3))",79,10,regoperatorsend
890,h-case-insensitive,false,true,101,5111104001,regex-trigram,195,442967942,18107039,false,false,"or(all(lit-any(n=8,len=3-3),lit-any(n=8,len=3-3),lit-any(n=8,len=3-3)),all(lit-any(n=8,len=3-3),lit-any(n=8,len=3-3),lit-any(n=8,len=3-3)))",166,10,GACrByK|bfunston
978,h-case-insensitive,true,true,3,5010121667,regex-all,49800,789265738,26337370,true,true,"lit-any(n=4,len=2-2)",2534365,10,useSETSID
927,h-case-insensitive,false,true,58,5003451664,regex-trigram,108,409456461,18137835,false,false,"or(all(lit-any(n=8,len=3-3),lit-any(n=8,len=3-3),lit-any(n=8,len=3-3)),all(lit-any(n=8,len=3-3),lit-any(n=8,len=3-3),lit-any(n=8,len=3-3)))",93,10,avowal|hrnew
873,h-case-insensitive,true,true,40,4906789459,regex-trigram,702,536975995,20008769,false,false,"all(lit-any(n=8,len=3-3),lit-any(n=8,len=3-3),lit-any(n=8,len=3-3))",9935,10,AllBackorders
918,h-case-insensitive,true,true,289,4792058250,regex-trigram,116,448908132,18483241,false,false,"all(lit-any(n=8,len=3-3),lit-any(n=8,len=3-3),lit-any(n=8,len=3-3))",330,1,acuity
920,h-case-insensitive,true,true,65,4775118417,regex-trigram,364,451596648,19374521,false,false,"all(lit-any(n=8,len=3-3),lit-any(n=8,len=3-3),lit-any(n=8,len=3-3))",8745,10,adminEmail
970,h-case-insensitive,true,true,40,4762339500,regex-trigram,765,545830472,20464128,false,false,"all(lit-any(n=8,len=3-3),lit-any(n=8,len=3-3),lit-any(n=8,len=3-3))",1215,10,setTabSize
971,h-case-insensitive,true,true,45,4753617708,regex-all,49800,789265738,26337370,true,true,"lit-any(n=4,len=2-2)",917767,10,skims
968,h-case-insensitive,true,true,9,4490605458,regex-trigram,129,416568512,18369275,false,false,"all(lit-any(n=8,len=3-3),lit-any(n=8,len=3-3))",1540,10,rseguy
883,h-case-insensitive,true,true,10245,4347457667,regex-trigram,4737,615123595,21902844,false,false,"all(lit-any(n=8,len=3-3),lit-any(n=8,len=3-3),lit-any(n=8,len=3-3))",11596,10,EACTI
923,h-case-insensitive,true,true,48,4293210208,regex-trigram,138,447268652,18501658,false,false,"all(lit-any(n=8,len=3-3),lit-any(n=8,len=3-3),lit-any(n=8,len=3-3))",1172,10,alopex
926,h-case-insensitive,true,true,13,4154045835,regex-trigram,144,450912438,18437317,false,false,"all(lit-any(n=8,len=3-3),lit-any(n=8,len=3-3),lit-any(n=8,len=3-3))",4313,10,autoRenewOption
901,h-case-insensitive,true,true,411861,4151091998,regex-trigram,10649,652874515,23418189,false,false,"all(lit-any(n=8,len=3-3),lit-any(n=8,len=3-3))",385345,10,NULL
886,h-case-insensitive,true,true,2,4130303707,regex-trigram,768,557785095,20851524,false,false,"all(lit-any(n=8,len=3-3),lit-any(n=8,len=3-3),lit-any(n=8,len=3-3))",1498,10,Estrelleta
874,h-case-insensitive,true,true,54,4031118124,regex-trigram,274,480421115,19359840,false,false,"all(lit-any(n=8,len=3-3),lit-any(n=8,len=3-3),lit-any(n=8,len=3-3))",4090,10,AuthenticationOptions
576,e-sub-trigram,true,false,3709206,3999813209,literal-subtrigram,49800,789265738,26337370,true,false,literal-subtrigram,,10,es
925,h-case-insensitive,true,true,3224,3920301708,regex-trigram,553,543002962,20606943,false,false,"all(lit-any(n=8,len=3-3),lit-any(n=8,len=3-3),lit-any(n=8,len=3-3))",6260,10,atelier
895,h-case-insensitive,true,true,33,3888145041,regex-trigram,969,534363342,20449182,false,false,"all(lit-any(n=8,len=3-3),lit-any(n=8,len=3-3),lit-any(n=8,len=3-3))",8619,10,IsTemporary
877,h-case-insensitive,true,true,75,3883797042,regex-trigram,1492,559473823,20712193,false,false,"all(lit-any(n=8,len=3-3),lit-any(n=8,len=3-3),lit-any(n=8,len=3-3))",18178,10,CacheSize
975,h-case-insensitive,true,true,138,3810039583,regex-trigram,1429,566971926,21046697,false,false,"all(lit-any(n=8,len=3-3),lit-any(n=8,len=3-3),lit-any(n=8,len=3-3))",996,10,thinner
911,h-case-insensitive,true,true,6,3739761208,regex-trigram,273,485886346,19385023,false,false,"all(lit-any(n=8,len=3-3),lit-any(n=8,len=3-3),lit-any(n=8,len=3-3))",477,10,Tachov
884,h-case-insensitive,true,true,20,3738725210,regex-trigram,124,371097449,16931032,false,false,"all(lit-any(n=8,len=3-3),lit-any(n=8,len=3-3),lit-any(n=8,len=3-3))",58,10,EACdA
959,h-case-insensitive,true,true,1868,3667162208,regex-trigram,706,540960287,20541513,false,false,"all(lit-any(n=8,len=3-3),lit-any(n=8,len=3-3))",2209,10,odar
939,h-case-insensitive,true,true,9,3572279626,regex-trigram,1325,562075889,21101973,false,false,"all(lit-any(n=8,len=3-3),lit-any(n=8,len=3-3),lit-any(n=8,len=3-3))",1982,10,fallocate
908,h-case-insensitive,true,true,277887,3552870374,regex-trigram,13389,656377393,23224657,false,false,"all(lit-any(n=8,len=3-3),lit-any(n=8,len=3-3),lit-any(n=8,len=3-3))",180547,10,Return
934,h-case-insensitive,true,true,9,3526036290,regex-trigram,102,431839057,18294867,false,false,"all(lit-any(n=8,len=3-3),lit-any(n=8,len=3-3),lit-any(n=8,len=3-3))",156,1,closeAllGroups
878,h-case-insensitive,true,true,176382,3503591749,regex-trigram,25772,688954360,24066216,false,false,"lit-any(n=8,len=3-3)",205850,10,Class
945,h-case-insensitive,true,true,23,3495055417,regex-trigram,218,467397525,18867190,false,false,"all(lit-any(n=8,len=3-3),lit-any(n=8,len=3-3),lit-any(n=8,len=3-3))",9650,10,handleBlur
881,h-case-insensitive,true,true,8,3481808583,regex-trigram,369,382786410,16923298,false,false,"lit-any(n=8,len=3-3)",2882,10,EAASqD
936,h-case-insensitive,true,true,5,3448704709,regex-trigram,381,509891341,19912118,false,false,"all(lit-any(n=8,len=3-3),lit-any(n=8,len=3-3),lit-any(n=8,len=3-3))",14879,10,configurado
947,h-case-insensitive,true,true,2,3411976125,regex-trigram,170,430551644,18363610,false,false,"all(lit-any(n=8,len=3-3),lit-any(n=8,len=3-3))",249,1,hashGetSpy
958,h-case-insensitive,true,true,8,3387799290,regex-trigram,124,441639033,18318653,false,false,"all(lit-any(n=8,len=3-3),lit-any(n=8,len=3-3),lit-any(n=8,len=3-3))",196,10,numpadclear
574,e-sub-trigram,true,false,2989586,3355527624,literal-subtrigram,49800,789265738,26337370,true,false,literal-subtrigram,,10,al
896,h-case-insensitive,true,true,387,3347509417,regex-trigram,1820,511393233,20093746,false,false,"all(lit-any(n=8,len=3-3),lit-any(n=8,len=3-3))",4956,10,LastDay
893,h-case-insensitive,true,true,5233,3345953334,regex-trigram,3523,623594529,22350854,false,false,"all(lit-any(n=8,len=3-3),lit-any(n=8,len=3-3))",5644,10,Grep
544,e-sub-trigram,true,false,3196348,3309946708,literal-subtrigram,49800,789265738,26337370,true,false,literal-subtrigram,,1,","
902,h-case-insensitive,true,true,157661,3303392376,regex-trigram,21876,617286807,22536957,false,false,"all(lit-any(n=8,len=3-3),lit-any(n=8,len=3-3),lit-any(n=8,len=3-3))",169334,10,PUBLIC
924,h-case-insensitive,true,true,65,3300076793,regex-trigram,78,396720148,17997002,false,false,"all(lit-any(n=8,len=3-3),lit-any(n=8,len=3-3),lit-any(n=8,len=3-3))",7310,1,androgynous
935,h-case-insensitive,true,true,16,3168788249,regex-trigram,76,385150540,17813951,false,false,"all(lit-any(n=8,len=3-3),lit-any(n=8,len=3-3),lit-any(n=8,len=3-3))",25,1,cmKeyToVimKey
584,e-sub-trigram,true,false,3276870,3156851543,literal-subtrigram,49800,789265738,26337370,true,false,literal-subtrigram,,10,st
965,h-case-insensitive,true,true,9,3152656792,regex-trigram,72,316036645,16356474,false,false,"all(lit-any(n=8,len=3-3),lit-any(n=8,len=3-3),lit-any(n=8,len=3-3))",67,1,regProduct
974,h-case-insensitive,true,true,69395,3136752623,regex-trigram,4199,599948156,21841572,false,false,"lit-any(n=8,len=3-3)",58882,10,tep
903,h-case-insensitive,true,true,8,3126409834,regex-trigram,73,409184811,17891171,false,false,"all(lit-any(n=8,len=3-3),lit-any(n=8,len=3-3),lit-any(n=8,len=3-3))",5081,1,ProxyRemoteMatch
952,h-case-insensitive,true,true,24,3095470874,regex-trigram,229,466506755,19000693,false,false,"all(lit-any(n=8,len=3-3),lit-any(n=8,len=3-3),lit-any(n=8,len=3-3))",179,10,llReleaseURL
892,h-case-insensitive,true,true,12,3089490167,regex-trigram,138,443486216,18471206,false,false,"all(lit-any(n=8,len=3-3),lit-any(n=8,len=3-3),lit-any(n=8,len=3-3))",1307,10,GetRemoteAuctionDetails
977,h-case-insensitive,true,true,3252,3072788666,regex-trigram,576,516197831,20226946,false,false,"all(lit-any(n=8,len=3-3),lit-any(n=8,len=3-3))",2808,10,unar
549,e-sub-trigram,true,false,2736587,3046708583,literal-subtrigram,49800,789265738,26337370,true,false,literal-subtrigram,,10,;
929,h-case-insensitive,true,true,1631,3006321375,regex-trigram,204,471321733,19224995,false,false,"all(lit-any(n=8,len=3-3),lit-any(n=8,len=3-3),lit-any(n=8,len=3-3))",1823,10,beaver
887,h-case-insensitive,true,true,13,2949643419,regex-trigram,102,425537493,18118631,false,false,"all(lit-any(n=8,len=3-3),lit-any(n=8,len=3-3),lit-any(n=8,len=3-3))",51,1,FlushFinalBlock
888,h-case-insensitive,true,true,28,2896656165,regex-trigram,135,333722394,15890599,false,false,"all(lit-any(n=8,len=3-3),lit-any(n=8,len=3-3),lit-any(n=8,len=3-3))",112,1,GAAQD
876,h-case-insensitive,true,true,19,2894643335,regex-trigram,135,406312645,17882590,false,false,"all(lit-any(n=8,len=3-3),lit-any(n=8,len=3-3))",137,10,CBaesg
684,g-regex,false,false,50264,2888604334,regex-trigram,4466,589541491,21724574,false,false,"or(lit-any(n=1,len=6-6),lit-any(n=1,len=3-3),lit-any(n=1,len=7-7))",46876,10,OAEtBW|ems|negated
583,e-sub-trigram,true,false,2432979,2862293625,literal-subtrigram,49800,789265738,26337370,true,false,literal-subtrigram,,10,se
572,e-sub-trigram,true,false,1775460,2779736291,literal-subtrigram,49800,789265738,26337370,true,false,literal-subtrigram,,10,ac
932,h-case-insensitive,true,true,20,2737886083,regex-trigram,95,404670114,18051498,false,false,"all(lit-any(n=8,len=3-3),lit-any(n=8,len=3-3),lit-any(n=8,len=3-3))",7327,1,cardiomegaly
912,h-case-insensitive,true,true,1,2660128042,regex-trigram,83,352386842,16619209,false,false,"all(lit-any(n=8,len=3-3),lit-any(n=8,len=3-3),lit-any(n=8,len=3-3))",123,1,XRANGEPLAIN
875,h-case-insensitive,true,true,805,2597826250,regex-trigram,142,347332154,16164373,false,false,"lit-any(n=8,len=3-3)",752,10,BhC
681,g-regex,false,false,832,2561351124,regex-trigram,396,507874805,19932342,false,false,"or(lit-any(n=1,len=6-6),lit-any(n=1,len=7-7),lit-any(n=1,len=5-5))",826,10,MAAQoL|acomode|sideA
948,h-case-insensitive,true,true,87,2529043583,regex-trigram,165,430751218,18602018,false,false,"all(lit-any(n=8,len=3-3),lit-any(n=8,len=3-3),lit-any(n=8,len=3-3))",1765,10,headlong
880,h-case-insensitive,true,true,12,2525834666,regex-trigram,73,381032849,17653195,false,false,"all(lit-any(n=8,len=3-3),lit-any(n=8,len=3-3),lit-any(n=8,len=3-3))",23,1,DuoMFA
950,h-case-insensitive,true,true,8,2518206542,regex-trigram,75,310644666,16229148,false,false,"all(lit-any(n=8,len=3-3),lit-any(n=8,len=3-3),lit-any(n=8,len=3-3))",53,1,lbtiPendingLock
712,g-regex,false,false,87,2446038499,regex-trigram,9242,602747154,22278228,false,false,"or(lit-any(n=1,len=4-4),lit-any(n=1,len=5-5))",78830,10,\b(Snow|ivate)\b
985,i-unicode,false,false,201,2445987625,regex-all,49800,789265738,26337370,true,true,rune-class(n=25),111,10,[α-ω]+
683,g-regex,false,false,11342,2398065876,regex-trigram,404,510509637,19960487,false,false,"or(lit-any(n=1,len=5-5),lit-any(n=1,len=7-7),lit-any(n=1,len=4-4))",10557,10,OAAiB|gaselos|camp
955,h-case-insensitive,true,true,59,2388475125,regex-trigram,89,403019105,17937752,false,false,"all(lit-any(n=8,len=3-3),lit-any(n=8,len=3-3),lit-any(n=8,len=3-3))",76,1,muzzy
891,h-case-insensitive,true,true,10,2381494666,regex-trigram,87,383573972,17589060,false,false,"all(lit-any(n=8,len=3-3),lit-any(n=8,len=3-3),lit-any(n=8,len=3-3))",35,1,GAEpDI
933,h-case-insensitive,true,true,94,2352209332,regex-trigram,40,283833197,15394192,false,false,"all(lit-any(n=8,len=3-3),lit-any(n=8,len=3-3),lit-any(n=8,len=3-3))",1531,1,checkoutV2Domain
898,h-case-insensitive,true,true,6,2344961416,regex-trigram,82,300367959,15820482,false,false,"all(lit-any(n=8,len=3-3),lit-any(n=8,len=3-3),lit-any(n=8,len=3-3))",57,1,MAAMvB
910,h-case-insensitive,true,true,90,2305251750,regex-trigram,78,328778997,16701661,false,false,"all(lit-any(n=8,len=3-3),lit-any(n=8,len=3-3),lit-any(n=8,len=3-3))",1290,1,SyntheticEvent
941,h-case-insensitive,true,true,2,2272736958,regex-trigram,48,303643770,15954297,false,false,"all(lit-any(n=8,len=3-3),lit-any(n=8,len=3-3),lit-any(n=8,len=3-3))",70,1,fname4
951,h-case-insensitive,true,true,3,2266674082,regex-trigram,24,278759793,15331067,false,false,"all(lit-any(n=8,len=3-3),lit-any(n=8,len=3-3),lit-any(n=8,len=3-3))",5463,1,linearGradient4480
973,h-case-insensitive,true,true,32,2233397250,regex-trigram,87,320637163,16163907,false,false,"all(lit-any(n=8,len=3-3),lit-any(n=8,len=3-3))",40,10,tcdf
972,h-case-insensitive,true,true,2,2192164666,regex-trigram,30,275696047,15391150,false,false,"all(lit-any(n=8,len=3-3),lit-any(n=4,len=3-3),lit-any(n=2,len=3-3))",44,1,stop2224
843,g-regex,false,false,98973,2170996123,regex-trigram,6914,651213580,23138720,false,false,"or(lit-any(n=1,len=4-4),lit-any(n=1,len=4-4),lit-any(n=1,len=6-6))",81554,10,para|Adan|Landes
573,e-sub-trigram,true,false,1180028,2164836542,literal-subtrigram,49800,789265738,26337370,true,false,literal-subtrigram,,10,ad
575,e-sub-trigram,true,false,1288061,2124632374,literal-subtrigram,49800,789265738,26337370,true,false,literal-subtrigram,,10,ca
797,g-regex,false,false,2032,2119868084,regex-trigram,3600,599630674,21941899,false,false,"or(lit-any(n=1,len=7-7),lit-any(n=1,len=4-4),lit-any(n=1,len=7-7))",1678,10,cALxCnB|latu|EAAKukB
904,h-case-insensitive,true,true,3,2065027376,regex-trigram,56,295833196,15735648,false,false,"all(lit-any(n=8,len=3-3),lit-any(n=8,len=3-3),lit-any(n=8,len=3-3))",32,1,QACCpiB
580,e-sub-trigram,true,false,1330399,2013034957,literal-subtrigram,49800,789265738,26337370,true,false,literal-subtrigram,,10,na
906,h-case-insensitive,true,true,36,1996758708,regex-trigram,116,320008030,16349138,false,false,"all(lit-any(n=8,len=3-3),lit-any(n=8,len=3-3))",97,1,Qpress
686,g-regex,false,false,35,1989597501,regex-trigram,214,446135384,19072461,false,false,"or(lit-any(n=1,len=4-4),lit-any(n=1,len=10-10),lit-any(n=1,len=6-6))",30,10,QAAJ|sluggishly|agotan
819,g-regex,false,false,441140,1950641875,regex-all,49800,789265738,26337370,true,true,"all(lit-any(n=1,len=1-1),lit-any(n=1,len=2-2))",2474686,10,i.es
801,g-regex,false,false,1748,1937907708,regex-trigram,872,546739105,20822590,false,false,"or(lit-any(n=1,len=10-10),lit-any(n=1,len=10-10),lit-any(n=1,len=4-4))",1685,10,consulting|adquirente|doto
984,i-unicode,false,false,74396,1834843833,regex-all,49800,789265738,26337370,true,true,rune-class(n=20),53629,10,[é-ü]
673,g-regex,false,false,147,1832427250,regex-trigram,277,478809524,19563571,false,false,"or(lit-any(n=1,len=5-5),lit-any(n=1,len=9-9),lit-any(n=1,len=10-10))",137,10,IAAIY|simulator|Bedingungs
641,g-regex,false,false,133,1805824457,regex-trigram,1632,583952454,21441644,false,false,"or(lit-any(n=1,len=7-7),lit-any(n=1,len=10-10),lit-any(n=1,len=5-5))",84,1,Ataturk|Diaphragma|isind
889,h-case-insensitive,false,true,5,1788942998,regex-trigram,80,296667749,15611745,false,false,"all(lit-any(n=4,len=2-2),or(all(lit-any(n=8,len=3-3),lit-any(n=8,len=3-3),lit-any(n=8,len=3-3)),all(lit-any(n=8,len=3-3),lit-any(n=8,len=3-3),lit-any(n=8,len=3-3))))",48,1,GAAmBvN|GACpEqzB
850,g-regex,false,false,235,1716339582,regex-trigram,558,516076909,20398797,false,false,"or(lit-any(n=1,len=6-6),lit-any(n=1,len=8-8),lit-any(n=1,len=9-9))",191,10,rsqrps|corniest|Delimiter
786,g-regex,false,false,131,1708192835,regex-trigram,57,377429592,17956257,false,false,"or(lit-any(n=1,len=9-9),lit-any(n=1,len=9-9),lit-any(n=1,len=7-7))",127,1,abrazador|WRITETEXT|Burnham
844,g-regex,false,false,270,1707290584,regex-trigram,388,458802816,18886167,false,false,"or(lit-any(n=1,len=11-11),lit-any(n=1,len=9-9),lit-any(n=1,len=10-10))",103,10,parentValue|crockford|OptionDecl
642,g-regex,false,false,19947,1703416625,regex-trigram,409,505029691,20048643,false,false,"or(lit-any(n=1,len=6-6),lit-any(n=1,len=6-6),lit-any(n=1,len=4-4))",19785,1,Becker|turkey|babe
825,g-regex,false,false,350,1680274415,regex-trigram,429,471878373,19489174,false,false,"or(lit-any(n=1,len=5-5),lit-any(n=1,len=11-11),lit-any(n=1,len=5-5))",346,10,jails|carcinomata|herLe
866,g-regex,false,false,86,1653842710,regex-trigram,326,490363525,19809826,false,false,"or(lit-any(n=1,len=12-12),lit-any(n=1,len=10-10),lit-any(n=1,len=9-9))",66,10,writingrules|spiritless|outsenses
640,g-regex,false,false,957,1609232333,regex-trigram,1425,551378676,21140376,false,false,"or(lit-any(n=1,len=4-4),lit-any(n=1,len=7-7),lit-any(n=1,len=4-4))",877,10,Asyl|palette|texi
796,g-regex,false,false,207,1578238834,regex-trigram,9778,698103256,23997501,false,false,"all(lit-any(n=1,len=1-1),lit-any(n=1,len=5-5))",8857,10,c.eater
823,g-regex,false,false,16,1577267998,regex-trigram,103,432328337,18549785,false,false,"or(lit-any(n=1,len=11-11),lit-any(n=1,len=5-5),lit-any(n=1,len=6-6))",13,1,invidiously|GAsBF|Ansgar
670,g-regex,false,false,397,1560649875,regex-trigram,1264,533654227,20574315,false,false,"or(lit-any(n=1,len=6-6),lit-any(n=1,len=6-6),lit-any(n=1,len=4-4))",307,10,GAAYxO|rodent|cAMf
869,g-regex,false,false,231,1534940790,regex-trigram,96,437858551,18865897,false,false,"or(lit-any(n=1,len=6-6),lit-any(n=1,len=9-9),lit-any(n=1,len=10-10))",218,10,ziehen|ranunculi|spiritedly
660,g-regex,false,false,329,1529756209,regex-trigram,325,435387879,17943018,false,false,"or(lit-any(n=1,len=5-5),lit-any(n=1,len=7-7),lit-any(n=1,len=12-12))",313,10,EACXd|Tristan|showInLegend
812,g-regex,false,false,77,1498375210,regex-trigram,366,435456222,17717230,false,false,"or(lit-any(n=1,len=10-10),lit-any(n=1,len=4-4),lit-any(n=1,len=6-6))",75,10,expandRefs|RIDL|Chanel
581,e-sub-trigram,true,false,99972,1465653958,literal-subtrigram,49800,789265738,26337370,true,false,literal-subtrigram,,10,oD
578,e-sub-trigram,true,false,16542,1449560460,literal-subtrigram,49800,789265738,26337370,true,false,literal-subtrigram,,1,iw
740,g-regex,false,false,8,1446177416,regex-trigram,1486,530559345,20292419,false,false,"lit-any(n=1,len=5-5)",9478,10,\bcifie\b
833,g-regex,false,false,9,1439279748,regex-trigram,852,465512577,18541579,false,false,"or(lit-any(n=1,len=6-6),lit-any(n=1,len=9-9),lit-any(n=1,len=8-8))",9,10,mBACLC|Appending|ctsToken
550,e-sub-trigram,true,false,726461,1430463875,literal-subtrigram,49800,789265738,26337370,true,false,literal-subtrigram,,1,</
845,g-regex,false,false,170,1397618917,regex-trigram,51,285387238,15411578,false,false,"or(lit-any(n=1,len=3-3),lit-any(n=1,len=8-8),lit-any(n=1,len=6-6))",157,1,pbd|yBAAyBgL|CACxBE
653,g-regex,false,false,568,1384514750,regex-trigram,2535,426811091,18055959,false,false,"or(lit-any(n=1,len=6-6),lit-any(n=1,len=6-6),lit-any(n=1,len=5-5))",507,1,EAAGzZ|Analen|TIMES
809,g-regex,false,false,768,1375141749,regex-trigram,10122,653451242,23280850,false,false,"lit-any(n=1,len=4-4)",66105,10,eric$
805,g-regex,false,false,446,1361422584,regex-trigram,629,529624896,20483386,false,false,"all(lit-any(n=1,len=1-1),lit-any(n=1,len=6-6))",1072,10,e.ergent
711,g-regex,false,false,39,1353870043,regex-trigram,257,333853922,16197396,false,false,"or(lit-any(n=1,len=9-9),lit-any(n=1,len=5-5))",73,10,\b(LineColor|QALlB)\b
548,e-sub-trigram,true,false,770017,1344932501,literal-subtrigram,49800,789265738,26337370,true,false,literal-subtrigram,,10,::
860,g-regex,false,false,1124,1325638082,regex-trigram,98,359177548,16471514,false,false,"or(lit-any(n=1,len=4-4),lit-any(n=1,len=6-6),lit-any(n=1,len=5-5))",1089,1,toLi|IAAIyB|Ausma
657,g-regex,false,false,9,1319407126,regex-trigram,26,240687608,14343662,false,false,"or(lit-any(n=1,len=6-6),lit-any(n=1,len=6-6),lit-any(n=1,len=8-8))",9,1,EAAWsB|MAAMoJ|GAAgBruB
563,e-sub-trigram,true,false,838195,1276528584,literal-subtrigram,49800,789265738,26337370,true,false,literal-subtrigram,,1,In
541,e-sub-trigram,true,false,437463,1258913000,literal-subtrigram,49800,789265738,26337370,true,false,literal-subtrigram,,1,()
716,g-regex,false,false,13,1247979164,regex-trigram,115,434016844,18480976,false,false,"or(lit-any(n=1,len=12-12),lit-any(n=1,len=9-9))",19,10,\b(acridotheres|CARETTRIM)\b
559,e-sub-trigram,true,false,739359,1247302458,literal-subtrigram,49800,789265738,26337370,true,false,literal-subtrigram,,10,Ca
723,g-regex,false,false,111,1246978625,regex-trigram,410,488559898,19826275,false,false,"or(lit-any(n=1,len=5-5),lit-any(n=1,len=9-9))",378,10,\b(strew|Macedonia)\b
822,g-regex,false,false,16,1240355710,regex-trigram,3925,600461730,21864779,false,false,"lit-any(n=1,len=4-4)",4223,1,iese$
718,g-regex,false,false,343,1240223125,regex-trigram,402,512018634,20136316,false,false,"or(lit-any(n=1,len=6-6),lit-any(n=1,len=6-6))",210,10,\b(czBhOc|pascal)\b
555,e-sub-trigram,true,false,987586,1237806291,literal-subtrigram,49800,789265738,26337370,true,false,literal-subtrigram,,10,@
663,g-regex,false,false,2733,1233116250,regex-trigram,244,316131175,15790964,false,false,"or(lit-any(n=1,len=12-12),lit-any(n=1,len=10-10),lit-any(n=1,len=6-6))",1108,10,EventEmitter|PrepareCSS|KAAKoS
671,g-regex,false,false,466,1217887251,regex-trigram,693,387271431,17050211,false,false,"or(lit-any(n=1,len=7-7),lit-any(n=1,len=8-8),lit-any(n=1,len=11-11))",433,10,GAkGvBE|IGateway|lastContext
745,g-regex,false,false,8,1211266957,regex-trigram,38,300273301,15469459,false,false,"lit-any(n=1,len=9-9)",36,1,\bitemLabel\b
720,g-regex,false,false,7,1209443083,regex-trigram,137,412174655,18482520,false,false,"or(lit-any(n=1,len=6-6),lit-any(n=1,len=8-8))",7,10,\b(mBAAbA|aguantar)\b
816,g-regex,false,false,118,1202505208,regex-trigram,82,338163125,16622378,false,false,"or(lit-any(n=1,len=4-4),lit-any(n=1,len=11-11),lit-any(n=1,len=10-10))",43,1,gsub|MinCssFiles|InstallUrl
981,h-case-insensitive,true,true,2,1197093793,regex-trigram,28,159016016,9099849,false,false,"all(lit-any(n=8,len=3-3),lit-any(n=8,len=3-3),lit-any(n=8,len=3-3))",9,1,ygVQE1olpn4Wk6k
808,g-regex,false,false,5,1195750334,regex-trigram,1184,556718479,20913733,false,false,"lit-any(n=1,len=7-7)",1561,10,elastic$
781,g-regex,false,false,1,1187042541,regex-trigram,83,405687970,18325220,false,false,"all(lit-any(n=1,len=1-1),lit-any(n=1,len=7-7))",4,1,a.ansador
791,g-regex,false,false,0,1176853459,regex-trigram,616,522044999,20016649,false,false,"lit-any(n=1,len=9-9)",10,10,autoreply$
715,g-regex,false,false,134,1170174834,regex-trigram,201,447724962,18984450,false,false,"or(lit-any(n=1,len=6-6),lit-any(n=1,len=10-10))",3772,10,\b(Yellow|blundering)\b
696,g-regex,false,false,2566,1166069834,regex-trigram,645,347536937,16522745,false,false,"or(lit-any(n=1,len=7-7),lit-any(n=1,len=11-11),lit-any(n=1,len=6-6))",2519,10,Suspend|Ausrutscher|EAAWjD
705,g-regex,false,false,2,1157325168,regex-trigram,560,431431856,17510140,false,false,"or(lit-any(n=1,len=6-6),lit-any(n=1,len=9-9))",6,10,\b(Agende|kVqlMPATv)\b
707,g-regex,false,false,6,1132303209,regex-trigram,113,409600815,18402378,false,false,"or(lit-any(n=1,len=5-5),lit-any(n=1,len=8-8))",6,1,\b(GAAMU|cenoslos)\b
841,g-regex,false,false,1,1130852000,regex-trigram,85,432000933,18637502,false,false,"lit-any(n=1,len=7-7)",11,1,overfed$
710,g-regex,false,false,134,1116456582,regex-trigram,682,448287992,18975448,false,false,"or(lit-any(n=1,len=11-11),lit-any(n=1,len=12-12))",119,10,\b(IRepository|participants)\b
782,g-regex,false,false,260,1114327917,regex-trigram,337,455799543,19497555,false,false,"all(lit-any(n=1,len=1-1),lit-any(n=1,len=4-4))",3007,10,a.eban
783,g-regex,false,false,41,1113806250,regex-trigram,53,380730868,17397119,false,false,"all(lit-any(n=1,len=1-1),lit-any(n=1,len=7-7))",250,1,a.eraceae
708,g-regex,false,false,17,1101862583,regex-trigram,108,428451310,18211745,false,false,"or(lit-any(n=1,len=5-5),lit-any(n=1,len=5-5))",20,1,\b(IAAKH|bairn)\b
744,g-regex,false,false,408,1098335542,regex-trigram,990,545062423,20717962,false,false,"lit-any(n=1,len=7-7)",541,10,\bindices\b
721,g-regex,false,false,63,1095816293,regex-trigram,1030,538896898,20578046,false,false,"or(lit-any(n=1,len=12-12),lit-any(n=1,len=4-4))",161,10,\b(mechanically|bity)\b
807,g-regex,false,false,1273,1090782998,regex-trigram,320,442467436,19201608,false,false,"all(lit-any(n=1,len=1-1),lit-any(n=1,len=8-8))",18230,10,e.terprise
832,g-regex,false,false,30,1068739375,regex-trigram,756,546883194,20603740,false,false,"all(lit-any(n=1,len=1-1),lit-any(n=1,len=7-7))",2557,10,m.rtified
557,e-sub-trigram,true,false,402562,1065952000,literal-subtrigram,49800,789265738,26337370,true,false,literal-subtrigram,,10,Be
982,h-case-insensitive,true,true,94,1062493710,regex-trigram,46,248872129,14491449,false,false,"all(lit-any(n=4,len=3-3),lit-any(n=2,len=3-3),lit-any(n=1,len=3-3))",152,1,zM160
785,g-regex,false,false,64,1054271042,regex-trigram,801,517902986,20117815,false,false,"all(lit-any(n=1,len=1-1),lit-any(n=1,len=5-5))",88,10,a.horre
784,g-regex,false,false,19,1044953792,regex-trigram,81,397890734,18275592,false,false,"all(lit-any(n=1,len=1-1),lit-any(n=1,len=7-7))",16,10,a.ericium
831,g-regex,false,false,118,1036423584,regex-trigram,6007,598745869,21635451,false,false,"all(lit-any(n=1,len=1-1),lit-any(n=1,len=4-4))",73067,10,m.gger
719,g-regex,false,false,37,1027526458,regex-trigram,108,398311110,18138145,false,false,"or(lit-any(n=1,len=5-5),lit-any(n=1,len=3-3))",290,1,\b(krone|Bii)\b
547,e-sub-trigram,true,false,106766,1026648874,literal-subtrigram,49800,789265738,26337370,true,false,literal-subtrigram,,1,/>
827,g-regex,false,false,1192,1023754791,regex-trigram,3808,565225772,21475667,false,false,"all(lit-any(n=1,len=1-1),lit-any(n=1,len=4-4))",62622,10,l.ield
539,e-sub-trigram,true,false,492608,1016394958,literal-subtrigram,49800,789265738,26337370,true,false,literal-subtrigram,,1,#
579,e-sub-trigram,true,false,33394,1014244957,literal-subtrigram,49800,789265738,26337370,true,false,literal-subtrigram,,10,mt
916,h-case-insensitive,true,true,43,998671584,regex-trigram,44,258938417,14615928,false,false,"all(lit-any(n=2,len=3-3),lit-any(n=1,len=3-3))",50,1,a595
546,e-sub-trigram,true,false,180299,973946625,literal-subtrigram,49800,789265738,26337370,true,false,literal-subtrigram,,10,/*
792,g-regex,false,false,1,965101708,regex-trigram,207,433921281,18552945,false,false,"lit-any(n=1,len=7-7)",456,1,awesome$
582,e-sub-trigram,true,false,157699,964883084,literal-subtrigram,49800,789265738,26337370,true,false,literal-subtrigram,,10,p_
556,e-sub-trigram,true,false,186331,960551626,literal-subtrigram,49800,789265738,26337370,true,false,literal-subtrigram,,10,Au
577,e-sub-trigram,true,false,1640,958847750,literal-subtrigram,49800,789265738,26337370,true,false,literal-subtrigram,,1,fZ
545,e-sub-trigram,true,false,75001,957425124,literal-subtrigram,49800,789265738,26337370,true,false,literal-subtrigram,,1,->
777,g-regex,false,false,0,927277959,regex-trigram,85,391827464,17869001,false,false,"lit-any(n=1,len=5-5)",9,10,^[\t ]*outsw
262,b-rare-literal,true,false,58,926274794,literal-positional,191,384466689,17519254,false,false,literal-positional,,1,compassing
552,e-sub-trigram,true,false,252851,923317792,literal-subtrigram,49800,789265738,26337370,true,false,literal-subtrigram,,10,==
540,e-sub-trigram,true,false,116462,921856040,literal-subtrigram,49800,789265738,26337370,true,false,literal-subtrigram,,1,&&
543,e-sub-trigram,true,false,184323,921592041,literal-subtrigram,49800,789265738,26337370,true,false,literal-subtrigram,,10,*/
722,g-regex,false,false,8,919386124,regex-trigram,19,270350585,15417076,false,false,"or(lit-any(n=1,len=5-5),lit-any(n=1,len=11-11))",8,1,\b(nbpkg|ITestRunner)\b
587,e-sub-trigram,true,false,128988,914220418,literal-subtrigram,49800,789265738,26337370,true,false,literal-subtrigram,,10,||
714,g-regex,false,false,104,914117625,regex-trigram,364,399352245,17065389,false,false,"or(lit-any(n=1,len=5-5),lit-any(n=1,len=9-9))",115,10,\b(Warns|QueryList)\b
553,e-sub-trigram,true,false,76309,910293374,literal-subtrigram,49800,789265738,26337370,true,false,literal-subtrigram,,10,=>
261,b-rare-literal,true,false,3,906963708,literal-positional,106,368342087,17568353,false,false,literal-positional,,1,compacter
749,g-regex,false,false,4064,895369499,regex-trigram,1123,479177054,19702490,false,false,"lit-any(n=1,len=4-4)",24384,10,\bshop\b
743,g-regex,false,false,1,885161874,regex-trigram,385,487243005,19689347,false,false,"lit-any(n=1,len=7-7)",1,10,\bicieses\b
794,g-regex,false,false,0,877864582,regex-trigram,51,379270681,18044064,false,false,"all(lit-any(n=1,len=6-6),lit-any(n=1,len=10-10))",0,1,boning.*pentahedra
561,e-sub-trigram,true,false,17510,875252959,literal-subtrigram,49800,789265738,26337370,true,false,literal-subtrigram,,10,Ei
571,e-sub-trigram,true,false,9237,872857083,literal-subtrigram,49800,789265738,26337370,true,false,literal-subtrigram,,10,](
768,g-regex,false,false,122,870421793,regex-trigram,434,426875584,18936133,false,false,"lit-any(n=1,len=3-3)",11067,10,^[\t ]*asm
602,f-high-frequency,true,false,682890,869726832,literal-positional,15751,709915454,24502799,false,false,literal-positional,,1,and
739,g-regex,false,false,119,869130416,regex-trigram,1450,551148722,20852506,false,false,"lit-any(n=1,len=5-5)",100,10,\bcacti\b
767,g-regex,false,false,12,865256290,regex-trigram,247,465560296,19506796,false,false,"lit-any(n=1,len=7-7)",40,10,^[\t ]*arbiter
631,f-high-frequency,true,false,603991,861026875,literal-positional,14030,687711663,24099696,false,false,literal-positional,,1,var
863,g-regex,false,false,45811,853639250,regex-all,49800,789265738,26337370,true,true,"lit-any(n=1,len=1-1)",3812204,10,v[0-9]+
852,g-regex,false,false,4,848733959,regex-trigram,62,388276842,17852134,false,false,"all(lit-any(n=1,len=1-1),lit-any(n=1,len=9-9))",4,1,s.antwitter
564,e-sub-trigram,true,false,46105,845368457,literal-subtrigram,49800,789265738,26337370,true,false,literal-subtrigram,,1,MA
806,g-regex,false,false,7,841046374,regex-trigram,36,294157217,15386794,false,false,"all(lit-any(n=1,len=1-1),lit-any(n=1,len=8-8))",7,1,e.gineMock
694,g-regex,false,false,0,829907834,regex-trigram,37,296041022,15405156,false,false,"all(lit-any(n=1,len=12-12),lit-any(n=1,len=7-7))",0,1,StringRepeat.*setCost
693,g-regex,false,false,0,819446291,regex-trigram,483,454167353,17872021,false,false,"all(lit-any(n=1,len=6-6),lit-any(n=1,len=6-6))",0,10,Stride.*closer
551,e-sub-trigram,true,false,14619,818140666,literal-subtrigram,49800,789265738,26337370,true,false,literal-subtrigram,,1,<=
766,g-regex,false,false,1,815635958,regex-trigram,76,399169764,18124996,false,false,"lit-any(n=1,len=10-10)",1,1,^[\t ]*appraisees
717,g-regex,false,false,8,815466084,regex-trigram,35,287380357,14967210,false,false,"or(lit-any(n=1,len=7-7),lit-any(n=1,len=3-3))",62,1,\b(cbArrow|EeZ)\b
585,e-sub-trigram,true,false,50249,810693750,literal-subtrigram,49800,789265738,26337370,true,false,literal-subtrigram,,10,zm
586,e-sub-trigram,true,false,47838,809582249,literal-subtrigram,49800,789265738,26337370,true,false,literal-subtrigram,,10,{}
542,e-sub-trigram,true,false,39652,805977124,literal-subtrigram,49800,789265738,26337370,true,false,literal-subtrigram,,10,){
992,i-unicode,true,false,2508,805490751,literal-subtrigram,49800,789265738,26337370,true,false,literal-subtrigram,,10,»
993,i-unicode,true,false,18,804755833,literal-subtrigram,49800,789265738,26337370,true,false,literal-subtrigram,,10,Σ
692,g-regex,false,false,0,800887499,regex-trigram,28,307233119,15811554,false,false,"lit-any(n=1,len=6-6)",7,1,Sabieh$
538,e-sub-trigram,true,false,85298,800572625,literal-subtrigram,49800,789265738,26337370,true,false,literal-subtrigram,,10,!=
709,g-regex,false,false,14,798162500,regex-trigram,51,248468547,14664282,false,false,"or(lit-any(n=1,len=5-5),lit-any(n=1,len=11-11))",20,1,\b(IAExB|wdrpDomains)\b
565,e-sub-trigram,true,false,5349,793857832,literal-subtrigram,49800,789265738,26337370,true,false,literal-subtrigram,,10,OA
793,g-regex,false,false,39,793730583,regex-trigram,237,437464276,19029837,false,false,"lit-any(n=1,len=7-7)",1007,10,benefit$
627,f-high-frequency,true,false,559692,790311582,literal-positional,16632,686472343,24067002,false,false,literal-positional,,1,the
558,e-sub-trigram,true,false,63881,785954124,literal-subtrigram,49800,789265738,26337370,true,false,literal-subtrigram,,10,CA
858,g-regex,false,false,31,785286749,regex-trigram,104,422021839,18052142,false,false,"all(lit-any(n=1,len=1-1),lit-any(n=1,len=7-7))",31,1,t.pcities
570,e-sub-trigram,true,false,41039,784721708,literal-subtrigram,49800,789265738,26337370,true,false,literal-subtrigram,,10,[]
566,e-sub-trigram,true,false,331734,780357749,literal-subtrigram,49800,789265738,26337370,true,false,literal-subtrigram,,10,Q
560,e-sub-trigram,true,false,43721,777452710,literal-subtrigram,49800,789265738,26337370,true,false,literal-subtrigram,,10,EA
713,g-regex,false,false,6,776739876,regex-trigram,33,264277087,15118194,false,false,"or(lit-any(n=1,len=12-12),lit-any(n=1,len=6-6))",6,1,\b(UploadFailed|OAAQpZ)\b
847,g-regex,false,false,0,776492209,regex-trigram,1339,556576461,20795956,false,false,"lit-any(n=1,len=8-8)",2,10,platiest$
497,d-metachar-literal,true,false,75788,772819125,literal-subtrigram,49800,789265738,26337370,true,false,literal-subtrigram,,10,\n
554,e-sub-trigram,true,false,41277,770930625,literal-subtrigram,49800,789265738,26337370,true,false,literal-subtrigram,,10,>=
567,e-sub-trigram,true,false,3101,767914000,literal-subtrigram,49800,789265738,26337370,true,false,literal-subtrigram,,10,Uv
724,g-regex,false,false,10,764273874,regex-trigram,10,245303335,14635131,false,false,"or(lit-any(n=1,len=12-12),lit-any(n=1,len=5-5))",10,1,\b(totalGotNoNJ|KApIF)\b
837,g-regex,false,false,1,761273418,regex-trigram,79,396025009,18006815,false,false,"lit-any(n=1,len=10-10)",13,1,northwards$
568,e-sub-trigram,true,false,4240,758199917,literal-subtrigram,49800,789265738,26337370,true,false,literal-subtrigram,,1,YA
991,i-unicode,true,false,273,755983167,literal-subtrigram,49800,789265738,26337370,true,false,literal-subtrigram,,10,©
851,g-regex,false,false,0,748484418,regex-trigram,26,263375173,15163357,false,false,"all(lit-any(n=1,len=9-9),lit-any(n=1,len=10-10))",0,1,rtDivider.*classnames
769,g-regex,false,false,28,740364250,regex-trigram,50,383981538,17903059,false,false,"lit-any(n=1,len=11-11)",76,1,^[\t ]*avoirdupois
752,g-regex,false,false,9,736964084,regex-trigram,83,306505506,15522248,false,false,"lit-any(n=1,len=8-8)",17,1,\bviewData\b
569,e-sub-trigram,true,false,295789,732734250,literal-subtrigram,49800,789265738,26337370,true,false,literal-subtrigram,,10,Z
780,g-regex,false,false,8,720407791,regex-trigram,110,291984739,15902477,false,false,"lit-any(n=1,len=3-3)",783,10,^[\t ]*sdb
859,g-regex,false,false,0,718622542,regex-trigram,13,247783107,14772295,false,false,"all(lit-any(n=1,len=6-6),lit-any(n=1,len=8-8))",0,1,temela.*sbMissed
814,g-regex,false,false,7,711718167,regex-trigram,82,389245686,18091189,false,false,"lit-any(n=1,len=3-3)",830,1,gip$
726,g-regex,false,false,1,707717002,regex-trigram,57,346206945,15935785,false,false,"lit-any(n=1,len=11-11)",1,1,\bDegradation\b
562,e-sub-trigram,true,false,2548,706961125,literal-subtrigram,49800,789265738,26337370,true,false,literal-subtrigram,,10,H5
867,g-regex,false,false,1,705788376,regex-trigram,53,377314882,17940178,false,false,"all(lit-any(n=1,len=3-3),lit-any(n=1,len=6-6))",1,1,yak.*raving
750,g-regex,false,false,87,700035583,regex-trigram,58,383447894,17887492,false,false,"lit-any(n=1,len=4-4)",70,1,\bsnub\b
588,e-sub-trigram,true,false,164367,694809167,literal-subtrigram,49800,789265738,26337370,true,false,literal-subtrigram,,10,~
815,g-regex,false,false,0,694319416,regex-trigram,62,392967186,18037998,false,false,"lit-any(n=1,len=12-12)",2,1,globigerinae$
742,g-regex,false,false,238,692362916,regex-trigram,2029,552947272,21208803,false,false,"lit-any(n=1,len=7-7)",318,10,\bfounder\b
894,h-case-insensitive,true,true,187,691974749,regex-trigram,51,236749790,13656522,false,false,"lit-any(n=2,len=3-3)",174,1,H31
804,g-regex,false,false,0,689273126,regex-trigram,57,303693440,15427591,false,false,"lit-any(n=1,len=7-7)",238,1,domNode$
612,f-high-frequency,true,false,427707,682649043,literal-positional,19203,729573897,24952356,false,false,literal-positional,,1,for
747,g-regex,false,false,28,682257459,regex-trigram,58,301792259,15659541,false,false,"lit-any(n=1,len=9-9)",28,1,\bnodeDepth\b
639,g-regex,false,false,0,672886499,regex-trigram,71,362655239,16560991,false,false,"all(lit-any(n=1,len=6-6),lit-any(n=1,len=5-5))",0,1,Ascoli.*ullar
651,g-regex,false,false,528,659179751,regex-all,49800,789265738,26337370,true,true,"all(lit-any(n=1,len=1-1),lit-any(n=1,len=2-2))",83874,10,E.sh
706,g-regex,false,false,5,654856251,regex-trigram,20,221914050,13342518,false,false,"all(lit-any(n=1,len=2-2),or(lit-any(n=1,len=4-4),lit-any(n=1,len=4-4)))",16,1,\b(EACUsB|EAAKiK)\b
751,g-regex,false,false,1,643814668,regex-trigram,336,498181865,19772581,false,false,"lit-any(n=1,len=10-10)",1,10,\bvalidities\b
755,g-regex,false,false,1,634291376,regex-trigram,72,364388097,16457564,false,false,"lit-any(n=1,len=7-7)",1,1,^[\t ]*Bacardi
855,g-regex,false,false,0,623022791,regex-trigram,30,290175084,15409118,false,false,"lit-any(n=1,len=10-10)",5,1,stackDepth$
868,g-regex,false,false,0,620451167,regex-trigram,61,335144520,16160497,false,false,"all(lit-any(n=1,len=6-6),lit-any(n=1,len=3-3))",0,1,yerais.*War
662,g-regex,false,false,0,613758959,regex-trigram,3,219462977,13342563,false,false,"all(lit-any(n=1,len=7-7),lit-any(n=1,len=6-6))",0,1,EiErpQM.*EAAMuI
813,g-regex,false,false,0,612054084,regex-trigram,10,273485695,15607148,false,false,"all(lit-any(n=1,len=8-8),lit-any(n=1,len=7-7))",0,1,fsfreeze.*exhales
680,g-regex,false,false,2,611855167,regex-trigram,50,269495728,15238799,false,false,"lit-any(n=1,len=11-11)",24,1,LibraryPage$
107,a-common-literal,true,false,257670,610681292,literal-positional,3711,547638747,20547866,false,false,literal-positional,,1,function
842,g-regex,false,false,9,609196751,regex-trigram,32,262486770,15155410,false,false,"all(lit-any(n=1,len=1-1),lit-any(n=1,len=10-10))",14,1,p.ymentInfos
746,g-regex,false,false,8,608977126,regex-trigram,38,373918804,17506643,false,false,"lit-any(n=1,len=12-12)",8,1,\blegalworking\b
775,g-regex,false,false,0,606173750,regex-trigram,24,273312575,15447625,false,false,"lit-any(n=1,len=4-4)",83,1,^[\t ]*gpgp
961,h-case-insensitive,true,true,12,596905164,regex-trigram,28,85730951,1150741,false,false,"all(lit-any(n=8,len=3-3),lit-any(n=8,len=3-3),lit-any(n=8,len=3-3))",1293,1,phone_number_throttle_id
695,g-regex,false,false,0,595810625,regex-trigram,15,256412790,14990228,false,false,"all(lit-any(n=1,len=12-12),lit-any(n=1,len=8-8))",0,1,StripAccents.*daughter
864,g-regex,false,false,0,594972667,regex-trigram,19,258396655,15031857,false,false,"all(lit-any(n=1,len=7-7),lit-any(n=1,len=11-11))",0,1,whammed.*OrdinalMeta
944,h-case-insensitive,true,true,3,594328292,regex-trigram,13,147655634,8803654,false,false,"all(lit-any(n=2,len=3-3),lit-any(n=1,len=3-3),lit-any(n=2,len=3-3))",4,1,h363q28
846,g-regex,false,false,0,590807084,regex-trigram,12,240436248,14458588,false,false,"lit-any(n=1,len=9-9)",4,1,pkgExists$
634,g-regex,false,false,4077,590552168,regex-trigram,385,380026184,16979541,false,false,"lit-any(n=1,len=2-2)",4388,10,0x[0-9a-fA-F]+
771,g-regex,false,false,0,589053208,regex-trigram,37,284088586,15317565,false,false,"lit-any(n=1,len=11-11)",18,1,^[\t ]*countryFlag
649,g-regex,false,false,0,585529209,regex-trigram,15,258345976,14974588,false,false,"all(lit-any(n=1,len=5-5),lit-any(n=1,len=8-8))",0,1,Cuneo.*deltaEnd
748,g-regex,false,false,683,583473207,regex-trigram,119,406521664,18250602,false,false,"lit-any(n=1,len=8-8)",595,10,\bpowerful\b
139,a-common-literal,true,false,259689,582970251,literal-positional,11347,587636888,21413574,false,false,literal-positional,,1,return
862,g-regex,false,false,6,582831416,regex-trigram,147,307177653,16157976,false,false,"lit-any(n=1,len=4-4)",518,10,uuid$
643,g-regex,false,false,0,580478833,regex-trigram,40,352265006,16213804,false,false,"all(lit-any(n=1,len=9-9),lit-any(n=1,len=8-8))",0,1,Broadcast.*abisinio
619,f-high-frequency,true,false,252051,577511583,literal-positional,14122,675294744,23500442,false,false,literal-positional,,1,new
839,g-regex,false,false,0,573663208,regex-trigram,23,260234615,15093292,false,false,"lit-any(n=1,len=12-12)",18,1,occurSession$
770,g-regex,false,false,4,571129832,regex-trigram,34,266330935,15168768,false,false,"lit-any(n=1,len=7-7)",32,1,^[\t ]*bLookup
676,g-regex,false,false,0,561284085,regex-trigram,22,240268569,14343007,false,false,"lit-any(n=1,len=6-6)",2,1,IACpCw$
776,g-regex,false,false,0,561264668,regex-trigram,6,233825372,14359366,false,false,"lit-any(n=1,len=8-8)",6,1,^[\t ]*innerTbl
779,g-regex,false,false,1,557335918,regex-trigram,118,414341728,18589893,false,false,"lit-any(n=1,len=5-5)",54,10,^[\t ]*quelo
774,g-regex,false,false,0,556949666,regex-trigram,44,372332531,17752515,false,false,"lit-any(n=1,len=10-10)",2,1,^[\t ]*gearmanjob
753,g-regex,false,false,20,553136292,regex-trigram,369,335190148,16034500,false,false,"lit-any(n=1,len=10-10)",509,10,^[\t ]*AccountLog
849,g-regex,false,false,0,551882042,regex-trigram,29,353523818,16923870,false,false,"lit-any(n=1,len=8-8)",1,1,qrandset$
738,g-regex,false,false,1,551220166,regex-trigram,49,376572089,17755165,false,false,"lit-any(n=1,len=8-8)",1,1,\bbanjoist\b
756,g-regex,false,false,894,544691750,regex-trigram,36,319851486,16072774,false,false,"lit-any(n=1,len=10-10)",1552,1,^[\t ]*Birmingham
802,g-regex,false,false,0,544382083,regex-trigram,167,155100147,2163494,false,false,"lit-any(n=1,len=8-8)",10,10,"digitate[(){};,]"
730,g-regex,false,false,2,542269375,regex-trigram,36,318941823,15905266,false,false,"lit-any(n=1,len=5-5)",2,1,\bLoski\b
826,g-regex,false,false,170,542241584,regex-trigram,199,392250915,18119117,false,false,"all(lit-any(n=1,len=1-1),lit-any(n=1,len=4-4))",158,10,k.ytab
145,a-common-literal,true,false,157302,534256668,literal-positional,15300,604178768,22172651,false,false,literal-positional,,1,string
772,g-regex,false,false,6,532656374,regex-trigram,14,270332060,15474856,false,false,"lit-any(n=1,len=4-4)",10,1,^[\t ]*dgpg
635,g-regex,false,false,0,530337334,regex-trigram,24,310278053,15789401,false,false,"lit-any(n=1,len=12-12)",1,1,Abbaubarkeit$
644,g-regex,false,false,21,526790874,regex-trigram,171,285451088,15362040,false,false,"all(lit-any(n=1,len=1-1),lit-any(n=1,len=3-3))",2834,10,C.AtC
725,g-regex,false,false,1,517132919,regex-trigram,41,315981043,15847550,false,false,"lit-any(n=1,len=10-10)",1,1,\bBrechttext\b
759,g-regex,false,false,0,516915251,regex-trigram,33,296565655,15406522,false,false,"lit-any(n=1,len=11-11)",2,1,^[\t ]*EmitterNode
656,g-regex,false,false,0,515034541,regex-trigram,3,219462977,13342563,false,false,"all(lit-any(n=1,len=7-7),lit-any(n=1,len=8-8))",0,1,EAAQuiC.*TicketID
86,a-common-literal,true,false,136982,515020249,literal-positional,24379,650922194,23201843,false,false,literal-positional,,1,class
773,g-regex,false,false,0,500131625,regex-trigram,44,267009583,15166174,false,false,"lit-any(n=1,len=11-11)",13,1,^[\t ]*fromEntries
736,g-regex,false,false,2,483997792,regex-trigram,61,297267977,15470552,false,false,"lit-any(n=1,len=9-9)",37,1,\bSplitWord\b
735,g-regex,false,false,2,473072708,regex-trigram,55,251703104,13347255,false,false,"lit-any(n=1,len=6-6)",2,1,\bSAAAmE\b
678,g-regex,false,false,0,473043542,regex-trigram,6,220236177,13343047,false,false,"all(lit-any(n=1,len=7-7),lit-any(n=1,len=7-7))",0,1,IAGlEsF.*isProto
689,g-regex,false,false,0,467488125,regex-trigram,23,224253060,13388440,false,false,"lit-any(n=1,len=12-12)",1,1,REDEFINITION$
754,g-regex,false,false,0,464826502,regex-trigram,6,221373892,13342804,false,false,"lit-any(n=1,len=7-7)",2,1,^[\t ]*AwBhrEI
484,d-metachar-literal,true,false,6,463675834,literal-positional,6,236362718,14422723,false,false,literal-positional,,1,AlAbbasiFamily.com
763,g-regex,false,false,0,454880126,regex-trigram,14,223558732,13361282,false,false,"lit-any(n=1,len=6-6)",2,1,^[\t ]*IACnBE
697,g-regex,false,false,0,449829792,regex-trigram,9,224782270,13414394,false,false,"lit-any(n=1,len=7-7)",11,1,UNICODE$
135,a-common-literal,true,false,141205,449406334,literal-positional,20618,570449940,21658273,false,false,literal-positional,,1,public
789,g-regex,false,false,0,448259083,regex-trigram,419,209196911,3873486,false,false,"lit-any(n=1,len=7-7)",25,10,agreste[ \t]
760,g-regex,false,false,0,445882958,regex-trigram,12,225285242,13392152,false,false,"lit-any(n=1,len=5-5)",4,1,^[\t ]*GADCC
778,g-regex,false,false,0,442507460,regex-trigram,60,264803619,15179522,false,false,"lit-any(n=1,len=11-11)",22,10,^[\t ]*paypalError
960,h-case-insensitive,true,true,3,437647001,regex-trigram,144,109208080,1706550,false,false,"all(lit-any(n=8,len=3-3),lit-any(n=8,len=3-3),lit-any(n=8,len=3-3))",2115,10,pending_domains
664,g-regex,false,false,68,436154999,regex-trigram,36,256985155,14946665,false,false,"all(lit-any(n=1,len=1-1),lit-any(n=1,len=7-7))",68,1,F.exAlign
672,g-regex,false,false,0,429100125,regex-trigram,18,302314281,15612075,false,false,"lit-any(n=1,len=8-8)",3,1,Gurmukhi$
737,g-regex,false,false,1096,427838707,regex-trigram,65,235661759,13653899,false,false,"lit-any(n=1,len=5-5)",1089,10,\bUSAGE\b
870,h-case-insensitive,true,true,2,424936541,regex-trigram,23,91591516,4925507,false,false,"all(lit-any(n=4,len=3-3),lit-any(n=4,len=3-3),lit-any(n=4,len=3-3))",6,1,A4Br9FA
637,g-regex,false,false,0,419170166,regex-trigram,92,92043659,756033,false,false,"lit-any(n=1,len=9-9)",0,1,"Andernach[(){};,]"
765,g-regex,false,false,21,415676501,regex-trigram,67,302502294,15562166,false,false,"lit-any(n=1,len=12-12)",39,1,^[\t ]*IncludeItems
148,a-common-literal,true,false,293,414609165,literal-positional,32,359745556,17419945,false,false,literal-positional,,1,terrorism
647,g-regex,false,false,1125,411902793,regex-trigram,469,238979891,13646009,false,false,"all(lit-any(n=1,len=1-1),lit-any(n=1,len=4-4))",1078,10,C.MMIT
645,g-regex,false,false,1,399138377,regex-trigram,17,243685047,14450184,false,false,"all(lit-any(n=1,len=1-1),lit-any(n=1,len=6-6))",1,1,C.CjBogB
490,d-metachar-literal,true,false,2,398865459,literal-positional,19,258240916,15075370,false,false,literal-positional,,1,KingsOfRnb.com
646,g-regex,false,false,2,392428001,regex-trigram,19,248010893,14657807,false,false,"all(lit-any(n=1,len=1-1),lit-any(n=1,len=5-5))",2,1,C.GzBrE
524,d-metachar-literal,true,false,1900,376776292,literal-positional,529,424343050,16696332,false,false,literal-positional,,1,this.$outdent
112,a-common-literal,true,false,50924,370878624,literal-positional,6563,545601797,20553476,false,false,literal-positional,,1,import
666,g-regex,false,false,0,362377500,regex-trigram,84,209629589,9392283,false,false,"lit-any(n=1,len=4-4)",26,1,GAAP$
88,a-common-literal,true,false,438,360414083,literal-positional,1112,432565665,18163739,false,false,literal-positional,,1,conditioning
810,g-regex,false,false,0,355401917,regex-trigram,76,167325263,2777711,false,false,"lit-any(n=1,len=9-9)",0,1,etreeplot[ \t]
685,g-regex,false,false,1,351239625,regex-trigram,15,246173989,14654668,false,false,"all(lit-any(n=1,len=1-1),lit-any(n=1,len=4-4))",8,1,Q.ASuL
840,g-regex,false,false,0,338735836,regex-trigram,332,157395394,2332172,false,false,"lit-any(n=1,len=7-7)",12,10,"ommited[(){};,]"
526,d-metachar-literal,true,false,73378,333072292,literal-positional,689,390634652,17367765,false,false,literal-positional,,1,to.
266,b-rare-literal,true,false,3,330480834,literal-positional,330,367476209,16574062,false,false,literal-positional,,1,dataGrouping
811,g-regex,false,false,1,330054709,regex-trigram,20,45076207,496823,false,false,"lit-any(n=1,len=12-12)",6,1,existingSort[ \t]
19,a-common-literal,true,false,10,328142041,literal-positional,60,261692558,14748940,false,false,literal-positional,,1,FormatterName
352,c-phrase-literal,true,false,1,325631791,literal-positional,418,295218911,15401574,false,false,literal-positional,,1,ProGet Version
848,g-regex,false,false,18,323180540,regex-trigram,241,170654843,2304672,false,false,"lit-any(n=1,len=9-9)",1008,10,"political[(){};,]"
508,d-metachar-literal,true,false,2375,319396583,literal-positional,467,405723580,17879962,false,false,literal-positional,,1,etc.
529,d-metachar-literal,true,false,492,318411500,literal-positional,234,373642089,17150045,false,false,literal-positional,,1,window.location
856,g-regex,false,false,0,314439458,regex-trigram,132,115109956,1810747,false,false,"lit-any(n=1,len=11-11)",43,10,"submittable[(){};,]"
623,f-high-frequency,true,false,152,313877917,literal-positional,372,420050461,17897111,false,false,literal-positional,,1,parseExpectedExpression
114,a-common-literal,true,false,136,313658708,literal-positional,235,416607840,18339911,false,false,literal-positional,,1,instrumentation
263,b-rare-literal,true,false,13,310066208,literal-positional,14,305988402,15867831,false,false,literal-positional,,1,cretonne
489,d-metachar-literal,true,false,5434,308077167,literal-positional,600,265113938,15182917,false,false,literal-positional,,1,Directory.
519,d-metachar-literal,true,false,1501,299790376,literal-positional,242,312242817,15994644,false,false,literal-positional,,1,record.
983,h-case-insensitive,true,true,9,297932083,regex-trigram,32,14646269,285756,false,false,"all(lit-any(n=8,len=3-3),lit-any(n=8,len=3-3),lit-any(n=4,len=3-3))",18921,1,zone_domains_tld_company
416,c-phrase-literal,true,false,38000,297618001,literal-positional,12744,337961946,15818614,false,false,literal-positional,,1,using System
522,d-metachar-literal,true,false,14,296897126,literal-positional,98,348154863,16092900,false,false,literal-positional,,1,round((select
603,f-high-frequency,true,false,13592,296341208,literal-positional,1344,430002387,18435304,false,false,literal-positional,,1,bright
626,f-high-frequency,true,false,2130,295043583,literal-positional,244,397664216,17904111,false,false,literal-positional,,1,spell
127,a-common-literal,true,false,12,292140500,literal-positional,24,262937208,15112499,false,false,literal-positional,,1,num2fraction
699,g-regex,false,false,3,291809542,regex-trigram,39,226579821,13374216,false,false,"all(lit-any(n=1,len=1-1),lit-any(n=1,len=4-4))",9,1,W.CtBC
853,g-regex,false,false,0,290681998,regex-trigram,31,78451144,1056486,false,false,"lit-any(n=1,len=10-10)",6,1,"searchtype[(){};,]"
72,a-common-literal,true,false,326,289001082,literal-positional,38,357078387,17359103,false,false,literal-positional,,1,agora
665,g-regex,false,false,2,287469542,regex-trigram,347,142329371,1524636,false,false,"lit-any(n=1,len=7-7)",9,10,"Flowers[(){};,]"
938,h-case-insensitive,true,true,5,287372708,regex-trigram,53,65338518,1009062,false,false,"all(lit-any(n=8,len=3-3),lit-any(n=8,len=3-3),lit-any(n=8,len=3-3))",1129,10,external_url
75,a-common-literal,true,false,41,286555374,literal-positional,15,295340289,15322231,false,false,literal-positional,,1,ashram
100,a-common-literal,true,false,135,285569251,literal-positional,50,273189884,14728586,false,false,literal-positional,,1,droplist_archive
615,f-high-frequency,true,false,323,285365751,literal-positional,133,336591397,16370067,false,false,literal-positional,,1,lineNumber
523,d-metachar-literal,true,false,1058,284796957,literal-positional,527,336905953,16392415,false,false,literal-positional,,1,them.
353,c-phrase-literal,true,false,21,283803042,literal-positional,53,246242959,14687794,false,false,literal-positional,,1,Produce the
260,b-rare-literal,true,false,1,283272082,literal-positional,44,292845656,15326170,false,false,literal-positional,,1,checkbox_starts_with
265,b-rare-literal,true,false,6,281265292,literal-positional,4,244053863,14064241,false,false,literal-positional,,1,ctela
259,b-rare-literal,true,false,28,280401457,literal-positional,18,317801321,15494706,false,false,literal-positional,,1,chauvinistic
636,g-regex,false,false,0,280174167,regex-trigram,2,78087834,4641113,false,false,"all(lit-any(n=1,len=11-11),lit-any(n=1,len=6-6))",0,1,AllVersions.*EAAOtM
520,d-metachar-literal,true,false,2646,279607917,literal-positional,478,275749512,15522567,false,false,literal-positional,,1,repository.
174,b-rare-literal,true,false,1,279182667,literal-positional,6,241607215,14608604,false,false,literal-positional,,1,Blattspreite
126,a-common-literal,true,false,756,279153292,literal-positional,27,338729280,16898460,false,false,literal-positional,,1,ntida
417,c-phrase-literal,true,false,800,279086499,literal-positional,476,398899061,16918902,false,false,literal-positional,,1,var next_indent
32,a-common-literal,true,false,2845,279052250,literal-positional,35,256952992,15088300,false,false,literal-positional,,1,Karma
607,f-high-frequency,true,false,40,278485958,literal-positional,75,344748694,15492862,false,false,literal-positional,,1,disableEventListeners
406,c-phrase-literal,true,false,12471,277279833,literal-positional,5429,315081876,15259169,false,false,literal-positional,,1,public int
91,a-common-literal,true,false,4,277129959,literal-positional,55,362706659,16736268,false,false,literal-positional,,1,controls_display
18,a-common-literal,true,false,6,274489877,literal-positional,9,233493088,14342055,false,false,literal-positional,,1,FieldInferrer
589,f-high-frequency,true,false,776,274239043,literal-positional,289,279598991,15063175,false,false,literal-positional,,1,Ascending
34,a-common-literal,true,false,8,273759583,literal-positional,37,237422984,14550037,false,false,literal-positional,,1,LoadUrlForwarding
492,d-metachar-literal,true,false,62,272125750,literal-positional,11,236440963,14527911,false,false,literal-positional,,1,Partitions.
368,c-phrase-literal,true,false,2150,270828498,literal-positional,86,360397617,15952128,false,false,literal-positional,,1,alter table
271,b-rare-literal,true,false,1,270514374,literal-positional,18,339520327,16635063,false,false,literal-positional,,1,generator_priority
102,a-common-literal,true,false,518,268036583,literal-positional,33,358002845,17009170,false,false,literal-positional,,1,educate
93,a-common-literal,true,false,188,266757001,literal-positional,31,349789630,16715150,false,false,literal-positional,,1,creak
152,a-common-literal,true,false,6325,265110791,literal-positional,493,336824849,15427920,false,false,literal-positional,,1,webk
141,a-common-literal,true,false,444,264601542,literal-positional,27,355034902,17228138,false,false,literal-positional,,1,schel
590,f-high-frequency,true,false,869,264542001,literal-positional,400,299168442,15616399,false,false,literal-positional,,1,Braintree
798,g-regex,false,false,7,262997625,regex-trigram,156,161681045,2740295,false,false,"lit-any(n=1,len=6-6)",130,10,catena[ \t]
632,f-high-frequency,true,false,12602,262145375,literal-positional,419,404882556,16978223,false,false,literal-positional,,1,views
81,a-common-literal,true,false,3,259927250,literal-positional,34,300077100,15448478,false,false,literal-positional,,1,bookmark_edit_name
256,b-rare-literal,true,false,31,259841707,literal-positional,13,316628219,15595668,false,false,literal-positional,,1,asperity
371,c-phrase-literal,true,false,21,259353541,literal-positional,25,284967672,15787255,false,false,literal-positional,,1,case group_concat
125,a-common-literal,true,false,95,258911709,literal-positional,20,316087013,15410099,false,false,literal-positional,,1,nonrepresentational
857,g-regex,false,false,12,258845251,regex-trigram,120,73820865,1021492,false,false,"lit-any(n=1,len=9-9)",20,10,"superCall[(){};,]"
80,a-common-literal,true,false,443,258022417,literal-positional,21,341348309,16814023,false,false,literal-positional,,1,birl
604,f-high-frequency,true,false,97,258021959,literal-positional,41,339520633,16696749,false,false,literal-positional,,1,caffeine
625,f-high-frequency,true,false,255,257873667,literal-positional,74,324926103,16223824,false,false,literal-positional,,1,setMatcher
629,f-high-frequency,true,false,142,257667417,literal-positional,66,354372871,16904593,false,false,literal-positional,,1,tickPositions
77,a-common-literal,true,false,89,256952417,literal-positional,31,336497898,16343346,false,false,literal-positional,,1,avocado
151,a-common-literal,true,false,37,254407667,literal-positional,62,336898523,15361310,false,false,literal-positional,,1,transformOrigin
25,a-common-literal,true,false,2,253033707,literal-positional,13,234108190,14368775,false,false,literal-positional,,1,HasGoDaddyPermissions
405,c-phrase-literal,true,false,16385,251835666,literal-positional,13701,229939529,10941684,false,false,literal-positional,,1,public class
254,b-rare-literal,true,false,2,251283335,literal-positional,22,337986213,16787640,false,false,literal-positional,,1,alivian
408,c-phrase-literal,true,false,7801,250113958,literal-positional,1035,253316933,10302606,false,false,literal-positional,,1,return null
614,f-high-frequency,true,false,49,249699833,literal-positional,49,334769485,16684580,false,false,literal-positional,,1,lastMinute
293,b-rare-literal,true,false,1,247507792,literal-positional,11,248678456,14884753,false,false,literal-positional,,1,setTransferTimer
608,f-high-frequency,true,false,263,247019917,literal-positional,23,344808944,16950325,false,false,literal-positional,,1,emmet
281,b-rare-literal,true,false,772,245339750,literal-positional,12,272823229,15513830,false,false,literal-positional,,1,lichkeit
227,b-rare-literal,true,false,1,245101126,literal-positional,36,245745119,14791658,false,false,literal-positional,,1,PackedBubbleComposition
591,f-high-frequency,true,false,15168,244406791,literal-positional,425,283882783,15526431,false,false,literal-positional,,1,Daily
143,a-common-literal,true,false,79,243427417,literal-positional,39,300423685,15606917,false,false,literal-positional,,1,seriesGroup
239,b-rare-literal,true,false,1,243370083,literal-positional,31,234115868,14356893,false,false,literal-positional,,1,TryGetOriginalException
258,b-rare-literal,true,false,1,243015208,literal-positional,12,275511978,15604598,false,false,literal-positional,,1,calendarpicker
43,a-common-literal,true,false,15,242289792,literal-positional,34,271021342,14863658,false,false,literal-positional,,1,PricePerAdditionalServer
33,a-common-literal,true,false,107,242174043,literal-positional,54,257901202,14868276,false,false,literal-positional,,1,KtB
628,f-high-frequency,true,false,533,241345625,literal-positional,131,334598693,15588120,false,false,literal-positional,,1,thousands
68,a-common-literal,true,false,13,240932917,literal-positional,24,335775413,16597939,false,false,literal-positional,,1,achromatous
117,a-common-literal,true,false,120,240810833,literal-positional,31,278234562,15434355,false,false,literal-positional,,1,jpn
360,c-phrase-literal,true,false,7,240549457,literal-positional,16,245593976,14692820,false,false,literal-positional,,1,Some generic
829,g-regex,false,false,0,239978209,regex-trigram,31,85305899,1273568,false,false,"lit-any(n=1,len=9-9)",4,1,"lexically[(){};,]"
67,a-common-literal,true,false,9,239698417,literal-positional,16,316206585,15549058,false,false,literal-positional,,1,absorption_indicator
31,a-common-literal,true,false,170,238869168,literal-positional,21,295983220,15334578,false,false,literal-positional,,1,Kannada
599,f-high-frequency,true,false,91,238617583,literal-positional,43,243100775,14547973,false,false,literal-positional,,1,SelectElement
92,a-common-literal,true,false,62,237916917,literal-positional,29,333363826,16038521,false,false,literal-positional,,1,corridor
55,a-common-literal,true,false,12,235569917,literal-positional,34,223636341,13356311,false,false,literal-positional,,1,TokenException
527,d-metachar-literal,true,false,454,235246585,literal-positional,149,312183339,15997782,false,false,literal-positional,,1,users.
47,a-common-literal,true,false,48,233930126,literal-positional,8,239585161,14737774,false,false,literal-positional,,1,Stint
931,h-case-insensitive,true,true,2,233190793,regex-trigram,52,21031888,278768,false,false,"all(lit-any(n=8,len=3-3),lit-any(n=4,len=3-3),lit-any(n=4,len=3-3))",40,1,cAG9D
90,a-common-literal,true,false,27,232280291,literal-positional,12,250345902,14363878,false,false,literal-positional,,1,contan
73,a-common-literal,true,false,12,231815999,literal-positional,14,295520795,16262221,false,false,literal-positional,,1,altruistically
828,g-regex,false,false,0,231323749,regex-trigram,60,54207110,400722,false,false,"lit-any(n=1,len=8-8)",4,1,"lessLink[(){};,]"
616,f-high-frequency,true,false,117,231291458,literal-positional,40,248892597,14131577,false,false,literal-positional,,1,localPath
630,f-high-frequency,true,false,28,230831625,literal-positional,43,337457609,15865523,false,false,literal-positional,,1,usernameSecret
418,c-phrase-literal,true,false,103,230788375,literal-positional,112,279589047,14306842,false,false,literal-positional,,1,var returnValue
326,c-phrase-literal,true,false,16,229760626,literal-positional,36,247552879,14827028,false,false,literal-positional,,1,Export partitons
182,b-rare-literal,true,false,21,229579626,literal-positional,8,242995512,14723323,false,false,literal-positional,,1,Concetta
617,f-high-frequency,true,false,23,229411126,literal-positional,37,266561748,15098421,false,false,literal-positional,,1,loginCount
913,h-case-insensitive,true,true,33,226956708,regex-trigram,139,125780322,1559258,false,false,"all(lit-any(n=4,len=3-3),lit-any(n=8,len=3-3),lit-any(n=8,len=3-3))",638,10,_authContext
235,b-rare-literal,true,false,258,226775499,literal-positional,27,244127896,14763186,false,false,literal-positional,,1,Remembering
821,g-regex,false,false,295,226645250,regex-trigram,149,131107986,1854339,false,false,"lit-any(n=1,len=4-4)",2281,1,"iece[(){};,]"
363,c-phrase-literal,true,false,714,225884084,literal-positional,453,274511189,15146415,false,false,literal-positional,,1,This will
373,c-phrase-literal,true,false,5,225636875,literal-positional,199,325366857,15617773,false,false,literal-positional,,1,class Writer
164,b-rare-literal,true,false,1057,224698501,literal-positional,18,303596304,15553477,false,false,literal-positional,,1,Arabian
8,a-common-literal,true,false,9,224448375,literal-positional,8,242087110,14635413,false,false,literal-positional,,1,ChooseColor
325,c-phrase-literal,true,false,4,224386210,literal-positional,119,224293260,13452806,false,false,literal-positional,,1,Error handleing
53,a-common-literal,true,false,16369,224074918,literal-positional,67,284939539,15704830,false,false,literal-positional,,1,Tee
54,a-common-literal,true,false,42,224027542,literal-positional,63,239608414,14662038,false,false,literal-positional,,1,TimeSyncService
180,b-rare-literal,true,false,1,223194833,literal-positional,7,246255084,14683932,false,false,literal-positional,,1,ChineseHongKong
253,b-rare-literal,true,false,1,222793167,literal-positional,23,318232844,15582054,false,false,literal-positional,,1,alcornocal
336,c-phrase-literal,true,false,2,222612709,literal-positional,5,233488400,14342149,false,false,literal-positional,,1,Output change
387,c-phrase-literal,true,false,10,221717960,literal-positional,43,255479546,11106160,false,false,literal-positional,,1,execute partition
272,b-rare-literal,true,false,21,220714666,literal-positional,91,302599906,15036520,false,false,literal-positional,,1,getTranslations
609,f-high-frequency,true,false,53,220466126,literal-positional,9,233513526,14342648,false,false,literal-positional,,1,esDocument
46,a-common-literal,true,false,5020,218533457,literal-positional,24,258719021,15081501,false,false,literal-positional,,1,Schools
593,f-high-frequency,true,false,2604,218428916,literal-positional,37,266626595,15172330,false,false,literal-positional,,1,Etc
861,g-regex,false,false,0,218398250,regex-trigram,2,76722038,4640476,false,false,"all(lit-any(n=1,len=5-5),lit-any(n=1,len=6-6))",0,1,tyros.*SAAUlC
10,a-common-literal,true,false,20,217963250,literal-positional,64,236625978,14531530,false,false,literal-positional,,1,DropCatchSupportEmail
211,b-rare-literal,true,false,5,217394041,literal-positional,4,217265795,13342518,false,false,literal-positional,,1,GetFabals
597,f-high-frequency,true,false,40,217281000,literal-positional,4,233474625,14341756,false,false,literal-positional,,1,LuceneHighlightRules
255,b-rare-literal,true,false,2,215425665,literal-positional,10,255566957,14238620,false,false,literal-positional,,1,applyCascade
103,a-common-literal,true,false,8,215234293,literal-positional,30,283925293,14496593,false,false,literal-positional,,1,eventService
364,c-phrase-literal,true,false,27,214221125,literal-positional,34,239207173,14452493,false,false,literal-positional,,1,Use examples
244,b-rare-literal,true,false,1,213876541,literal-positional,3,217311763,13343269,false,false,literal-positional,,1,WindowTop
409,c-phrase-literal,true,false,516,213073460,literal-positional,76,289653041,14628881,false,false,literal-positional,,1,return worker
316,c-phrase-literal,true,false,3747,212596751,literal-positional,379,219250547,13381143,false,false,literal-positional,,1,Content Include
620,f-high-frequency,true,false,24,211243749,literal-positional,11,249643070,13612516,false,false,literal-positional,,1,nonNegativeInteger
236,b-rare-literal,true,false,1,210803583,literal-positional,5,218919164,13381496,false,false,literal-positional,,1,RenameSearchComments
598,f-high-frequency,true,false,231,210595792,literal-positional,73,244379772,14691610,false,false,literal-positional,,1,NewId
374,c-phrase-literal,true,false,25,210585875,literal-positional,30,301643612,14474833,false,false,literal-positional,,1,create any
354,c-phrase-literal,true,false,31,210402876,literal-positional,34,233550235,14343744,false,false,literal-positional,,1,Put credential
401,c-phrase-literal,true,false,11854,210283001,literal-positional,1080,242754048,14136251,false,false,literal-positional,,1,inner join
359,c-phrase-literal,true,false,1188,210134126,literal-positional,235,285999411,14311039,false,false,literal-positional,,1,Set the
257,b-rare-literal,true,false,96,210089792,literal-positional,45,279859323,15583732,false,false,literal-positional,,1,bpg
361,c-phrase-literal,true,false,7,207622875,literal-positional,18,265863886,14037480,false,false,literal-positional,,1,Stream the
84,a-common-literal,true,false,8,207414166,literal-positional,5,234322197,14358644,false,false,literal-positional,,1,cairofontweight
5,a-common-literal,true,false,60,207170210,literal-positional,56,247021088,13732692,false,false,literal-positional,,1,BreadCrumb
800,g-regex,false,false,6,206985792,regex-trigram,37,148137271,2418138,false,false,"lit-any(n=1,len=8-8)",27,1,cliquish[ \t]
250,b-rare-literal,true,false,1,206883375,literal-positional,4,219180484,13490253,false,false,literal-positional,,1,acogolle
251,b-rare-literal,true,false,15,206388499,literal-positional,7,235606150,14495367,false,false,literal-positional,,1,adule
210,b-rare-literal,true,false,3,206079459,literal-positional,3,217427242,13341688,false,false,literal-positional,,1,Gdoa
3,a-common-literal,true,false,246,206077958,literal-positional,4,222839996,13440831,false,false,literal-positional,,1,AndExpr
56,a-common-literal,true,false,40,205801958,literal-positional,11,238414099,14425096,false,false,literal-positional,,1,Tomer
733,g-regex,false,false,4,205786250,regex-trigram,3,79388496,4664500,false,false,"lit-any(n=1,len=9-9)",1,1,\bOPENQUERY\b
407,c-phrase-literal,true,false,2,205079499,literal-positional,32,227196259,13588686,false,false,literal-positional,,1,remove credentials
317,c-phrase-literal,true,false,2,204683085,literal-positional,9,217304978,13343610,false,false,literal-positional,,1,Copying Files
248,b-rare-literal,true,false,35,204464333,literal-positional,11,234809688,14367924,false,false,literal-positional,,1,a108
306,b-rare-literal,true,false,18,203912916,literal-positional,6,223129594,13526472,false,false,literal-positional,,1,zlas
167,b-rare-literal,true,false,2,203470375,literal-positional,55,217611963,13350071,false,false,literal-positional,,1,AutoDownloadMimeTypes
595,f-high-frequency,true,false,40,202460667,literal-positional,4,233491689,14342215,false,false,literal-positional,,1,HamlHighlightRules
134,a-common-literal,true,false,34,200985750,literal-positional,40,246248668,10875689,false,false,literal-positional,,1,professionally
45,a-common-literal,true,false,20,200437542,literal-positional,14,217696382,13368556,false,false,literal-positional,,1,RecaptchaEnterprise
166,b-rare-literal,true,false,7,200402249,literal-positional,5,241182946,14582683,false,false,literal-positional,,1,Auskunft
48,a-common-literal,true,false,7,199695874,literal-positional,8,219404196,13370507,false,false,literal-positional,,1,StringConversionTests
838,g-regex,false,false,2,199056918,regex-trigram,442,143240709,2929066,false,false,"lit-any(n=1,len=5-5)",233,10,nsche[ \t]
144,a-common-literal,true,false,10,198735956,literal-positional,4,217470999,13346865,false,false,literal-positional,,1,sgbs
122,a-common-literal,true,false,19,197708125,literal-positional,10,174290365,9769927,false,false,literal-positional,,1,maestri
149,a-common-literal,true,false,28,196372250,literal-positional,13,287121668,14698776,false,false,literal-positional,,1,tetrahedron
400,c-phrase-literal,true,false,18,196150708,literal-positional,25,250065383,13651740,false,false,literal-positional,,1,import datetime
109,a-common-literal,true,false,4,195692668,literal-positional,6,244117353,14061831,false,false,literal-positional,,1,hipchat_msg_color
224,b-rare-literal,true,false,1,195191291,literal-positional,3,217235483,13341698,false,false,literal-positional,,1,MemCount
136,a-common-literal,true,false,57,195065876,literal-positional,23,229986316,13544533,false,false,literal-positional,,1,q92
787,g-regex,false,false,0,194594667,regex-trigram,11,66498123,1024714,false,false,"lit-any(n=1,len=10-10)",2,1,"accoucheur[(){};,]"
95,a-common-literal,true,false,8,193953460,literal-positional,4,218084413,13358644,false,false,literal-positional,,1,cubrid_rollback
2,a-common-literal,true,false,9,193847832,literal-positional,80,217759843,13353113,false,false,literal-positional,,1,AdminBetaCode
928,h-case-insensitive,true,true,15,193778832,regex-trigram,36,80052383,1132783,false,false,"all(lit-any(n=8,len=3-3),lit-any(n=8,len=3-3),lit-any(n=8,len=3-3))",34,1,baffin_island
624,f-high-frequency,true,false,47,193512499,literal-positional,4,243916191,14058199,false,false,literal-positional,,1,pgba
162,b-rare-literal,true,false,1,193399125,literal-positional,3,217237902,13341752,false,false,literal-positional,,1,AmbiguityMonitor
7,a-common-literal,true,false,16,193289250,literal-positional,5,217254026,13342477,false,false,literal-positional,,1,CaptchaFeatureKind
172,b-rare-literal,true,false,14,192492460,literal-positional,7,221190228,13501535,false,false,literal-positional,,1,Bettye
761,g-regex,false,false,0,192023708,regex-trigram,113,134645151,4998307,false,false,"lit-any(n=1,len=4-4)",22,10,^[\t ]*IAAG
249,b-rare-literal,true,false,1,191370040,literal-positional,4,219411410,13513350,false,false,literal-positional,,1,accionan
238,b-rare-literal,true,false,3,191147416,literal-positional,14,234187326,14356313,false,false,literal-positional,,1,SaveWebsiteMonitor
321,c-phrase-literal,true,false,6,189872416,literal-positional,5,217263266,13342424,false,false,literal-positional,,1,Drop old
601,f-high-frequency,true,false,37,189869127,literal-positional,6,217265033,13342463,false,false,literal-positional,,1,TestScenario
362,c-phrase-literal,true,false,11,189240041,literal-positional,11,217300404,13343304,false,false,literal-positional,,1,Tasks for
940,h-case-insensitive,true,true,6,188987376,regex-trigram,41,71524335,1176633,false,false,"all(lit-any(n=8,len=3-3),lit-any(n=4,len=3-3),lit-any(n=4,len=3-3))",140,1,first_name_word_flag
116,a-common-literal,true,false,47,188675250,literal-positional,27,228327624,13527648,false,false,literal-positional,,1,jdK
499,d-metachar-literal,true,false,3372,187730876,literal-positional,255,244935819,10250655,false,false,literal-positional,,1,a.b
252,b-rare-literal,true,false,3,187714292,literal-positional,3,218120449,13418128,false,false,literal-positional,,1,afeblec
727,g-regex,false,false,6,185930835,regex-trigram,36,91330198,4667665,false,false,"lit-any(n=1,len=5-5)",6,1,\bEAAUM\b
130,a-common-literal,true,false,10,185747418,literal-positional,37,145627823,8803375,false,false,literal-positional,,1,output_type
131,a-common-literal,true,false,15,184961834,literal-positional,31,184199316,9934718,false,false,literal-positional,,1,payment_group_reference
142,a-common-literal,true,false,3,183473917,literal-positional,25,190691587,10007437,false,false,literal-positional,,1,secondCaptain
213,b-rare-literal,true,false,1,181787749,literal-positional,13,147347915,8857435,false,false,literal-positional,,1,HtmlGifTransparent
762,g-regex,false,false,0,181381000,regex-trigram,15,80291408,4669584,false,false,"lit-any(n=1,len=6-6)",3,1,^[\t ]*IAAKhN
790,g-regex,false,false,0,181143084,regex-trigram,4,29967359,765929,false,false,"lit-any(n=1,len=6-6)",0,1,"ahchoo[(){};,]"
300,b-rare-literal,true,false,1,180944751,literal-positional,5,153349998,9049572,false,false,literal-positional,,1,useraccountid
613,f-high-frequency,true,false,154,180146497,literal-positional,71,242381783,10834409,false,false,literal-positional,,1,issuer
788,g-regex,false,false,0,175939209,regex-trigram,18,74611781,1022692,false,false,"lit-any(n=1,len=7-7)",97,1,"afflict[(){};,]"
9,a-common-literal,true,false,12,172138749,literal-positional,8,141513227,8702924,false,false,literal-positional,,1,DnsElement
953,h-case-insensitive,true,true,56,171377918,regex-trigram,9,55692513,828633,false,false,"all(lit-any(n=8,len=3-3),lit-any(n=8,len=3-3),lit-any(n=8,len=3-3))",410,1,magic_quotes_runtime
22,a-common-literal,true,false,3,171263043,literal-positional,2,141479762,8704463,false,false,literal-positional,,1,GeoAddAsync
824,g-regex,false,false,0,170418125,regex-trigram,101,67440183,1135887,false,false,"lit-any(n=1,len=6-6)",18,1,"isReal[(){};,]"
914,h-case-insensitive,true,true,12,169353918,regex-trigram,57,93692183,1141696,false,false,"all(lit-any(n=4,len=3-3),lit-any(n=8,len=3-3),lit-any(n=8,len=3-3))",221,1,_meridiemParse
976,h-case-insensitive,true,true,6,168571125,regex-trigram,92,94345284,1479114,false,false,"all(lit-any(n=4,len=3-3),lit-any(n=4,len=3-3),lit-any(n=4,len=3-3))",66,10,to_linkid
606,f-high-frequency,true,false,53,165108875,literal-positional,10,144444296,8784730,false,false,literal-positional,,1,dLogDate
121,a-common-literal,true,false,24,163679958,literal-positional,5,141542563,8705148,false,false,literal-positional,,1,llGetMaxScaleFactor
133,a-common-literal,true,false,2,160715792,literal-positional,5,171775624,8867284,false,false,literal-positional,,1,postCreated
161,b-rare-literal,true,false,1,160711208,literal-positional,14,158013052,9711255,false,false,literal-positional,,1,AddToSetEach
282,b-rare-literal,true,false,1,157425416,literal-positional,4,171646824,8866628,false,false,literal-positional,,1,linearGradient6449
69,a-common-literal,true,false,6,156904835,literal-positional,7,180366331,9839668,false,false,literal-positional,,1,acipenser_huso
915,h-case-insensitive,true,true,313,156499001,regex-trigram,95,119851027,1573623,false,false,"all(lit-any(n=4,len=3-3),lit-any(n=8,len=3-3),lit-any(n=8,len=3-3))",285,10,_weight
23,a-common-literal,true,false,7,154288540,literal-positional,4,145783898,8728819,false,false,literal-positional,,1,H346
377,c-phrase-literal,true,false,5,150043001,literal-positional,23,241519464,10007070,false,false,literal-positional,,1,def create_checkpoint
118,a-common-literal,true,false,26,147285375,literal-positional,111,194225617,9992225,false,false,literal-positional,,1,keepAlive
94,a-common-literal,true,false,6,146330832,literal-positional,4,157659515,9702533,false,false,literal-positional,,1,creditCardFee
648,g-regex,false,false,56,141285500,regex-trigram,76,93365347,1600253,false,false,"lit-any(n=1,len=7-7)",122,1,Captain[ \t]
621,f-high-frequency,true,false,96,140878292,literal-positional,10,168965067,9450336,false,false,literal-positional,,1,openTabstops
380,c-phrase-literal,true,false,5,140854958,literal-positional,32,210633285,9774887,false,false,literal-positional,,1,def show_progress
78,a-common-literal,true,false,4,137968375,literal-positional,5,141551375,8703783,false,false,literal-positional,,1,baidu_rank
414,c-phrase-literal,true,false,31590,137801084,literal-positional,3466,224817159,3880066,false,false,literal-positional,,1,to the
288,b-rare-literal,true,false,7,137573416,literal-positional,5,158417197,9711103,false,false,literal-positional,,1,p990
158,b-rare-literal,true,false,1,136076459,literal-positional,2,143543035,8834844,false,false,literal-positional,,1,Abarbeitungs
120,a-common-literal,true,false,4,135489586,literal-positional,14,141920723,8711362,false,false,literal-positional,,1,lines_added
795,g-regex,false,false,6,133938835,regex-trigram,44,144807549,2441076,false,false,"lit-any(n=1,len=7-7)",10,1,brumous[ \t]
225,b-rare-literal,true,false,1,133257166,literal-positional,2,141378948,8701513,false,false,literal-positional,,1,NotePad
836,g-regex,false,false,48,128998752,regex-trigram,240,58569220,804637,false,false,"lit-any(n=1,len=4-4)",590,10,"nFor[(){};,]"
222,b-rare-literal,true,false,43,124561458,literal-positional,24,165926844,9731587,false,false,literal-positional,,1,M84
138,a-common-literal,true,false,44,123247709,literal-positional,55,193379433,7215153,false,false,literal-positional,,1,registrar_param_history
155,a-common-literal,true,false,9,116828625,literal-positional,4,143536417,8750987,false,false,literal-positional,,1,zone_domains_tld_aarp
830,g-regex,false,false,122,109634000,regex-trigram,31,108575802,2040121,false,false,"lit-any(n=1,len=7-7)",180,1,loyalty[ \t]
818,g-regex,false,false,11,99791126,regex-trigram,25,40720491,924950,false,false,"lit-any(n=1,len=8-8)",19,1,hrspacer[ \t]
278,b-rare-literal,true,false,2,85391375,literal-positional,4,79642242,4824439,false,false,literal-positional,,1,iguieren
937,h-case-insensitive,true,true,8,82387790,regex-trigram,2,849650,16957,false,false,"all(lit-any(n=8,len=3-3),lit-any(n=8,len=3-3),lit-any(n=8,len=3-3))",42,1,event_buffer_fd_set
398,c-phrase-literal,true,false,10,81020250,literal-positional,306,137333931,2191536,false,false,literal-positional,,1,if stream_option
655,g-regex,false,false,4,80693292,regex-trigram,6,829863,6,false,false,"lit-any(n=1,len=7-7)",4,1,"EAAOxgB[(){};,]"
495,d-metachar-literal,true,false,30669,77374541,literal-positional,2443,140037656,2214428,false,false,literal-positional,,1,[0]
654,g-regex,false,false,3,76248042,regex-trigram,6,2855373,881,false,false,"lit-any(n=1,len=6-6)",3,1,"EAAMlP[(){};,]"
1,a-common-literal,true,false,4,73131167,literal-positional,2,78027512,4773631,false,false,literal-positional,,1,Abgang
674,g-regex,false,false,14,66661249,regex-trigram,54,31060778,1006,false,false,"lit-any(n=1,len=5-5)",13,1,"IAASA[(){};,]"
668,g-regex,false,false,15,66291250,regex-trigram,49,61403459,164112,false,false,"lit-any(n=1,len=5-5)",14,1,"GAASD[(){};,]"
378,c-phrase-literal,true,false,5,65865792,literal-positional,9,108707727,4877052,false,false,literal-positional,,1,def do_backup_final
170,b-rare-literal,true,false,404,65402416,literal-positional,129,114287524,4969270,false,false,literal-positional,,1,BCD
395,c-phrase-literal,true,false,8621,64750001,literal-positional,1698,138560879,2242114,false,false,literal-positional,,1,if not
516,d-metachar-literal,true,false,1583,62970959,literal-positional,244,99201143,2004912,false,false,literal-positional,,1,module.exports
89,a-common-literal,true,false,6,62309250,literal-positional,103,113289903,1667389,false,false,literal-positional,,1,consul_target
834,g-regex,false,false,0,61872294,regex-trigram,8,10957734,210011,false,false,"lit-any(n=1,len=12-12)",44,1,macroEnabled[ \t]
799,g-regex,false,false,28,55053292,regex-trigram,22,34124680,773614,false,false,"lit-any(n=1,len=3-3)",58,1,"ccb[(){};,]"
633,f-high-frequency,true,false,377,53717958,literal-positional,49,122423839,2618883,false,false,literal-positional,,1,withdrawal
659,g-regex,false,false,1,52993916,regex-trigram,15,4846192,890,false,false,"lit-any(n=1,len=7-7)",1,1,"EAAkBhI[(){};,]"
854,g-regex,false,false,19,49342957,regex-trigram,11,32729493,838189,false,false,"lit-any(n=1,len=3-3)",107,1,srv[ \t]
394,c-phrase-literal,true,false,7,49097458,literal-positional,274,92824216,1230053,false,false,literal-positional,,1,if mariadb_version
87,a-common-literal,true,false,27,47200666,literal-positional,15,57166874,2106280,false,false,literal-positional,,1,concernedly
413,c-phrase-literal,true,false,269,46919250,literal-positional,186,120802030,1735837,false,false,literal-positional,,1,to manage
512,d-metachar-literal,true,false,12455,45719083,literal-positional,1104,105731768,1746499,false,false,literal-positional,,1,i++
650,g-regex,false,false,0,45007459,regex-trigram,0,0,0,false,false,"lit-any(n=1,len=11-11)",0,1,Dativobjekt[ \t]
123,a-common-literal,true,false,14,44726960,literal-positional,12,96072765,2019797,false,false,literal-positional,,1,mediastinum
74,a-common-literal,true,false,20,42122459,literal-positional,13,94201244,1836832,false,false,literal-positional,,1,amazingly
124,a-common-literal,true,false,115,41380167,literal-positional,23,116328314,2483653,false,false,literal-positional,,1,modesty
412,c-phrase-literal,true,false,420,40767292,literal-positional,74,121858437,1852449,false,false,literal-positional,,1,sum of
605,f-high-frequency,true,false,1643,39107833,literal-positional,388,7555094,247439,false,false,literal-positional,,1,cflocation
956,h-case-insensitive,true,true,4,38237000,regex-trigram,73,13778129,304363,false,false,"all(lit-any(n=4,len=3-3),lit-any(n=4,len=3-3),lit-any(n=4,len=3-3))",7,10,mysql_user_system
85,a-common-literal,true,false,13,36882750,literal-positional,11,73831962,1935908,false,false,literal-positional,,1,caparisoned
817,g-regex,false,false,0,35735375,regex-trigram,17,39563169,831742,false,false,"lit-any(n=1,len=4-4)",5,1,hdml[ \t]
403,c-phrase-literal,true,false,149,35626000,literal-positional,57,82824588,2030713,false,false,literal-positional,,1,loop through
115,a-common-literal,true,false,22,34487874,literal-positional,15,55389465,828159,false,false,literal-positional,,1,ip_start
399,c-phrase-literal,true,false,4366,33817541,literal-positional,835,58118703,743930,false,false,literal-positional,,1,img src
70,a-common-literal,true,false,11,33077709,literal-positional,44,57122513,884936,false,false,literal-positional,,1,activeConfig
137,a-common-literal,true,false,24,31060001,literal-positional,8,26680827,716403,false,false,literal-positional,,1,qpress
402,c-phrase-literal,true,false,20,30765334,literal-positional,22,39189124,1080094,false,false,literal-positional,,1,log them
701,g-regex,false,false,16,30744458,regex-trigram,34,7858045,129724,false,false,"lit-any(n=1,len=7-7)",10,10,XmlMode[ \t]
393,c-phrase-literal,true,false,87,30039333,literal-positional,48,72610559,1128687,false,false,literal-positional,,1,if int
333,c-phrase-literal,true,false,76,29754501,literal-positional,18,441865,9967,false,false,literal-positional,,1,IF p_function
682,g-regex,false,false,0,29513416,regex-trigram,10,19422600,19952,false,false,"lit-any(n=1,len=6-6)",3,1,OAAOuS$
987,i-unicode,true,false,4,27494250,literal-positional,5,28219793,846180,false,false,literal-positional,,1,cadalozlaşmak
480,d-metachar-literal,true,false,14327,26967374,literal-positional,2522,60133347,925608,false,false,literal-positional,,1,=> {
638,g-regex,false,false,0,26459831,regex-trigram,0,0,0,false,false,"all(lit-any(n=1,len=8-8),lit-any(n=1,len=7-7))",0,1,Apotheke.*EiEpqPM
675,g-regex,false,false,21,26363833,regex-trigram,55,23777552,278,false,false,"lit-any(n=1,len=4-4)",30,10,"IACR[(){};,]"
521,d-metachar-literal,true,false,437,26356458,literal-positional,178,45266762,486823,false,false,literal-positional,,1,results)
315,c-phrase-literal,true,false,534,25476749,literal-positional,193,56986658,925812,false,false,literal-positional,,1,Check if
472,d-metachar-literal,true,false,42622,25335541,literal-positional,311,16644500,385676,false,false,literal-positional,,1,/*!50003
99,a-common-literal,true,false,6,25279541,literal-positional,14,35320953,1011646,false,false,literal-positional,,1,def_timezone
505,d-metachar-literal,true,false,2148,25167585,literal-positional,174,52577524,980436,false,false,literal-positional,,1,a|b
370,c-phrase-literal,true,false,54,24878751,literal-positional,110,75885259,597593,false,false,literal-positional,,1,button icon
728,g-regex,false,false,4,24276293,regex-trigram,5,2757552,880,false,false,"lit-any(n=1,len=7-7)",3,1,\bEAAUxnB\b
381,c-phrase-literal,true,false,10,23946250,literal-positional,9,27611468,742603,false,false,literal-positional,,1,def signal_handler
465,d-metachar-literal,true,false,996,23559000,literal-positional,283,96172316,979380,false,false,literal-positional,,1,(x)
264,b-rare-literal,true,false,16,23325166,literal-positional,9,38310209,1039009,false,false,literal-positional,,1,croaky
506,d-metachar-literal,true,false,2940,22869791,literal-positional,112,36395778,938131,false,false,literal-positional,,1,"cursor.row,"
511,d-metachar-literal,true,false,21,22046668,literal-positional,26,44718142,326823,false,false,literal-positional,,1,group_concat(case
379,c-phrase-literal,true,false,5,21148461,literal-positional,18,30625421,719759,false,false,literal-positional,,1,def get_files
466,d-metachar-literal,true,false,3103,20369875,literal-positional,604,76251878,832185,false,false,literal-positional,,1,");"""
365,c-phrase-literal,true,false,46173,20131875,literal-positional,45,6781628,113095,false,false,literal-positional,,1,VALUES LESS
835,g-regex,false,false,0,20107250,regex-trigram,1,2228214,876,false,false,"all(lit-any(n=1,len=7-7),lit-any(n=1,len=6-6))",0,1,mystify.*SAAiBC
6,a-common-literal,true,false,7,19966250,literal-positional,7,1505983,7,false,false,literal-positional,,1,CAAChL
757,g-regex,false,false,0,19722708,regex-trigram,20,27770172,2122,false,false,"lit-any(n=1,len=6-6)",3,1,^[\t ]*EAAGqB
187,b-rare-literal,true,false,1,19450751,literal-positional,1,105346,1,false,false,literal-positional,,1,EAAMsR
314,c-phrase-literal,true,false,34,19277250,literal-positional,871,45312204,598752,false,false,literal-positional,,1,Add new
513,d-metachar-literal,true,false,9339,19075750,literal-positional,106,22813791,390848,false,false,literal-positional,,1,int(10)
269,b-rare-literal,true,false,80,18710792,literal-positional,3,5422456,122519,false,false,literal-positional,,1,estibot_droplist_ea
611,f-high-frequency,true,false,659,18533707,literal-positional,173,36634374,499697,false,false,literal-positional,,1,focusout
690,g-regex,false,false,3,18023666,regex-trigram,5,1418583,5,false,false,"lit-any(n=1,len=7-7)",3,1,"SAAUnoB[(){};,]"
517,d-metachar-literal,true,false,7,17527668,literal-positional,3,26676951,715856,false,false,literal-positional,,1,"now(utc=False,"
297,b-rare-literal,true,false,1,17380166,literal-positional,5,31822374,206658,false,false,literal-positional,,1,test_stop
188,b-rare-literal,true,false,2,17179166,literal-positional,2,249061,2,false,false,literal-positional,,1,EAANnC
63,a-common-literal,true,false,4,17050125,literal-positional,9,762039,12417,false,false,literal-positional,,1,_regionConfidence
390,c-phrase-literal,true,false,120,16221250,literal-positional,30,3356846,79927,false,false,literal-positional,,1,function JSX
150,a-common-literal,true,false,7,16194083,literal-positional,5,26885759,723486,false,false,literal-positional,,1,tokenProperties
493,d-metachar-literal,true,false,1920,16020918,literal-positional,1914,19631148,481502,false,false,literal-positional,,1,System.Text;
441,d-metachar-literal,true,false,1496,15600833,literal-positional,62,3684382,53297,false,false,literal-positional,,1,$result
355,c-phrase-literal,true,false,14,15320000,literal-positional,58,1323712,34600,false,false,literal-positional,,1,Run Sync
389,c-phrase-literal,true,false,7,15010041,literal-positional,12,51430595,288899,false,false,literal-positional,,1,from optparse
491,d-metachar-literal,true,false,1,14656501,literal-positional,1,7779,219,false,false,literal-positional,,1,MinId=$StartingID
415,c-phrase-literal,true,false,14,14074375,literal-positional,12,26708366,716652,false,false,literal-positional,,1,use tc_mysqlmgmt
312,c-phrase-literal,true,false,276,14037918,literal-positional,39,611329,14207,false,false,literal-positional,,1,AND table_name
518,d-metachar-literal,true,false,803,14027665,literal-positional,142,9637429,65987,false,false,literal-positional,,1,overflow:hidden;}
610,f-high-frequency,true,false,80,13995542,literal-positional,3,5422446,122518,false,false,literal-positional,,1,estibot_droplist_cd
470,d-metachar-literal,true,false,240,13564584,literal-positional,2,4340,177,false,false,literal-positional,,1,.ace-xcode
669,g-regex,false,false,0,13426665,regex-trigram,0,0,0,false,false,"all(lit-any(n=1,len=7-7),lit-any(n=1,len=8-8))",0,1,GAAYrvB.*rightful
679,g-regex,false,false,3,13418625,regex-trigram,4,2598300,879,false,false,"lit-any(n=1,len=6-6)",3,1,"KAAWoQ[(){};,]"
190,b-rare-literal,true,false,2,12976292,literal-positional,2,264740,2,false,false,literal-positional,,1,EAAStL
79,a-common-literal,true,false,18,12605169,literal-positional,9,263389,6185,false,false,literal-positional,,1,bgTextureHover
192,b-rare-literal,true,false,1,12582501,literal-positional,1,125107,1,false,false,literal-positional,,1,EAAW9N
425,d-metachar-literal,true,false,713,12362167,literal-positional,229,31439942,597552,false,false,literal-positional,,1,"""+"""
267,b-rare-literal,true,false,1,12193334,literal-positional,1,117008,149,false,false,literal-positional,,1,e4idxNP4K3RWAACA1YUtOg4e
429,d-metachar-literal,true,false,2,12153290,literal-positional,2,1973,59,false,false,literal-positional,,1,#+$Info.HostName
358,c-phrase-literal,true,false,7,12140502,literal-positional,11,783332,14466,false,false,literal-positional,,1,SELECT partition_name
994,i-unicode,true,false,1391,11946041,literal-positional,294,50425916,507586,false,false,literal-positional,,1,—
396,c-phrase-literal,true,false,388,11501624,literal-positional,8,391603,9423,false,false,literal-positional,,1,if self
404,c-phrase-literal,true,false,70,11469958,literal-positional,49,41453274,340355,false,false,literal-positional,,1,move them
652,g-regex,false,false,2,11259208,regex-trigram,28,15239440,213394,false,false,"all(lit-any(n=1,len=1-1),lit-any(n=1,len=3-3))",33,1,E.uBE
528,d-metachar-literal,true,false,332,11072332,literal-positional,63,5070025,125414,false,false,literal-positional,,1,"varchar(255),"
397,c-phrase-literal,true,false,5,10848501,literal-positional,26,36422432,413004,false,false,literal-positional,,1,if snapshot_dir
191,b-rare-literal,true,false,1,10821666,literal-positional,1,316181,1,false,false,literal-positional,,1,EAAW6J
533,d-metachar-literal,true,false,776,10810541,literal-positional,89,15214284,446020,false,false,literal-positional,,1,|sed
459,d-metachar-literal,true,false,100,10692708,literal-positional,65,1084323,27511,false,false,literal-positional,,1,'{print
507,d-metachar-literal,true,false,8,10684958,literal-positional,19,3312698,90224,false,false,literal-positional,,1,date('1900-01-01')
391,c-phrase-literal,true,false,5,10458959,literal-positional,4,14300646,351822,false,false,literal-positional,,1,get datadir
446,d-metachar-literal,true,false,393,10160000,literal-positional,14,68055,2361,false,false,literal-positional,,1,$vmName
667,g-regex,false,false,0,10143292,regex-trigram,1,2228214,876,false,false,"all(lit-any(n=1,len=6-6),lit-any(n=1,len=6-6))",0,1,GAAQyU.*admisi
330,c-phrase-literal,true,false,2,10129126,literal-positional,1,1207,21,false,false,literal-positional,,1,FROM vsphere_vm_info_latest
471,d-metachar-literal,true,false,16,10029624,literal-positional,16,3915587,57609,false,false,literal-positional,,1,.d-table-cell
11,a-common-literal,true,false,5,9985086,literal-positional,5,695884,5,false,false,literal-positional,,1,EAAM3L
410,c-phrase-literal,true,false,1,9973416,literal-positional,8,1187024,75817,false,false,literal-positional,,1,select volume
731,g-regex,false,false,3,9970334,regex-trigram,8,4337753,1803,false,false,"lit-any(n=1,len=6-6)",3,1,\bOAAQic\b
234,b-rare-literal,true,false,1,9714417,literal-positional,1,2602,80,false,false,literal-positional,,1,RabbitMqData
189,b-rare-literal,true,false,2,9613668,literal-positional,7,1095293,7,false,false,literal-positional,,1,EAAQxvB
758,g-regex,false,false,0,9493334,regex-trigram,18,3970480,819,false,false,"lit-any(n=1,len=6-6)",9,1,^[\t ]*EAAKwG
532,d-metachar-literal,true,false,1279,9451543,literal-positional,144,15349713,449701,false,false,literal-positional,,1,|cut
291,b-rare-literal,true,false,1,9285834,literal-positional,1,72277,2268,false,false,literal-positional,,1,radialGradient12636
147,a-common-literal,true,false,39,9263708,literal-positional,13,30950615,218525,false,false,literal-positional,,1,subscribes
101,a-common-literal,true,false,3,9217457,literal-positional,1,21762,399,false,false,literal-positional,,1,dwm_add_new
159,b-rare-literal,true,false,1,9073500,literal-positional,1,2167892,133394,false,false,literal-positional,,1,Abschwellen
439,d-metachar-literal,true,false,2,8990166,literal-positional,1,3285,93,false,false,literal-positional,,1,$TmpDir/Apps.tar
13,a-common-literal,true,false,6,8747498,literal-positional,8,1302200,15,false,false,literal-positional,,1,EAAOwsB
12,a-common-literal,true,false,5,8572500,literal-positional,4,702061,4,false,false,literal-positional,,1,EAAO6a
334,c-phrase-literal,true,false,64,8544167,literal-positional,21,1789900,43233,false,false,literal-positional,,1,IF p_type_part
111,a-common-literal,true,false,6,8503915,literal-positional,6,3679477,85521,false,false,literal-positional,,1,idx_acctuser
419,c-phrase-literal,true,false,18,8472917,literal-positional,12,31737481,206985,false,false,literal-positional,,1,while not
435,d-metachar-literal,true,false,3,8391460,literal-positional,1,13082,351,false,false,literal-positional,,1,$PartitionInfoFile
140,a-common-literal,true,false,9,8332084,literal-positional,6,15989552,430638,false,false,literal-positional,,1,ruthlessly
96,a-common-literal,true,false,8,8239707,literal-positional,2,157030,2877,false,false,literal-positional,,1,date_ge_timestamptz
332,c-phrase-literal,true,false,32,8139417,literal-positional,16,429614,9751,false,false,literal-positional,,1,IF p_file_format
154,a-common-literal,true,false,19,8077043,literal-positional,6,1049950,18396,false,false,literal-positional,,1,wiki_derived_available
453,d-metachar-literal,true,false,3,7787251,literal-positional,2,20861,570,false,false,literal-positional,,1,${TmpDir}/*.out
21,a-common-literal,true,false,1,7771625,literal-positional,5,1192654,5,false,false,literal-positional,,1,GAAmB9E
178,b-rare-literal,true,false,1,7583791,literal-positional,1,219918,1,false,false,literal-positional,,1,CACE5V
350,c-phrase-literal,true,false,2,7293292,literal-positional,2,100751,364,false,false,literal-positional,,1,PARTITION p_20210201
618,f-high-frequency,true,false,246,7157126,literal-positional,64,8239610,140435,false,false,literal-positional,,1,lorDepth
534,d-metachar-literal,true,false,4715,7010334,literal-positional,640,13794608,237905,false,false,literal-positional,,1,"}}"""
500,d-metachar-literal,true,false,12,7001749,literal-positional,7,52717,1690,false,false,literal-positional,,1,ansible.builtin.copy:
622,f-high-frequency,true,false,84,6775126,literal-positional,16,2236260,37245,false,false,literal-positional,,1,owned_registrar_id
59,a-common-literal,true,false,12,6748584,literal-positional,12,35455108,297494,false,false,literal-positional,,1,__zr_style_
49,a-common-literal,true,false,14,6688959,literal-positional,4,395940,6865,false,false,literal-positional,,1,TLDCount
299,b-rare-literal,true,false,8,6526040,literal-positional,7,4243490,95149,false,false,literal-positional,,1,upgrade_count
658,g-regex,false,false,0,6466126,regex-trigram,0,0,0,false,false,"lit-any(n=1,len=7-7)",0,1,EAAgBxO[ \t]
110,a-common-literal,true,false,8,6452124,literal-positional,2,849650,16957,false,false,literal-positional,,1,httpresponse_setetag
463,d-metachar-literal,true,false,226,6447623,literal-positional,59,38930047,328787,false,false,literal-positional,,1,(//
509,d-metachar-literal,true,false,14,6425168,literal-positional,11,979796,16685,false,false,literal-positional,,1,function.</summary>
436,d-metachar-literal,true,false,3,6252083,literal-positional,1,7779,219,false,false,literal-positional,,1,$Partitions2Archive
468,d-metachar-literal,true,false,6,6062667,literal-positional,3,9943,197,false,false,literal-positional,,1,--user=$MySQLUser
323,c-phrase-literal,true,false,1574,6056541,literal-positional,116,11067290,270692,false,false,literal-positional,,1,END IF
113,a-common-literal,true,false,29,5978503,literal-positional,4,50913,1825,false,false,literal-positional,,1,inputElements
313,c-phrase-literal,true,false,3,5860540,literal-positional,2,14006,307,false,false,literal-positional,,1,AND time
501,d-metachar-literal,true,false,10,5815375,literal-positional,2,12251,377,false,false,literal-positional,,1,ansible.builtin.fetch:
428,d-metachar-literal,true,false,4875,5756459,literal-positional,578,8406576,201218,false,false,literal-positional,,1,"""{{"
61,a-common-literal,true,false,8,5720958,literal-positional,2,142988,3101,false,false,literal-positional,,1,_maximumAttachmentSize
328,c-phrase-literal,true,false,482,5588833,literal-positional,87,2382240,57302,false,false,literal-positional,,1,FROM information_schema
295,b-rare-literal,true,false,1,5573457,literal-positional,1,33717,930,false,false,literal-positional,,1,stop2625
215,b-rare-literal,true,false,4,5543542,literal-positional,4,15151108,4,false,false,literal-positional,,1,IAC3J
865,g-regex,false,false,0,5444833,regex-trigram,0,0,0,false,false,"all(lit-any(n=1,len=6-6),lit-any(n=1,len=7-7))",0,1,wheelY.*GACJgkC
525,d-metachar-literal,true,false,15,5432624,literal-positional,2,553434,16209,false,false,literal-positional,,1,this.pad('{{
437,d-metachar-literal,true,false,4,5310376,literal-positional,1,3285,93,false,false,literal-positional,,1,$PemFile
496,d-metachar-literal,true,false,105,5283374,literal-positional,24,12159709,341289,false,false,literal-positional,,1,[openbsd]
35,a-common-literal,true,false,247,5229916,literal-positional,16,2483276,35219,false,false,literal-positional,,1,Lucene
464,d-metachar-literal,true,false,661,5195209,literal-positional,109,9360186,196132,false,false,literal-positional,,1,(SELECT
308,c-phrase-literal,true,false,7,5121001,literal-positional,7,62008,1336,false,false,literal-positional,,1,A procedure
82,a-common-literal,true,false,3,5107667,literal-positional,2,279225,5656,false,false,literal-positional,,1,boss_spoke
385,c-phrase-literal,true,false,138,5047957,literal-positional,16,769593,30335,false,false,literal-positional,,1,echo Error
392,c-phrase-literal,true,false,5,5006750,literal-positional,11,112933,3257,false,false,literal-positional,,1,global logger
460,d-metachar-literal,true,false,726,4988460,literal-positional,114,11334521,230405,false,false,literal-positional,,1,'{{
344,c-phrase-literal,true,false,2,4935750,literal-positional,2,100751,364,false,false,literal-positional,,1,PARTITION p_20201001
475,d-metachar-literal,true,false,4,4886248,literal-positional,24,10759210,61327,false,false,literal-positional,,1,10.0.70.0
420,c-phrase-literal,true,false,44,4803917,literal-positional,32,6254156,118995,false,false,literal-positional,,1,would need
443,d-metachar-literal,true,false,112,4746791,literal-positional,19,3931924,16060,false,false,literal-positional,,1,$value
284,b-rare-literal,true,false,1,4640000,literal-positional,3,4796,126,false,false,literal-positional,,1,max_concurrent_requests
28,a-common-literal,true,false,2,4608292,literal-positional,5,1009898,5,false,false,literal-positional,,1,IAAM0xB
14,a-common-literal,true,false,3,4487292,literal-positional,3,370086,3,false,false,literal-positional,,1,EAASxP
594,f-high-frequency,true,false,6000,4443418,literal-positional,16,3946347,52025,false,false,literal-positional,,1,FullBackups
438,d-metachar-literal,true,false,4,4405792,literal-positional,1,2336,60,false,false,literal-positional,,1,$SVCFile
596,f-high-frequency,true,false,41,4321332,literal-positional,39,8106456,498,false,false,literal-positional,,1,IAAf
15,a-common-literal,true,false,1,4310626,literal-positional,2,376173,2,false,false,literal-positional,,1,EAAmBtC
175,b-rare-literal,true,false,1,4304874,literal-positional,1,2167892,133394,false,false,literal-positional,,1,Bohlenflo
20,a-common-literal,true,false,4,4290668,literal-positional,4,750477,4,false,false,literal-positional,,1,GAAMrC
287,b-rare-literal,true,false,36,4290208,literal-positional,1,159302,7016,false,false,literal-positional,,1,nnosla
206,b-rare-literal,true,false,1,4253584,literal-positional,1,53753,1,false,false,literal-positional,,1,GAAgBjM
171,b-rare-literal,true,false,1,4231166,literal-positional,1,2167892,133394,false,false,literal-positional,,1,Bedingtheit
478,d-metachar-literal,true,false,3,4180251,literal-positional,4,9547215,234369,false,false,literal-positional,,1,395.121
503,d-metachar-literal,true,false,20,4166958,literal-positional,19,186978,5964,false,false,literal-positional,,1,ansible.posix.mount:
279,b-rare-literal,true,false,1,4077541,literal-positional,1,79347,2067,false,false,literal-positional,,1,jira_affected_user
26,a-common-literal,true,false,9,4047916,literal-positional,9,4222849,16,false,false,literal-positional,,1,IAAIjE
502,d-metachar-literal,true,false,83,4041958,literal-positional,38,278934,8636,false,false,literal-positional,,1,ansible.builtin.file:
27,a-common-literal,true,false,7,3957584,literal-positional,6,1070380,6,false,false,literal-positional,,1,IAAKE
185,b-rare-literal,true,false,1,3858917,literal-positional,1,105346,1,false,false,literal-positional,,1,EAAK64B
346,c-phrase-literal,true,false,2,3846041,literal-positional,8,5674902,90760,false,false,literal-positional,,1,PARTITION p_20201022
430,d-metachar-literal,true,false,545,3795250,literal-positional,187,487107,12766,false,false,literal-positional,,1,$(cat
277,b-rare-literal,true,false,4,3738750,literal-positional,1,2167892,133394,false,false,literal-positional,,1,hlungsergebnis
66,a-common-literal,true,false,2,3714667,literal-positional,2,2341114,120233,false,false,literal-positional,,1,abrenunciar
193,b-rare-literal,true,false,1,3674709,literal-positional,7,940078,7,false,false,literal-positional,,1,EAAkBjD
184,b-rare-literal,true,false,1,3656584,literal-positional,1,137960,1,false,false,literal-positional,,1,EAAEsc
442,d-metachar-literal,true,false,418,3637084,literal-positional,44,153136,4910,false,false,literal-positional,,1,$result.changed
241,b-rare-literal,true,false,1,3602666,literal-positional,1,6221,93,false,false,literal-positional,,1,UnitrendsVMBackup
386,c-phrase-literal,true,false,5,3581126,literal-positional,1,25042,697,false,false,literal-positional,,1,elif opts
216,b-rare-literal,true,false,1,3536624,literal-positional,1,105346,1,false,false,literal-positional,,1,KAAOyG
734,g-regex,false,false,1,3521165,regex-trigram,12,4438806,901,false,false,"lit-any(n=1,len=7-7)",1,1,\bQACjBnK\b
104,a-common-literal,true,false,13,3436916,literal-positional,4,209642,4704,false,false,literal-positional,,1,fl_count
366,c-phrase-literal,true,false,75,3392500,literal-positional,26,3441968,91586,false,false,literal-positional,,1,WHERE NOT
357,c-phrase-literal,true,false,2,3368209,literal-positional,1,12616,271,false,false,literal-positional,,1,SELECT mean
146,a-common-literal,true,false,12,3362584,literal-positional,3,1203044,22385,false,false,literal-positional,,1,subPixelFix
504,d-metachar-literal,true,false,6,3342750,literal-positional,3,41039,1180,false,false,literal-positional,,1,ansible_ssh_pass={{
426,d-metachar-literal,true,false,204,3334833,literal-positional,153,4439544,103609,false,false,literal-positional,,1,""".NET"
687,g-regex,false,false,1,3300041,regex-trigram,9,1412027,16,false,false,"lit-any(n=1,len=6-6)",1,1,"QACrEC[(){};,]"
40,a-common-literal,true,false,8,3234832,literal-positional,2,130144,1465,false,false,literal-positional,,1,NoSuchFileError
803,g-regex,false,false,0,3072708,regex-trigram,3,79653,1808,false,false,"lit-any(n=1,len=9-9)",4,1,divTIShow$
186,b-rare-literal,true,false,1,3061249,literal-positional,1,219918,1,false,false,literal-positional,,1,EAAMlc
741,g-regex,false,false,2,3046585,regex-trigram,3,2736874,878,false,false,"lit-any(n=1,len=5-5)",2,1,\beAsVX\b
71,a-common-literal,true,false,10,3033208,literal-positional,3,51825,1128,false,false,literal-positional,,1,admin_cc_rep
537,d-metachar-literal,true,false,42,2997875,literal-positional,10,115494,3266,false,false,literal-positional,,1,}}\\Virtual
383,c-phrase-literal,true,false,4,2963540,literal-positional,1,6578,126,false,false,literal-positional,,1,echo  DESTINATION
319,c-phrase-literal,true,false,94,2960166,literal-positional,32,3644911,96155,false,false,literal-positional,,1,DROP FUNCTION
229,b-rare-literal,true,false,2,2953417,literal-positional,2,447031,2,false,false,literal-positional,,1,QAAIiN
531,d-metachar-literal,true,false,38,2947625,literal-positional,8,76330,2009,false,false,literal-positional,,1,|Out-File
481,d-metachar-literal,true,false,1,2921166,literal-positional,1,13082,351,false,false,literal-positional,,1,>=a.min_id
592,f-high-frequency,true,false,30,2872459,literal-positional,29,4054420,29,false,false,literal-positional,,1,EAAYC
477,d-metachar-literal,true,false,14,2789332,literal-positional,11,68608,1871,false,false,literal-positional,,1,255.0.0.0
320,c-phrase-literal,true,false,125,2726125,literal-positional,27,3484762,92633,false,false,literal-positional,,1,DROP TEMPORARY
345,c-phrase-literal,true,false,2,2708208,literal-positional,2,100751,364,false,false,literal-positional,,1,PARTITION p_20201005
309,c-phrase-literal,true,false,32,2627833,literal-positional,31,1077047,27338,false,false,literal-positional,,1,A script
702,g-regex,false,false,0,2614041,regex-trigram,0,0,0,false,false,"lit-any(n=1,len=6-6)",0,1,YAAMiC[ \t]
691,g-regex,false,false,0,2605039,regex-trigram,0,0,0,false,false,"lit-any(n=1,len=7-7)",0,1,SAAyBpG[ \t]
989,i-unicode,true,false,1,2586499,literal-positional,1,8048,185,false,false,literal-positional,,1,cluster’s
996,i-unicode,true,false,442,2537208,literal-positional,117,3983968,104834,false,false,literal-positional,,1,→
339,c-phrase-literal,true,false,2,2532083,literal-positional,2,100751,364,false,false,literal-positional,,1,PARTITION p_20200730
372,c-phrase-literal,true,false,998,2510291,literal-positional,114,2749843,90275,false,false,literal-positional,,1,cfelseif u
515,d-metachar-literal,true,false,2,2503332,literal-positional,1,10461,320,false,false,literal-positional,,1,"match(""18"")"
432,d-metachar-literal,true,false,1280,2491915,literal-positional,7,97536,3305,false,false,literal-positional,,1,$0\n\
820,g-regex,false,false,0,2392667,regex-trigram,1,2228214,876,false,false,"all(lit-any(n=1,len=5-5),lit-any(n=1,len=6-6))",0,1,iBAGR.*IAUNrG
97,a-common-literal,true,false,8,2347043,literal-positional,2,849650,16957,false,false,literal-positional,,1,db2_num_rows
41,a-common-literal,true,false,3,2317582,literal-positional,3,370086,3,false,false,literal-positional,,1,OAASjR
153,a-common-literal,true,false,3,2288708,literal-positional,3,23189,203,false,false,literal-positional,,1,whoislog_readonly
275,b-rare-literal,true,false,20,2261457,literal-positional,12,7798973,75214,false,false,literal-positional,,1,h1K
207,b-rare-literal,true,false,1,2257501,literal-positional,1,137960,1,false,false,literal-positional,,1,GAAkBj6B
240,b-rare-literal,true,false,1,2247915,literal-positional,1,316181,1,false,false,literal-positional,,1,UAAWc
486,d-metachar-literal,true,false,213,2201083,literal-positional,44,4133309,108264,false,false,literal-positional,,1,CAST(
310,c-phrase-literal,true,false,1378,2169042,literal-positional,33,951049,15333,false,false,literal-positional,,1,ADD PARTITION
243,b-rare-literal,true,false,1,2116333,literal-positional,1,74930,326,false,false,literal-positional,,1,Veraguas_10
203,b-rare-literal,true,false,3,2085665,literal-positional,3,5082266,152495,false,false,literal-positional,,1,FNRm
205,b-rare-literal,true,false,1,2083667,literal-positional,6,1085033,6,false,false,literal-positional,,1,GAAI5sB
289,b-rare-literal,true,false,1,2070085,literal-positional,9,6060732,97825,false,false,literal-positional,,1,p_20180327
37,a-common-literal,true,false,3,2052416,literal-positional,3,370086,3,false,false,literal-positional,,1,MAAU2I
384,c-phrase-literal,true,false,64,1971834,literal-positional,10,64615,1896,false,false,literal-positional,,1,echo ERROR
476,d-metachar-literal,true,false,980,1946835,literal-positional,102,2720162,39416,false,false,literal-positional,,1,10.0.80.13
318,c-phrase-literal,true,false,87,1912416,literal-positional,25,3646250,96920,false,false,literal-positional,,1,DEALLOCATE PREPARE
367,c-phrase-literal,true,false,289,1910999,literal-positional,49,679432,15737,false,false,literal-positional,,1,WHERE table_schema
132,a-common-literal,true,false,8,1840916,literal-positional,5,203414,4033,false,false,literal-positional,,1,poly_in
349,c-phrase-literal,true,false,2,1815877,literal-positional,2,100751,364,false,false,literal-positional,,1,PARTITION p_20201231
382,c-phrase-literal,true,false,10,1784458,literal-positional,1,25042,697,false,false,literal-positional,,1,def start_backup
331,c-phrase-literal,true,false,2,1711374,literal-positional,2,15415,346,false,false,literal-positional,,1,Get GTID
988,i-unicode,true,false,21,1690790,literal-positional,4,2542630,116375,false,false,literal-positional,,1,café
348,c-phrase-literal,true,false,2,1687042,literal-positional,2,100751,364,false,false,literal-positional,,1,PARTITION p_20201230
369,c-phrase-literal,true,false,2,1663416,literal-positional,71,457622,12447,false,false,literal-positional,,1,basic Steps
294,b-rare-literal,true,false,4,1651875,literal-positional,2,283401,5454,false,false,literal-positional,,1,sideboxBeige_b
50,a-common-literal,true,false,5,1647585,literal-positional,16,456082,17111,false,false,literal-positional,,1,TclPrdAkTest2
181,b-rare-literal,true,false,1,1646958,literal-positional,1,74930,326,false,false,literal-positional,,1,Coahuila_07
700,g-regex,false,false,0,1640416,regex-trigram,27,6087959,909,false,false,"lit-any(n=1,len=6-6)",3,1,WACtBC$
444,d-metachar-literal,true,false,34,1585502,literal-positional,6,54678,1824,false,false,literal-positional,,1,$vmMemoryMax
469,d-metachar-literal,true,false,1874,1584376,literal-positional,177,484229,9188,false,false,literal-positional,,1,.ForMember(d
337,c-phrase-literal,true,false,2,1563250,literal-positional,4,120958,717,false,false,literal-positional,,1,PARTITION p_20200525
732,g-regex,false,false,1,1543707,regex-trigram,1,53959,1,false,false,"lit-any(n=1,len=6-6)",1,1,\bOACLhF\b
342,c-phrase-literal,true,false,2,1496376,literal-positional,2,100751,364,false,false,literal-positional,,1,PARTITION p_20200823
280,b-rare-literal,true,false,1,1464500,literal-positional,1,117008,149,false,false,literal-positional,,1,kGxCvP03g8M1Mw0rkmuPe
242,b-rare-literal,true,false,1,1463874,literal-positional,1,241519,4753,false,false,literal-positional,,1,Variations_
375,c-phrase-literal,true,false,107,1430418,literal-positional,14,427589,10445,false,false,literal-positional,,1,def __init__
729,g-regex,false,false,1,1413209,regex-trigram,3,2571886,878,false,false,"lit-any(n=1,len=7-7)",1,1,\bKAGxDsF\b
458,d-metachar-literal,true,false,63,1399626,literal-positional,16,2158836,64802,false,false,literal-positional,,1,'\n';
228,b-rare-literal,true,false,1,1397124,literal-positional,3,571311,3,false,false,literal-positional,,1,QAAE0rB
168,b-rare-literal,true,false,1,1378457,literal-positional,1,219918,1,false,false,literal-positional,,1,BAACjF
98,a-common-literal,true,false,8,1364459,literal-positional,2,849650,16957,false,false,literal-positional,,1,dbplus_sql
376,c-phrase-literal,true,false,5,1338375,literal-positional,1,25042,697,false,false,literal-positional,,1,def backup_using_wdt
58,a-common-literal,true,false,5,1319042,literal-positional,5,3017083,85410,false,false,literal-positional,,1,YtOq
83,a-common-literal,true,false,8,1315459,literal-positional,1,23162,256,false,false,literal-positional,,1,bwperim
327,c-phrase-literal,true,false,20,1297416,literal-positional,19,443924,10010,false,false,literal-positional,,1,FROM day_num
36,a-common-literal,true,false,3,1236543,literal-positional,3,421548,3,false,false,literal-positional,,1,MAAMlI
661,g-regex,false,false,3,1235001,regex-trigram,5,1399344,5,false,false,"lit-any(n=1,len=5-5)",3,1,"ECjCc[(){};,]"
223,b-rare-literal,true,false,1,1227498,literal-positional,1,109089,1,false,false,literal-positional,,1,MAAlCkE
105,a-common-literal,true,false,9,1176250,literal-positional,3,2161274,49537,false,false,literal-positional,,1,fpcrj9c3d
76,a-common-literal,true,false,57,1150459,literal-positional,19,2948747,36310,false,false,literal-positional,,1,avg_us
221,b-rare-literal,true,false,2,1140375,literal-positional,2,17111,464,false,false,literal-positional,,1,LaunchConfig
163,b-rare-literal,true,false,1,1114917,literal-positional,1,74930,326,false,false,literal-positional,,1,Ana_M3
356,c-phrase-literal,true,false,36,1099375,literal-positional,16,2243972,50024,false,false,literal-positional,,1,SELECT g
535,d-metachar-literal,true,false,216,1092835,literal-positional,74,1365892,31081,false,false,literal-positional,,1,"}}"","
62,a-common-literal,true,false,2,1091707,literal-positional,1,5973,151,false,false,literal-positional,,1,_memCacheKey
60,a-common-literal,true,false,10,1090040,literal-positional,7,2732088,48463,false,false,literal-positional,,1,_goodBad
351,c-phrase-literal,true,false,2,1085584,literal-positional,2,100751,364,false,false,literal-positional,,1,PARTITION p_20210205
307,b-rare-literal,true,false,2,1081167,literal-positional,2,403716,7411,false,false,literal-positional,,1,zonefile_search2
698,g-regex,false,false,2,1038124,regex-trigram,8,2397206,245,false,false,"all(lit-any(n=1,len=1-1),lit-any(n=1,len=4-4))",2,1,W.BzBW
273,b-rare-literal,true,false,2,1036167,literal-positional,2,461912,7842,false,false,literal-positional,,1,govalue_avg
322,c-phrase-literal,true,false,34,1005709,literal-positional,6,54678,1824,false,false,literal-positional,,1,Dynamic mem
338,c-phrase-literal,true,false,2,986666,literal-positional,4,120958,717,false,false,literal-positional,,1,PARTITION p_20200610
340,c-phrase-literal,true,false,2,956666,literal-positional,2,100751,364,false,false,literal-positional,,1,PARTITION p_20200804
990,i-unicode,true,false,5,954042,literal-positional,3,1069114,72411,false,false,literal-positional,,1,naïve
764,g-regex,false,false,0,947043,regex-trigram,7,2723910,195,false,false,"lit-any(n=1,len=5-5)",2,1,^[\t ]*IAuBK
246,b-rare-literal,true,false,1,943251,literal-positional,1,59391,1,false,false,literal-positional,,1,YAAsBgF
292,b-rare-literal,true,false,3,923000,literal-positional,3,1156584,33509,false,false,literal-positional,,1,s3sxcCLjJfsBi
129,a-common-literal,true,false,4,892042,literal-positional,4,1770527,51246,false,false,literal-positional,,1,oOCtoJ3F17kglZC
347,c-phrase-literal,true,false,2,879084,literal-positional,2,100751,364,false,false,literal-positional,,1,PARTITION p_20201228
341,c-phrase-literal,true,false,2,862083,literal-positional,2,100751,364,false,false,literal-positional,,1,PARTITION p_20200812
226,b-rare-literal,true,false,1,856875,literal-positional,1,192479,1,false,false,literal-positional,,1,OAAO5f
44,a-common-literal,true,false,3,799625,literal-positional,3,985006,28714,false,false,literal-positional,,1,QIZrnhueC1W0gYlDEeaPr
343,c-phrase-literal,true,false,2,773665,literal-positional,2,100751,364,false,false,literal-positional,,1,PARTITION p_20200927
388,c-phrase-literal,true,false,8,770792,literal-positional,8,182942,541,false,false,literal-positional,,1,flush logs
487,d-metachar-literal,true,false,80,746667,literal-positional,19,443924,10010,false,false,literal-positional,,1,"DATE),"
303,b-rare-literal,true,false,7,693876,literal-positional,5,2311015,6377,false,false,literal-positional,,1,v307
311,c-phrase-literal,true,false,22,640748,literal-positional,20,448386,10110,false,false,literal-positional,,1,AND DATE_ADD
4,a-common-literal,true,false,8,639834,literal-positional,2,5030,193,false,false,literal-positional,,1,B83426
219,b-rare-literal,true,false,5,634375,literal-positional,2,1001260,3883,false,false,literal-positional,,1,L383
488,d-metachar-literal,true,false,80,627333,literal-positional,19,443924,10010,false,false,literal-positional,,1,DATE_ADD(CAST(
52,a-common-literal,true,false,6,593375,literal-positional,4,162843,8632,false,false,literal-positional,,1,TclPrdWebNb11
445,d-metachar-literal,true,false,85,587958,literal-positional,6,54678,1824,false,false,literal-positional,,1,$vmMinMem
214,b-rare-literal,true,false,1,574999,literal-positional,1,74930,326,false,false,literal-positional,,1,Humacao_069
479,d-metachar-literal,true,false,4,552502,literal-positional,1,57957,1106,false,false,literal-positional,,1,4.414.943
290,b-rare-literal,true,false,1,547459,literal-positional,3,127900,884,false,false,literal-positional,,1,p_20180811
510,d-metachar-literal,true,false,69,540375,literal-positional,42,2713962,19455,false,false,literal-positional,,1,g.*
329,c-phrase-literal,true,false,16,517916,literal-positional,16,429614,9751,false,false,literal-positional,,1,FROM month_no
51,a-common-literal,true,false,8,511583,literal-positional,8,121859,3990,false,false,literal-positional,,1,TclPrdDbNb7
16,a-common-literal,true,false,3,500999,literal-positional,3,370086,3,false,false,literal-positional,,1,EACJ8lB
600,f-high-frequency,true,false,40,499709,literal-positional,2,468795,13966,false,false,literal-positional,,1,T_IS_IDENTICAL
530,d-metachar-literal,true,false,52,494835,literal-positional,13,2002245,2430,false,false,literal-positional,,1,{role:
677,g-regex,false,false,0,493833,regex-trigram,0,0,0,false,false,"lit-any(n=1,len=5-5)",0,1,IAEvC[ \t]
494,d-metachar-literal,true,false,1,478585,literal-positional,1,6578,126,false,false,literal-positional,,1,"Uncompress(lz4),"
64,a-common-literal,true,false,16,467123,literal-positional,15,2185561,22,false,false,literal-positional,,1,aAAcD
688,g-regex,false,false,0,451459,regex-trigram,0,0,0,false,false,"lit-any(n=1,len=5-5)",0,1,QADgC[ \t]
474,d-metachar-literal,true,false,5,426875,literal-positional,2,3108,98,false,false,literal-positional,,1,/tmp/trigger_alert.sh
434,d-metachar-literal,true,false,6,426418,literal-positional,1,3340,118,false,false,literal-positional,,1,$OutputVmDisk
324,c-phrase-literal,true,false,71,418083,literal-positional,19,443924,10010,false,false,literal-positional,,1,EXECUTE sql_statement1
276,b-rare-literal,true,false,1,405498,literal-positional,1,75025,1824,false,false,literal-positional,,1,hfMainPaymentInfoId
195,b-rare-literal,true,false,1,401209,literal-positional,1,316181,1,false,false,literal-positional,,1,EACpB4M
194,b-rare-literal,true,false,1,399958,literal-positional,1,113318,1,false,false,literal-positional,,1,EACH1C
456,d-metachar-literal,true,false,21,392874,literal-positional,17,626964,14808,false,false,literal-positional,,1,'%Y')
536,d-metachar-literal,true,false,9,366584,literal-positional,9,23793,748,false,false,literal-positional,,1,"}}/files/s3cfg.txt"""
179,b-rare-literal,true,false,2,365583,literal-positional,2,437846,4832,false,false,literal-positional,,1,Cabrayil
703,g-regex,false,false,0,363166,regex-trigram,0,0,0,false,false,"lit-any(n=1,len=3-3)",0,1,"YPS[(){};,]"
424,d-metachar-literal,true,false,3,361918,literal-positional,9,37243,1051,false,false,literal-positional,,1,"""${hostname}"
457,d-metachar-literal,true,false,30,355665,literal-positional,19,298600,6022,false,false,literal-positional,,1,'127.0.0.1'
24,a-common-literal,true,false,13,319625,literal-positional,1,853573,3392,false,false,literal-positional,,1,H96C42
448,d-metachar-literal,true,false,64,318709,literal-positional,23,109314,3054,false,false,literal-positional,,1,${KeyFile}
514,d-metachar-literal,true,false,3,316333,literal-positional,3,16164,516,false,false,literal-positional,,1,ip_addr)
268,b-rare-literal,true,false,1,302833,literal-positional,1,316181,1,false,false,literal-positional,,1,eAAe3U
482,d-metachar-literal,true,false,35,298249,literal-positional,19,443924,10010,false,false,literal-positional,,1,@v_base_sql=CONCAT(
427,d-metachar-literal,true,false,1,297666,literal-positional,1,27055,540,false,false,literal-positional,,1,"""</host:addr>""))}"
473,d-metachar-literal,true,false,18,282250,literal-positional,9,23793,748,false,false,literal-positional,,1,/root/.s3cfg
0,a-common-literal,true,false,5,267666,literal-positional,1,100397,2837,false,false,literal-positional,,1,AWS1
165,b-rare-literal,true,false,1,265125,literal-positional,1,5425,215,false,false,literal-positional,,1,ArabicUAE
177,b-rare-literal,true,false,1,262501,literal-positional,1,316181,1,false,false,literal-positional,,1,CAC3C3oB
218,b-rare-literal,true,false,1,261418,literal-positional,1,74930,326,false,false,literal-positional,,1,Kong_08
449,d-metachar-literal,true,false,24,256667,literal-positional,1,12616,271,false,false,literal-positional,,1,${OutFile}.txt
208,b-rare-literal,true,false,1,255749,literal-positional,3,374913,3,false,false,literal-positional,,1,GACtB2M
296,b-rare-literal,true,false,1,250709,literal-positional,1,103868,762,false,false,literal-positional,,1,tclstgwebdc3
128,a-common-literal,true,false,4,247584,literal-positional,4,1692294,4,false,false,literal-positional,,1,oBAAuC
108,a-common-literal,true,false,4,242500,literal-positional,4,21420,618,false,false,literal-positional,,1,godaddy_picksheet2_
447,d-metachar-literal,true,false,47,235209,literal-positional,5,49354,1353,false,false,literal-positional,,1,${ExportFile}
283,b-rare-literal,true,false,1,235209,literal-positional,1,395655,10987,false,false,literal-positional,,1,lkFFpdVDw
423,d-metachar-literal,true,false,33,235001,literal-positional,9,62573,1881,false,false,literal-positional,,1,"""${SSH_Opts[@]}"""
450,d-metachar-literal,true,false,2,229999,literal-positional,1,10832,306,false,false,literal-positional,,1,"${PartitionDays},60,"
305,b-rare-literal,true,false,14,219374,literal-positional,10,1067227,4497,false,false,literal-positional,,1,zM78
39,a-common-literal,true,false,2,216332,literal-positional,2,264740,2,false,false,literal-positional,,1,MAIlEgX
286,b-rare-literal,true,false,1,209542,literal-positional,1,242492,7216,false,false,literal-positional,,1,nJIWqRsvU3yP8Mcg
38,a-common-literal,true,false,3,208792,literal-positional,3,421548,3,false,false,literal-positional,,1,MAEEuF
411,c-phrase-literal,true,false,18,206750,literal-positional,16,13186,502,false,false,literal-positional,,1,sudo mv
119,a-common-literal,true,false,8,197958,literal-positional,3,39816,741,false,false,literal-positional,,1,la_pd
485,d-metachar-literal,true,false,2,197582,literal-positional,1,10185,306,false,false,literal-positional,,1,C:\\temp\\setip.ps1
29,a-common-literal,true,false,2,191375,literal-positional,2,178860,2,false,false,literal-positional,,1,KACbkB
431,d-metachar-literal,true,false,14,182249,literal-positional,7,40931,988,false,false,literal-positional,,1,$(date):
301,b-rare-literal,true,false,1,177543,literal-positional,1,150535,970,false,false,literal-positional,,1,v0v1v0v0v30v0c0
237,b-rare-literal,true,false,1,177374,literal-positional,1,2228214,876,false,false,literal-positional,,1,SD_PULL_REQUEST
157,b-rare-literal,true,false,5,173709,literal-positional,4,1914124,701,false,false,literal-positional,,1,A9B8
421,d-metachar-literal,true,false,1,170500,literal-positional,1,3632,94,false,false,literal-positional,,1,"""$TableInfo"""
483,d-metachar-literal,true,false,1,169166,literal-positional,1,100397,2837,false,false,literal-positional,,1,AWS_54.236.126.168;
422,d-metachar-literal,true,false,18,166585,literal-positional,3,20916,671,false,false,literal-positional,,1,"""${DataDir}"
270,b-rare-literal,true,false,1,158165,literal-positional,1,219918,1,false,false,literal-positional,,1,gCA2KyC
183,b-rare-literal,true,false,2,157333,literal-positional,2,1048497,2,false,false,literal-positional,,1,E4BnBf
995,i-unicode,true,false,4,156167,literal-positional,4,170702,3778,false,false,literal-positional,,1,“SYNC
160,b-rare-literal,true,false,2,153583,literal-positional,2,1048497,2,false,false,literal-positional,,1,Ad8lLrC
451,d-metachar-literal,true,false,21,151208,literal-positional,6,62436,1704,false,false,literal-positional,,1,${PartitionList})
202,b-rare-literal,true,false,2,150499,literal-positional,2,1048497,2,false,false,literal-positional,,1,EjE42OzE
57,a-common-literal,true,false,2,145542,literal-positional,2,264740,2,false,false,literal-positional,,1,UACpBmD
302,b-rare-literal,true,false,1,143415,literal-positional,1,150535,970,false,false,literal-positional,,1,v0v97c0
455,d-metachar-literal,true,false,8,142959,literal-positional,2,237814,5910,false,false,literal-positional,,1,"'""[^""]*""'"
335,c-phrase-literal,true,false,6,142374,literal-positional,5,210812,1820,false,false,literal-positional,,1,MSCK REPAIR
231,b-rare-literal,true,false,1,141332,literal-positional,1,140064,1,false,false,literal-positional,,1,QACMiI
217,b-rare-literal,true,false,1,136583,literal-positional,1,219918,1,false,false,literal-positional,,1,KAG9BC
454,d-metachar-literal,true,false,2,134666,literal-positional,2,13311,442,false,false,literal-positional,,1,"${UseMem}"""
245,b-rare-literal,true,false,1,133916,literal-positional,1,74930,326,false,false,literal-positional,,1,Xocali_64
169,b-rare-literal,true,false,2,130918,literal-positional,2,628130,2,false,false,literal-positional,,1,BAClBH
232,b-rare-literal,true,false,1,128126,literal-positional,1,219918,1,false,false,literal-positional,,1,QACR1I
17,a-common-literal,true,false,2,127209,literal-positional,2,1048497,2,false,false,literal-positional,,1,EjEujRzE
106,a-common-literal,true,false,8,125667,literal-positional,1,11666,185,false,false,literal-positional,,1,fprem1
42,a-common-literal,true,false,3,124500,literal-positional,3,370086,3,false,false,literal-positional,,1,OAENxoB
212,b-rare-literal,true,false,1,123752,literal-positional,1,74930,326,false,false,literal-positional,,1,Haouz_47
156,b-rare-literal,true,false,2,123209,literal-positional,2,1048497,2,false,false,literal-positional,,1,A8BrsGA
285,b-rare-literal,true,false,0,120916,literal-positional,0,0,0,false,false,literal-positional,,1,moedexRareNeedle42
196,b-rare-literal,true,false,1,120499,literal-positional,1,137960,1,false,false,literal-positional,,1,EAGpCc
230,b-rare-literal,true,false,1,114373,literal-positional,1,192479,1,false,false,literal-positional,,1,QAC9BvW
498,d-metachar-literal,true,false,4,113750,literal-positional,2,3982,127,false,false,literal-positional,,1,"]*$"""
304,b-rare-literal,true,false,5,112126,literal-positional,5,15751,353,false,false,literal-positional,,1,v7a_916f
247,b-rare-literal,true,false,0,111793,literal-positional,0,0,0,false,false,literal-positional,,1,ZZUNIQUEDUPTOKEN
461,d-metachar-literal,true,false,5,111583,literal-positional,4,16142,349,false,false,literal-positional,,1,($IsVmRunningTmp
997,i-unicode,true,false,7,106876,literal-positional,2,137061,3349,false,false,literal-positional,,1,☃
30,a-common-literal,true,false,2,105834,literal-positional,2,136411,2,false,false,literal-positional,,1,KAE9B5C
233,b-rare-literal,true,false,1,103291,literal-positional,1,219918,1,false,false,literal-positional,,1,QAENrd
198,b-rare-literal,true,false,2,103251,literal-positional,2,1048497,2,false,false,literal-positional,,1,EgCzjHG
209,b-rare-literal,true,false,1,101041,literal-positional,1,110315,1,false,false,literal-positional,,1,GAGRl8B
176,b-rare-literal,true,false,1,100416,literal-positional,1,14758,1,false,false,literal-positional,,1,CA8DGzC
298,b-rare-literal,true,false,1,98834,literal-positional,1,219918,1,false,false,literal-positional,,1,uEAGPV
462,d-metachar-literal,true,false,1,93540,literal-positional,1,9443,168,false,false,literal-positional,,1,($app)
173,b-rare-literal,true,false,2,92459,literal-positional,2,1048497,2,false,false,literal-positional,,1,BjC2G4D
201,b-rare-literal,true,false,2,91003,literal-positional,2,1048497,2,false,false,literal-positional,,1,EjE0vRzE
199,b-rare-literal,true,false,2,90041,literal-positional,2,1048497,2,false,false,literal-positional,,1,EiE5oSM
440,d-metachar-literal,true,false,1,87793,literal-positional,1,3285,93,false,false,literal-positional,,1,$TmpDir/Apps.tar;
200,b-rare-literal,true,false,2,87500,literal-positional,2,1048497,2,false,false,literal-positional,,1,EiE7hPM
999,i-unicode,true,false,2,86458,literal-positional,2,85402,1888,false,false,literal-positional,,1,
467,d-metachar-literal,true,false,1,82833,literal-positional,1,12616,271,false,false,literal-positional,,1,--host=${db_master}<<EOQ
433,d-metachar-literal,true,false,1,80709,literal-positional,1,11740,328,false,false,literal-positional,,1,$ArchiveData2Db
65,a-common-literal,true,false,3,79374,literal-positional,3,370086,3,false,false,literal-positional,,1,aACnC5H
220,b-rare-literal,true,false,1,78251,literal-positional,1,15172,90,false,false,literal-positional,,1,LYjwsIyHBI
452,d-metachar-literal,true,false,3,73957,literal-positional,1,13082,351,false,false,literal-positional,,1,${PartitionList}|
274,b-rare-literal,true,false,1,73167,literal-positional,1,1279,1,false,false,literal-positional,,1,h0a2
204,b-rare-literal,true,false,1,59001,literal-positional,1,117008,149,false,false,literal-positional,,1,FwDg5ohU6Utp6wtpawNj7wq
197,b-rare-literal,true,false,2,57709,literal-positional,2,265344,2,false,false,literal-positional,,1,EAH7B
998,i-unicode,true,false,0,38042,literal-positional,0,0,0,false,false,literal-positional,,1,你好
