query_id,bucket,literal,ignorecase,nmoe,nanos,candidate_kind,candidate_blobs,candidate_bytes,candidate_lines,all_candidates,query_all,line_filter_kind,lines_entering_re2,verify_workers,pattern
986,i-unicode,false,false,250,12691576626,regex-all,49800,789265738,26337370,true,true,none,26337370,10,\p{Greek}
899,h-case-insensitive,true,true,2640,10136827417,regex-all,49800,789265738,26337370,true,true,"lit-any(n=2,len=1-1)",19564090,10,MSK
704,g-regex,false,false,2864280,9350878165,regex-trigram,21271,736777639,24841591,false,false,none,24841591,10,[0-9][0-9][0-9][0-9]
905,h-case-insensitive,false,true,5386,7495804208,regex-all,49800,789265738,26337370,true,true,"or(lit-any(n=8,len=3-3),lit-any(n=4,len=2-2))",1786195,10,QAM|hess
978,h-case-insensitive,true,true,3,4225246332,regex-all,49800,789265738,26337370,true,true,"lit-any(n=4,len=2-2)",2534365,10,useSETSID
971,h-case-insensitive,true,true,45,3847197834,regex-all,49800,789265738,26337370,true,true,"lit-any(n=4,len=2-2)",917767,10,skims
921,h-case-insensitive,false,true,4470,3733173208,regex-trigram,9767,211855303,3759793,false,false,,553830,10,admittable|shark
576,e-sub-trigram,true,false,3709206,3687276708,literal-subtrigram,49800,789265738,26337370,true,false,literal-subtrigram,,10,es
574,e-sub-trigram,true,false,2989586,3327387210,literal-subtrigram,49800,789265738,26337370,true,false,literal-subtrigram,,10,al
584,e-sub-trigram,true,false,3276870,2967313000,literal-subtrigram,49800,789265738,26337370,true,false,literal-subtrigram,,10,st
544,e-sub-trigram,true,false,3196348,2772197750,literal-subtrigram,49800,789265738,26337370,true,false,literal-subtrigram,,1,","
583,e-sub-trigram,true,false,2432979,2670426250,literal-subtrigram,49800,789265738,26337370,true,false,literal-subtrigram,,10,se
549,e-sub-trigram,true,false,2736587,2596315667,literal-subtrigram,49800,789265738,26337370,true,false,literal-subtrigram,,10,;
572,e-sub-trigram,true,false,1775460,2448875831,literal-subtrigram,49800,789265738,26337370,true,false,literal-subtrigram,,10,ac
684,g-regex,false,false,50264,2367946165,regex-trigram,4466,589541491,21724574,false,false,"or(lit-any(n=1,len=6-6),lit-any(n=1,len=3-3),lit-any(n=1,len=7-7))",46876,10,OAEtBW|ems|negated
712,g-regex,false,false,87,2264503749,regex-trigram,9242,602747154,22278228,false,false,"or(lit-any(n=1,len=4-4),lit-any(n=1,len=5-5))",78830,10,\b(Snow|ivate)\b
964,h-case-insensitive,false,true,689,2254912668,regex-trigram,2863,40553266,68381,false,false,positional,7930,10,refreshtoken|strumae
575,e-sub-trigram,true,false,1288061,2060208042,literal-subtrigram,49800,789265738,26337370,true,false,literal-subtrigram,,1,ca
683,g-regex,false,false,11342,2050775041,regex-trigram,404,510509637,19960487,false,false,"or(lit-any(n=1,len=5-5),lit-any(n=1,len=7-7),lit-any(n=1,len=4-4))",10557,10,OAAiB|gaselos|camp
797,g-regex,false,false,2032,2035657042,regex-trigram,3600,599630674,21941899,false,false,"or(lit-any(n=1,len=7-7),lit-any(n=1,len=4-4),lit-any(n=1,len=7-7))",1678,10,cALxCnB|latu|EAAKukB
673,g-regex,false,false,147,1971443790,regex-trigram,277,478809524,19563571,false,false,"or(lit-any(n=1,len=5-5),lit-any(n=1,len=9-9),lit-any(n=1,len=10-10))",137,10,IAAIY|simulator|Bedingungs
573,e-sub-trigram,true,false,1180028,1960596333,literal-subtrigram,49800,789265738,26337370,true,false,literal-subtrigram,,10,ad
900,h-case-insensitive,false,true,124,1932707084,regex-trigram,3437,40973837,86110,false,false,positional,48333,1,MemberInfo|IAAOzG
917,h-case-insensitive,false,true,11,1929102916,regex-trigram,427,32053364,24976,false,false,positional,388,10,accdc|scurvier
681,g-regex,false,false,832,1903772791,regex-trigram,396,507874805,19932342,false,false,"or(lit-any(n=1,len=6-6),lit-any(n=1,len=7-7),lit-any(n=1,len=5-5))",826,10,MAAQoL|acomode|sideA
885,h-case-insensitive,false,true,5,1883711334,regex-trigram,530,34758402,3751,false,false,positional,102,10,EjEkuOzE|KACjBka
985,i-unicode,false,false,201,1877738541,regex-all,49800,789265738,26337370,true,true,rune-class(n=25),111,10,[α-ω]+
871,h-case-insensitive,false,true,14,1860558583,regex-trigram,13987,72713070,260562,false,false,positional,252719,10,Abklatsch|CAACoC
979,h-case-insensitive,false,true,29,1857924376,regex-trigram,8026,49876082,180188,false,false,positional,22627,10,whichDoms|getRepeat
980,h-case-insensitive,false,true,11,1850766541,regex-trigram,7099,45327157,97179,false,false,positional,16131,10,whichDoms|zeroResults
580,e-sub-trigram,true,false,1330399,1843190084,literal-subtrigram,49800,789265738,26337370,true,false,literal-subtrigram,,10,na
843,g-regex,false,false,98973,1825278918,regex-trigram,6914,651213580,23138720,false,false,"or(lit-any(n=1,len=4-4),lit-any(n=1,len=4-4),lit-any(n=1,len=6-6))",81554,10,para|Adan|Landes
949,h-case-insensitive,false,true,84,1813508956,regex-trigram,2352,38445244,77245,false,false,positional,1528,10,hmmss|anamorphic
801,g-regex,false,false,1748,1803949167,regex-trigram,872,546739105,20822590,false,false,"or(lit-any(n=1,len=10-10),lit-any(n=1,len=10-10),lit-any(n=1,len=4-4))",1685,10,consulting|adquirente|doto
963,h-case-insensitive,false,true,8,1802521290,regex-trigram,5371,44274522,121202,false,false,positional,664,10,pushMainArea|Blinkdarm
819,g-regex,false,false,441140,1723273998,regex-all,49800,789265738,26337370,true,true,"all(lit-any(n=1,len=1-1),lit-any(n=1,len=2-2))",2474686,10,i.es
641,g-regex,false,false,133,1697638752,regex-trigram,1632,583952454,21441644,false,false,"or(lit-any(n=1,len=7-7),lit-any(n=1,len=10-10),lit-any(n=1,len=5-5))",84,1,Ataturk|Diaphragma|isind
984,i-unicode,false,false,74396,1646446875,regex-all,49800,789265738,26337370,true,true,rune-class(n=20),53629,10,[é-ü]
670,g-regex,false,false,397,1642098083,regex-trigram,1264,533654227,20574315,false,false,"or(lit-any(n=1,len=6-6),lit-any(n=1,len=6-6),lit-any(n=1,len=4-4))",307,10,GAAYxO|rodent|cAMf
866,g-regex,false,false,86,1619433833,regex-trigram,326,490363525,19809826,false,false,"or(lit-any(n=1,len=12-12),lit-any(n=1,len=10-10),lit-any(n=1,len=9-9))",66,10,writingrules|spiritless|outsenses
686,g-regex,false,false,35,1585411958,regex-trigram,214,446135384,19072461,false,false,"or(lit-any(n=1,len=4-4),lit-any(n=1,len=10-10),lit-any(n=1,len=6-6))",30,10,QAAJ|sluggishly|agotan
642,g-regex,false,false,19947,1581156335,regex-trigram,409,505029691,20048643,false,false,"or(lit-any(n=1,len=6-6),lit-any(n=1,len=6-6),lit-any(n=1,len=4-4))",19785,1,Becker|turkey|babe
640,g-regex,false,false,957,1577308540,regex-trigram,1425,551378676,21140376,false,false,"or(lit-any(n=1,len=4-4),lit-any(n=1,len=7-7),lit-any(n=1,len=4-4))",877,10,Asyl|palette|texi
825,g-regex,false,false,350,1512777041,regex-trigram,429,471878373,19489174,false,false,"or(lit-any(n=1,len=5-5),lit-any(n=1,len=11-11),lit-any(n=1,len=5-5))",346,10,jails|carcinomata|herLe
869,g-regex,false,false,231,1510651749,regex-trigram,96,437858551,18865897,false,false,"or(lit-any(n=1,len=6-6),lit-any(n=1,len=9-9),lit-any(n=1,len=10-10))",218,10,ziehen|ranunculi|spiritedly
946,h-case-insensitive,false,true,8,1505592916,regex-trigram,4281,48130548,88590,false,false,positional,35277,10,handlerKey|aforarse
823,g-regex,false,false,16,1498911584,regex-trigram,103,432328337,18549785,false,false,"or(lit-any(n=1,len=11-11),lit-any(n=1,len=5-5),lit-any(n=1,len=6-6))",13,1,invidiously|GAsBF|Ansgar
872,h-case-insensitive,false,true,29,1443915501,regex-trigram,489,27553781,35974,false,false,positional,443,10,Abstauber|construit
850,g-regex,false,false,235,1443765166,regex-trigram,558,516076909,20398797,false,false,"or(lit-any(n=1,len=6-6),lit-any(n=1,len=8-8),lit-any(n=1,len=9-9))",191,10,rsqrps|corniest|Delimiter
882,h-case-insensitive,false,true,7,1442876583,regex-trigram,323,30046604,3287,false,false,positional,65,10,EACRhG|UAHyB
890,h-case-insensitive,false,true,101,1430289959,regex-trigram,435,34605888,2191,false,false,positional,198,10,GACrByK|bfunston
812,g-regex,false,false,77,1427830540,regex-trigram,366,435456222,17717230,false,false,"or(lit-any(n=1,len=10-10),lit-any(n=1,len=4-4),lit-any(n=1,len=6-6))",75,10,expandRefs|RIDL|Chanel
970,h-case-insensitive,true,true,40,1390830416,regex-trigram,1941,41961229,52362,false,false,positional,1543,10,setTabSize
578,e-sub-trigram,true,false,16542,1385733292,literal-subtrigram,49800,789265738,26337370,true,false,literal-subtrigram,,1,iw
925,h-case-insensitive,true,true,3224,1358477876,regex-trigram,5758,44690525,172253,false,false,positional,8287,10,atelier
907,h-case-insensitive,false,true,21,1356864874,regex-trigram,11051,44812107,237972,false,false,positional,4346,10,Razavi|itemAnswer
937,h-case-insensitive,true,true,8,1349079500,regex-trigram,11920,60464390,275709,false,false,positional,107829,10,event_buffer_fd_set
796,g-regex,false,false,207,1335430501,regex-trigram,9778,698103256,23997501,false,false,"all(lit-any(n=1,len=1-1),lit-any(n=1,len=5-5))",8857,10,c.eater
901,h-case-insensitive,true,true,411861,1334424583,regex-trigram,10656,184714085,3347028,false,false,,385345,10,NULL
943,h-case-insensitive,false,true,946,1309836709,regex-trigram,414,32534465,34133,false,false,positional,33594,10,guese|hzeit
809,g-regex,false,false,768,1302187667,regex-trigram,10122,653451242,23280850,false,false,"lit-any(n=1,len=4-4)",66105,10,eric$
833,g-regex,false,false,9,1293425541,regex-trigram,852,465512577,18541579,false,false,"or(lit-any(n=1,len=6-6),lit-any(n=1,len=9-9),lit-any(n=1,len=8-8))",9,10,mBACLC|Appending|ctsToken
548,e-sub-trigram,true,false,770017,1292160335,literal-subtrigram,49800,789265738,26337370,true,false,literal-subtrigram,,10,::
740,g-regex,false,false,8,1290243917,regex-trigram,1486,530559345,20292419,false,false,"lit-any(n=1,len=5-5)",9478,10,\bcifie\b
930,h-case-insensitive,false,true,1197,1280115624,regex-trigram,2285,40558997,32667,false,false,positional,8279,10,becoming|Mwaro
886,h-case-insensitive,true,true,2,1277653915,regex-trigram,6074,43385934,122928,false,false,positional,1526,10,Estrelleta
653,g-regex,false,false,568,1270232749,regex-trigram,2535,426811091,18055959,false,false,"or(lit-any(n=1,len=6-6),lit-any(n=1,len=6-6),lit-any(n=1,len=5-5))",507,1,EAAGzZ|Analen|TIMES
716,g-regex,false,false,13,1268503292,regex-trigram,115,434016844,18480976,false,false,"or(lit-any(n=1,len=12-12),lit-any(n=1,len=9-9))",19,10,\b(acridotheres|CARETTRIM)\b
922,h-case-insensitive,false,true,8,1268241292,regex-trigram,249,28291885,7737,false,false,positional,88,10,ajustable|iEACgHA
933,h-case-insensitive,true,true,94,1267973834,regex-trigram,8113,51030001,111087,false,false,positional,12223,10,checkoutV2Domain
860,g-regex,false,false,1124,1258427959,regex-trigram,98,359177548,16471514,false,false,"or(lit-any(n=1,len=4-4),lit-any(n=1,len=6-6),lit-any(n=1,len=5-5))",1089,1,toLi|IAAIyB|Ausma
942,h-case-insensitive,false,true,20,1247491209,regex-trigram,1147,32892597,24886,false,false,positional,1094,10,grumpily|fullListTime
718,g-regex,false,false,343,1247155334,regex-trigram,402,512018634,20136316,false,false,"or(lit-any(n=1,len=6-6),lit-any(n=1,len=6-6))",210,10,\b(czBhOc|pascal)\b
969,h-case-insensitive,false,true,10,1245850042,regex-trigram,1671,39647882,45128,false,false,positional,6563,10,safariextz|conrols
808,g-regex,false,false,5,1245470332,regex-trigram,1184,556718479,20913733,false,false,"lit-any(n=1,len=7-7)",1561,1,elastic$
844,g-regex,false,false,270,1236033417,regex-trigram,388,458802816,18886167,false,false,"or(lit-any(n=1,len=11-11),lit-any(n=1,len=9-9),lit-any(n=1,len=10-10))",103,10,parentValue|crockford|OptionDecl
909,h-case-insensitive,false,true,72219,1231048418,regex-trigram,291,42232022,37222,false,false,positional,36711,10,SAEjBsc|CLR
660,g-regex,false,false,329,1229294167,regex-trigram,325,435387879,17943018,false,false,"or(lit-any(n=1,len=5-5),lit-any(n=1,len=7-7),lit-any(n=1,len=12-12))",313,10,EACXd|Tristan|showInLegend
711,g-regex,false,false,39,1213497541,regex-trigram,257,333853922,16197396,false,false,"or(lit-any(n=1,len=9-9),lit-any(n=1,len=5-5))",73,10,\b(LineColor|QALlB)\b
960,h-case-insensitive,true,true,3,1202519709,regex-trigram,8160,49768964,157101,false,false,positional,13030,10,pending_domains
720,g-regex,false,false,7,1201831791,regex-trigram,137,412174655,18482520,false,false,"or(lit-any(n=1,len=6-6),lit-any(n=1,len=8-8))",7,10,\b(mBAAbA|aguantar)\b
805,g-regex,false,false,446,1194172751,regex-trigram,629,529624896,20483386,false,false,"all(lit-any(n=1,len=1-1),lit-any(n=1,len=6-6))",1072,10,e.ergent
581,e-sub-trigram,true,false,99972,1187317000,literal-subtrigram,49800,789265738,26337370,true,false,literal-subtrigram,,10,oD
786,g-regex,false,false,131,1186650042,regex-trigram,57,377429592,17956257,false,false,"or(lit-any(n=1,len=9-9),lit-any(n=1,len=9-9),lit-any(n=1,len=7-7))",127,1,abrazador|WRITETEXT|Burnham
723,g-regex,false,false,111,1185975583,regex-trigram,410,488559898,19826275,false,false,"or(lit-any(n=1,len=5-5),lit-any(n=1,len=9-9))",378,10,\b(strew|Macedonia)\b
945,h-case-insensitive,true,true,23,1174479376,regex-trigram,4087,47087589,70275,false,false,positional,34859,10,handleBlur
936,h-case-insensitive,true,true,5,1154603791,regex-trigram,11661,48132222,102913,false,false,positional,69493,10,configurado
671,g-regex,false,false,466,1150528791,regex-trigram,693,387271431,17050211,false,false,"or(lit-any(n=1,len=7-7),lit-any(n=1,len=8-8),lit-any(n=1,len=11-11))",433,1,GAkGvBE|IGateway|lastContext
541,e-sub-trigram,true,false,437463,1143486458,literal-subtrigram,49800,789265738,26337370,true,false,literal-subtrigram,,1,()
550,e-sub-trigram,true,false,726461,1132705875,literal-subtrigram,49800,789265738,26337370,true,false,literal-subtrigram,,10,</
715,g-regex,false,false,134,1130534084,regex-trigram,201,447724962,18984450,false,false,"or(lit-any(n=1,len=6-6),lit-any(n=1,len=10-10))",3772,10,\b(Yellow|blundering)\b
559,e-sub-trigram,true,false,739359,1129220834,literal-subtrigram,49800,789265738,26337370,true,false,literal-subtrigram,,10,Ca
919,h-case-insensitive,false,true,60,1127082250,regex-trigram,845,28737664,5405,false,false,positional,1392,10,addPane|EAAhB
721,g-regex,false,false,63,1114887875,regex-trigram,1030,538896898,20578046,false,false,"or(lit-any(n=1,len=12-12),lit-any(n=1,len=4-4))",161,10,\b(mechanically|bity)\b
816,g-regex,false,false,118,1113536416,regex-trigram,82,338163125,16622378,false,false,"or(lit-any(n=1,len=4-4),lit-any(n=1,len=11-11),lit-any(n=1,len=10-10))",43,1,gsub|MinCssFiles|InstallUrl
555,e-sub-trigram,true,false,987586,1110683667,literal-subtrigram,49800,789265738,26337370,true,false,literal-subtrigram,,10,@
563,e-sub-trigram,true,false,838195,1103403540,literal-subtrigram,49800,789265738,26337370,true,false,literal-subtrigram,,10,In
897,h-case-insensitive,false,true,293,1099307335,regex-trigram,4776,51251596,150937,false,false,positional,26382,10,LinesView|Computes
707,g-regex,false,false,6,1087257542,regex-trigram,113,409600815,18402378,false,false,"or(lit-any(n=1,len=5-5),lit-any(n=1,len=8-8))",6,1,\b(GAAMU|cenoslos)\b
957,h-case-insensitive,false,true,4,1075517833,regex-trigram,2634,39844833,36478,false,false,positional,269,10,nElapsed|CADcwF
663,g-regex,false,false,2733,1071138999,regex-trigram,244,316131175,15790964,false,false,"or(lit-any(n=1,len=12-12),lit-any(n=1,len=10-10),lit-any(n=1,len=6-6))",1108,10,EventEmitter|PrepareCSS|KAAKoS
845,g-regex,false,false,170,1055923498,regex-trigram,51,285387238,15411578,false,false,"or(lit-any(n=1,len=3-3),lit-any(n=1,len=8-8),lit-any(n=1,len=6-6))",157,1,pbd|yBAAyBgL|CACxBE
744,g-regex,false,false,408,1054030208,regex-trigram,990,545062423,20717962,false,false,"lit-any(n=1,len=7-7)",541,10,\bindices\b
932,h-case-insensitive,true,true,20,1041763334,regex-trigram,3023,40133024,67141,false,false,positional,8001,10,cardiomegaly
782,g-regex,false,false,260,1035364334,regex-trigram,337,455799543,19497555,false,false,"all(lit-any(n=1,len=1-1),lit-any(n=1,len=4-4))",3007,10,a.eban
822,g-regex,false,false,16,1032521207,regex-trigram,3925,600461730,21864779,false,false,"lit-any(n=1,len=4-4)",4223,10,iese$
708,g-regex,false,false,17,1029821458,regex-trigram,108,428451310,18211745,false,false,"or(lit-any(n=1,len=5-5),lit-any(n=1,len=5-5))",20,1,\b(IAAKH|bairn)\b
807,g-regex,false,false,1273,1026678916,regex-trigram,320,442467436,19201608,false,false,"all(lit-any(n=1,len=1-1),lit-any(n=1,len=8-8))",18230,10,e.terprise
705,g-regex,false,false,2,1024475125,regex-trigram,560,431431856,17510140,false,false,"or(lit-any(n=1,len=6-6),lit-any(n=1,len=9-9))",6,10,\b(Agende|kVqlMPATv)\b
962,h-case-insensitive,false,true,8,1022584084,regex-trigram,4799,47061125,104232,false,false,positional,36652,10,primaryView|CACTjV
710,g-regex,false,false,134,1017210751,regex-trigram,682,448287992,18975448,false,false,"or(lit-any(n=1,len=11-11),lit-any(n=1,len=12-12))",119,10,\b(IRepository|participants)\b
657,g-regex,false,false,9,1009048625,regex-trigram,26,240687608,14343662,false,false,"or(lit-any(n=1,len=6-6),lit-any(n=1,len=6-6),lit-any(n=1,len=8-8))",9,1,EAAWsB|MAAMoJ|GAAgBruB
719,g-regex,false,false,37,1008507333,regex-trigram,108,398311110,18138145,false,false,"or(lit-any(n=1,len=5-5),lit-any(n=1,len=3-3))",290,1,\b(krone|Bii)\b
827,g-regex,false,false,1192,1006555710,regex-trigram,3808,565225772,21475667,false,false,"all(lit-any(n=1,len=1-1),lit-any(n=1,len=4-4))",62622,10,l.ield
745,g-regex,false,false,8,976030000,regex-trigram,38,300273301,15469459,false,false,"lit-any(n=1,len=9-9)",36,1,\bitemLabel\b
696,g-regex,false,false,2566,974053043,regex-trigram,645,347536937,16522745,false,false,"or(lit-any(n=1,len=7-7),lit-any(n=1,len=11-11),lit-any(n=1,len=6-6))",2519,10,Suspend|Ausrutscher|EAAWjD
557,e-sub-trigram,true,false,402562,969129751,literal-subtrigram,49800,789265738,26337370,true,false,literal-subtrigram,,10,Be
832,g-regex,false,false,30,966515417,regex-trigram,756,546883194,20603740,false,false,"all(lit-any(n=1,len=1-1),lit-any(n=1,len=7-7))",2557,10,m.rtified
831,g-regex,false,false,118,958528874,regex-trigram,6007,598745869,21635451,false,false,"all(lit-any(n=1,len=1-1),lit-any(n=1,len=4-4))",73067,10,m.gger
539,e-sub-trigram,true,false,492608,958009125,literal-subtrigram,49800,789265738,26337370,true,false,literal-subtrigram,,1,#
959,h-case-insensitive,true,true,1868,957606124,regex-trigram,2839,39874336,60072,false,false,positional,2209,10,odar
781,g-regex,false,false,1,952623832,regex-trigram,83,405687970,18325220,false,false,"all(lit-any(n=1,len=1-1),lit-any(n=1,len=7-7))",4,1,a.ansador
552,e-sub-trigram,true,false,252851,943928500,literal-subtrigram,49800,789265738,26337370,true,false,literal-subtrigram,,10,==
722,g-regex,false,false,8,942752457,regex-trigram,19,270350585,15417076,false,false,"or(lit-any(n=1,len=5-5),lit-any(n=1,len=11-11))",8,1,\b(nbpkg|ITestRunner)\b
582,e-sub-trigram,true,false,157699,929367166,literal-subtrigram,49800,789265738,26337370,true,false,literal-subtrigram,,10,p_
579,e-sub-trigram,true,false,33394,929228000,literal-subtrigram,49800,789265738,26337370,true,false,literal-subtrigram,,10,mt
546,e-sub-trigram,true,false,180299,927173041,literal-subtrigram,49800,789265738,26337370,true,false,literal-subtrigram,,10,/*
577,e-sub-trigram,true,false,1640,910339083,literal-subtrigram,49800,789265738,26337370,true,false,literal-subtrigram,,10,fZ
717,g-regex,false,false,8,908673001,regex-trigram,35,287380357,14967210,false,false,"or(lit-any(n=1,len=7-7),lit-any(n=1,len=3-3))",62,1,\b(cbArrow|EeZ)\b
951,h-case-insensitive,true,true,3,907949625,regex-trigram,984,46738591,48128,false,false,positional,13555,10,linearGradient4480
924,h-case-insensitive,true,true,65,904708124,regex-trigram,3487,35369605,71852,false,false,positional,9991,10,androgynous
954,h-case-insensitive,false,true,54,904429540,regex-trigram,2404,31366234,38651,false,false,positional,1442,10,mockRegistry|nestedBtn
743,g-regex,false,false,1,902142042,regex-trigram,385,487243005,19689347,false,false,"lit-any(n=1,len=7-7)",1,10,\bicieses\b
545,e-sub-trigram,true,false,75001,901673043,literal-subtrigram,49800,789265738,26337370,true,false,literal-subtrigram,,1,->
863,g-regex,false,false,45811,895144917,regex-all,49800,789265738,26337370,true,true,"lit-any(n=1,len=1-1)",3812204,10,v[0-9]+
542,e-sub-trigram,true,false,39652,894865874,literal-subtrigram,49800,789265738,26337370,true,false,literal-subtrigram,,1,){
923,h-case-insensitive,true,true,48,891328417,regex-trigram,2958,36094484,45211,false,false,positional,1298,10,alopex
783,g-regex,false,false,41,890257917,regex-trigram,53,380730868,17397119,false,false,"all(lit-any(n=1,len=1-1),lit-any(n=1,len=7-7))",250,1,a.eraceae
587,e-sub-trigram,true,false,128988,885318624,literal-subtrigram,49800,789265738,26337370,true,false,literal-subtrigram,,10,||
767,g-regex,false,false,12,884366041,regex-trigram,247,465560296,19506796,false,false,"lit-any(n=1,len=7-7)",40,10,^[\t ]*arbiter
561,e-sub-trigram,true,false,17510,878684334,literal-subtrigram,49800,789265738,26337370,true,false,literal-subtrigram,,1,Ei
714,g-regex,false,false,104,878309082,regex-trigram,364,399352245,17065389,false,false,"or(lit-any(n=1,len=5-5),lit-any(n=1,len=9-9))",115,10,\b(Warns|QueryList)\b
791,g-regex,false,false,0,877528873,regex-trigram,616,522044999,20016649,false,false,"lit-any(n=1,len=9-9)",10,10,autoreply$
873,h-case-insensitive,true,true,40,876683874,regex-trigram,1506,45775455,33425,false,false,positional,11467,10,AllBackorders
585,e-sub-trigram,true,false,50249,875201832,literal-subtrigram,49800,789265738,26337370,true,false,literal-subtrigram,,1,zm
262,b-rare-literal,true,false,58,868388377,literal-positional,191,384466689,17519254,false,false,literal-positional,,1,compassing
556,e-sub-trigram,true,false,186331,866125166,literal-subtrigram,49800,789265738,26337370,true,false,literal-subtrigram,,10,Au
586,e-sub-trigram,true,false,47838,860485376,literal-subtrigram,49800,789265738,26337370,true,false,literal-subtrigram,,1,{}
874,h-case-insensitive,true,true,54,859093249,regex-trigram,6603,36531866,95649,false,false,positional,10510,10,AuthenticationOptions
540,e-sub-trigram,true,false,116462,857547002,literal-subtrigram,49800,789265738,26337370,true,false,literal-subtrigram,,1,&&
749,g-regex,false,false,4064,854198125,regex-trigram,1123,479177054,19702490,false,false,"lit-any(n=1,len=4-4)",24384,10,\bshop\b
261,b-rare-literal,true,false,3,851896375,literal-positional,106,368342087,17568353,false,false,literal-positional,,1,compacter
543,e-sub-trigram,true,false,184323,844328000,literal-subtrigram,49800,789265738,26337370,true,false,literal-subtrigram,,1,*/
784,g-regex,false,false,19,841768625,regex-trigram,81,397890734,18275592,false,false,"all(lit-any(n=1,len=1-1),lit-any(n=1,len=7-7))",16,10,a.ericium
792,g-regex,false,false,1,831313333,regex-trigram,207,433921281,18552945,false,false,"lit-any(n=1,len=7-7)",456,10,awesome$
841,g-regex,false,false,1,830796249,regex-trigram,85,432000933,18637502,false,false,"lit-any(n=1,len=7-7)",11,1,overfed$
785,g-regex,false,false,64,827553459,regex-trigram,801,517902986,20117815,false,false,"all(lit-any(n=1,len=1-1),lit-any(n=1,len=5-5))",88,10,a.horre
631,f-high-frequency,true,false,603991,819470541,literal-positional,14030,687711663,24099696,false,false,literal-positional,,1,var
852,g-regex,false,false,4,815856335,regex-trigram,62,388276842,17852134,false,false,"all(lit-any(n=1,len=1-1),lit-any(n=1,len=9-9))",4,1,s.antwitter
560,e-sub-trigram,true,false,43721,813868751,literal-subtrigram,49800,789265738,26337370,true,false,literal-subtrigram,,1,EA
713,g-regex,false,false,6,812075792,regex-trigram,33,264277087,15118194,false,false,"or(lit-any(n=1,len=12-12),lit-any(n=1,len=6-6))",6,1,\b(UploadFailed|OAAQpZ)\b
958,h-case-insensitive,true,true,8,807873375,regex-trigram,3349,32587440,33667,false,false,positional,455,10,numpadclear
918,h-case-insensitive,true,true,289,807671625,regex-trigram,339,26095812,9448,false,false,positional,342,10,acuity
553,e-sub-trigram,true,false,76309,799681917,literal-subtrigram,49800,789265738,26337370,true,false,literal-subtrigram,,10,=>
739,g-regex,false,false,119,789865417,regex-trigram,1450,551148722,20852506,false,false,"lit-any(n=1,len=5-5)",100,10,\bcacti\b
554,e-sub-trigram,true,false,41277,788694374,literal-subtrigram,49800,789265738,26337370,true,false,literal-subtrigram,,1,>=
564,e-sub-trigram,true,false,46105,785332707,literal-subtrigram,49800,789265738,26337370,true,false,literal-subtrigram,,10,MA
709,g-regex,false,false,14,783241000,regex-trigram,51,248468547,14664282,false,false,"or(lit-any(n=1,len=5-5),lit-any(n=1,len=11-11))",20,1,\b(IAExB|wdrpDomains)\b
547,e-sub-trigram,true,false,106766,779050292,literal-subtrigram,49800,789265738,26337370,true,false,literal-subtrigram,,10,/>
837,g-regex,false,false,1,772111125,regex-trigram,79,396025009,18006815,false,false,"lit-any(n=1,len=10-10)",13,1,northwards$
551,e-sub-trigram,true,false,14619,770751334,literal-subtrigram,49800,789265738,26337370,true,false,literal-subtrigram,,1,<=
602,f-high-frequency,true,false,682890,766889000,literal-positional,15751,709915454,24502799,false,false,literal-positional,,1,and
627,f-high-frequency,true,false,559692,762987792,literal-positional,16632,686472343,24067002,false,false,literal-positional,,1,the
888,h-case-insensitive,true,true,28,762068833,regex-trigram,170,36337147,2099,false,false,positional,112,10,GAAQD
911,h-case-insensitive,true,true,6,760871833,regex-trigram,8398,38620267,112968,false,false,positional,548,10,Tachov
952,h-case-insensitive,true,true,24,756479084,regex-trigram,652,30936991,9082,false,false,positional,207,10,llReleaseURL
497,d-metachar-literal,true,false,75788,754715293,literal-subtrigram,49800,789265738,26337370,true,false,literal-subtrigram,,10,\n
565,e-sub-trigram,true,false,5349,752447959,literal-subtrigram,49800,789265738,26337370,true,false,literal-subtrigram,,10,OA
724,g-regex,false,false,10,752129499,regex-trigram,10,245303335,14635131,false,false,"or(lit-any(n=1,len=12-12),lit-any(n=1,len=5-5))",10,1,\b(totalGotNoNJ|KApIF)\b
538,e-sub-trigram,true,false,85298,751732333,literal-subtrigram,49800,789265738,26337370,true,false,literal-subtrigram,,10,!=
896,h-case-insensitive,true,true,387,750941998,regex-trigram,3700,31598932,27190,false,false,positional,4956,10,LastDay
777,g-regex,false,false,0,746295916,regex-trigram,85,391827464,17869001,false,false,"lit-any(n=1,len=5-5)",9,10,^[\t ]*outsw
881,h-case-insensitive,true,true,8,746292417,regex-trigram,369,41310224,2882,false,false,positional,2882,10,EAASqD
967,h-case-insensitive,true,true,1512,742926124,regex-trigram,2269,26942741,23433,false,false,positional,1762,10,rouge
570,e-sub-trigram,true,false,41039,742251041,literal-subtrigram,49800,789265738,26337370,true,false,literal-subtrigram,,10,[]
939,h-case-insensitive,true,true,9,735031960,regex-trigram,7718,44683529,95650,false,false,positional,2353,10,fallocate
742,g-regex,false,false,238,725009168,regex-trigram,2029,552947272,21208803,false,false,"lit-any(n=1,len=7-7)",318,10,\bfounder\b
766,g-regex,false,false,1,721814085,regex-trigram,76,399169764,18124996,false,false,"lit-any(n=1,len=10-10)",1,1,^[\t ]*appraisees
806,g-regex,false,false,7,721259501,regex-trigram,36,294157217,15386794,false,false,"all(lit-any(n=1,len=1-1),lit-any(n=1,len=8-8))",7,1,e.gineMock
567,e-sub-trigram,true,false,3101,719470541,literal-subtrigram,49800,789265738,26337370,true,false,literal-subtrigram,,10,Uv
794,g-regex,false,false,0,717726750,regex-trigram,51,379270681,18044064,false,false,"all(lit-any(n=1,len=6-6),lit-any(n=1,len=10-10))",0,1,boning.*pentahedra
726,g-regex,false,false,1,717009041,regex-trigram,57,346206945,15935785,false,false,"lit-any(n=1,len=11-11)",1,1,\bDegradation\b
562,e-sub-trigram,true,false,2548,716504209,literal-subtrigram,49800,789265738,26337370,true,false,literal-subtrigram,,10,H5
750,g-regex,false,false,87,714210876,regex-trigram,58,383447894,17887492,false,false,"lit-any(n=1,len=4-4)",70,1,\bsnub\b
851,g-regex,false,false,0,708328582,regex-trigram,26,263375173,15163357,false,false,"all(lit-any(n=1,len=9-9),lit-any(n=1,len=10-10))",0,1,rtDivider.*classnames
558,e-sub-trigram,true,false,63881,704047500,literal-subtrigram,49800,789265738,26337370,true,false,literal-subtrigram,,10,CA
571,e-sub-trigram,true,false,9237,700899708,literal-subtrigram,49800,789265738,26337370,true,false,literal-subtrigram,,10,](
938,h-case-insensitive,true,true,5,694758251,regex-trigram,9930,48295480,63650,false,false,positional,10087,10,external_url
566,e-sub-trigram,true,false,331734,685716458,literal-subtrigram,49800,789265738,26337370,true,false,literal-subtrigram,,1,Q
746,g-regex,false,false,8,685361667,regex-trigram,38,373918804,17506643,false,false,"lit-any(n=1,len=12-12)",8,1,\blegalworking\b
858,g-regex,false,false,31,684858542,regex-trigram,104,422021839,18052142,false,false,"all(lit-any(n=1,len=1-1),lit-any(n=1,len=7-7))",31,1,t.pcities
752,g-regex,false,false,9,684053709,regex-trigram,83,306505506,15522248,false,false,"lit-any(n=1,len=8-8)",17,1,\bviewData\b
769,g-regex,false,false,28,683494668,regex-trigram,50,383981538,17903059,false,false,"lit-any(n=1,len=11-11)",76,1,^[\t ]*avoirdupois
992,i-unicode,true,false,2508,681514916,literal-subtrigram,49800,789265738,26337370,true,false,literal-subtrigram,,10,»
975,h-case-insensitive,true,true,138,679494292,regex-trigram,6397,42611926,114420,false,false,positional,1025,10,thinner
993,i-unicode,true,false,18,675327250,literal-subtrigram,49800,789265738,26337370,true,false,literal-subtrigram,,10,Σ
693,g-regex,false,false,0,665818708,regex-trigram,483,454167353,17872021,false,false,"all(lit-any(n=1,len=6-6),lit-any(n=1,len=6-6))",0,10,Stride.*closer
847,g-regex,false,false,0,665258835,regex-trigram,1339,556576461,20795956,false,false,"lit-any(n=1,len=8-8)",2,10,platiest$
569,e-sub-trigram,true,false,295789,663940581,literal-subtrigram,49800,789265738,26337370,true,false,literal-subtrigram,,1,Z
568,e-sub-trigram,true,false,4240,663483459,literal-subtrigram,49800,789265738,26337370,true,false,literal-subtrigram,,10,YA
747,g-regex,false,false,28,662306791,regex-trigram,58,301792259,15659541,false,false,"lit-any(n=1,len=9-9)",28,1,\bnodeDepth\b
908,h-case-insensitive,true,true,277887,661895460,regex-trigram,14163,61585934,209125,false,false,positional,180550,10,Return
815,g-regex,false,false,0,661274166,regex-trigram,62,392967186,18037998,false,false,"lit-any(n=1,len=12-12)",2,1,globigerinae$
941,h-case-insensitive,true,true,2,661066374,regex-trigram,212,29798077,1897,false,false,positional,509,10,fname4
991,i-unicode,true,false,273,660906542,literal-subtrigram,49800,789265738,26337370,true,false,literal-subtrigram,,10,©
651,g-regex,false,false,528,659893208,regex-all,49800,789265738,26337370,true,true,"all(lit-any(n=1,len=1-1),lit-any(n=1,len=2-2))",83874,10,E.sh
934,h-case-insensitive,true,true,9,657221041,regex-trigram,3702,47883786,96726,false,false,positional,464,10,closeAllGroups
751,g-regex,false,false,1,655981542,regex-trigram,336,498181865,19772581,false,false,"lit-any(n=1,len=10-10)",1,10,\bvalidities\b
879,h-case-insensitive,false,true,33520,650319000,regex-trigram,1656,41743852,58333,false,false,positional,32542,10,Corp|UACjBpF
612,f-high-frequency,true,false,427707,648471624,literal-positional,19203,729573897,24952356,false,false,literal-positional,,1,for
947,h-case-insensitive,true,true,2,638626959,regex-trigram,185,27700863,2361,false,false,positional,249,10,hashGetSpy
898,h-case-insensitive,true,true,6,637686875,regex-trigram,262,28034055,3131,false,false,positional,79,10,MAAMvB
929,h-case-insensitive,true,true,1631,635629667,regex-trigram,832,26868118,30411,false,false,positional,1823,10,beaver
793,g-regex,false,false,39,633249833,regex-trigram,237,437464276,19029837,false,false,"lit-any(n=1,len=7-7)",1007,10,benefit$
983,h-case-insensitive,true,true,9,630473792,regex-trigram,1360,27816728,38204,false,false,positional,25390,10,zone_domains_tld_company
893,h-case-insensitive,true,true,5233,628644209,regex-trigram,6561,47980808,133909,false,false,positional,5644,10,Grep
864,g-regex,false,false,0,626407665,regex-trigram,19,258396655,15031857,false,false,"all(lit-any(n=1,len=7-7),lit-any(n=1,len=11-11))",0,1,whammed.*OrdinalMeta
643,g-regex,false,false,0,626131875,regex-trigram,40,352265006,16213804,false,false,"all(lit-any(n=1,len=9-9),lit-any(n=1,len=8-8))",0,1,Broadcast.*abisinio
926,h-case-insensitive,true,true,13,624962585,regex-trigram,10138,49077339,131976,false,false,positional,10456,10,autoRenewOption
639,g-regex,false,false,0,618395459,regex-trigram,71,362655239,16560991,false,false,"all(lit-any(n=1,len=6-6),lit-any(n=1,len=5-5))",0,1,Ascoli.*ullar
892,h-case-insensitive,true,true,12,614978042,regex-trigram,6145,43703370,121701,false,false,positional,6966,10,GetRemoteAuctionDetails
694,g-regex,false,false,0,614345585,regex-trigram,37,296041022,15405156,false,false,"all(lit-any(n=1,len=12-12),lit-any(n=1,len=7-7))",0,1,StringRepeat.*setCost
706,g-regex,false,false,5,614016499,regex-trigram,20,221914050,13342518,false,false,"all(lit-any(n=1,len=2-2),or(lit-any(n=1,len=4-4),lit-any(n=1,len=4-4)))",16,1,\b(EACUsB|EAAKiK)\b
839,g-regex,false,false,0,607824958,regex-trigram,23,260234615,15093292,false,false,"lit-any(n=1,len=12-12)",18,1,occurSession$
884,h-case-insensitive,true,true,20,607667458,regex-trigram,365,30078120,3707,false,false,positional,58,10,EACdA
961,h-case-insensitive,true,true,12,601508000,regex-trigram,2346,25110228,85609,false,false,positional,36931,10,phone_number_throttle_id
859,g-regex,false,false,0,593580542,regex-trigram,13,247783107,14772295,false,false,"all(lit-any(n=1,len=6-6),lit-any(n=1,len=8-8))",0,1,temela.*sbMissed
774,g-regex,false,false,0,587522625,regex-trigram,44,372332531,17752515,false,false,"lit-any(n=1,len=10-10)",2,1,^[\t ]*gearmanjob
877,h-case-insensitive,true,true,75,587508792,regex-trigram,4308,47277385,48530,false,false,positional,29732,10,CacheSize
895,h-case-insensitive,true,true,33,584648834,regex-trigram,7960,43058931,110000,false,false,positional,10476,10,IsTemporary
779,g-regex,false,false,1,583724042,regex-trigram,118,414341728,18589893,false,false,"lit-any(n=1,len=5-5)",54,10,^[\t ]*quelo
588,e-sub-trigram,true,false,164367,582010250,literal-subtrigram,49800,789265738,26337370,true,false,literal-subtrigram,,10,~
903,h-case-insensitive,true,true,8,571083292,regex-trigram,1357,33523267,18156,false,false,positional,12580,10,ProxyRemoteMatch
139,a-common-literal,true,false,259689,561930126,literal-positional,11347,587636888,21413574,false,false,literal-positional,,1,return
804,g-regex,false,false,0,559909666,regex-trigram,57,303693440,15427591,false,false,"lit-any(n=1,len=7-7)",238,1,domNode$
738,g-regex,false,false,1,557017166,regex-trigram,49,376572089,17755165,false,false,"lit-any(n=1,len=8-8)",1,1,\bbanjoist\b
107,a-common-literal,true,false,257670,556256084,literal-positional,3711,547638747,20547866,false,false,literal-positional,,1,function
883,h-case-insensitive,true,true,10245,548530584,regex-trigram,7159,50414253,111434,false,false,positional,11596,10,EACTI
748,g-regex,false,false,683,547712917,regex-trigram,119,406521664,18250602,false,false,"lit-any(n=1,len=8-8)",595,10,\bpowerful\b
634,g-regex,false,false,4077,543541334,regex-trigram,385,380026184,16979541,false,false,"lit-any(n=1,len=2-2)",4388,10,0x[0-9a-fA-F]+
755,g-regex,false,false,1,542660250,regex-trigram,72,364388097,16457564,false,false,"lit-any(n=1,len=7-7)",1,1,^[\t ]*Bacardi
692,g-regex,false,false,0,537834916,regex-trigram,28,307233119,15811554,false,false,"lit-any(n=1,len=6-6)",7,1,Sabieh$
773,g-regex,false,false,0,533620709,regex-trigram,44,267009583,15166174,false,false,"lit-any(n=1,len=11-11)",13,1,^[\t ]*fromEntries
772,g-regex,false,false,6,531796666,regex-trigram,14,270332060,15474856,false,false,"lit-any(n=1,len=4-4)",10,1,^[\t ]*dgpg
813,g-regex,false,false,0,531356876,regex-trigram,10,273485695,15607148,false,false,"all(lit-any(n=1,len=8-8),lit-any(n=1,len=7-7))",0,1,fsfreeze.*exhales
725,g-regex,false,false,1,529737416,regex-trigram,41,315981043,15847550,false,false,"lit-any(n=1,len=10-10)",1,1,\bBrechttext\b
676,g-regex,false,false,0,526302415,regex-trigram,22,240268569,14343007,false,false,"lit-any(n=1,len=6-6)",2,1,IACpCw$
855,g-regex,false,false,0,525102458,regex-trigram,30,290175084,15409118,false,false,"lit-any(n=1,len=10-10)",5,1,stackDepth$
862,g-regex,false,false,6,523755457,regex-trigram,147,307177653,16157976,false,false,"lit-any(n=1,len=4-4)",518,10,uuid$
649,g-regex,false,false,0,523032166,regex-trigram,15,258345976,14974588,false,false,"all(lit-any(n=1,len=5-5),lit-any(n=1,len=8-8))",0,1,Cuneo.*deltaEnd
145,a-common-literal,true,false,157302,521146167,literal-positional,15300,604178768,22172651,false,false,literal-positional,,1,string
775,g-regex,false,false,0,518742458,regex-trigram,24,273312575,15447625,false,false,"lit-any(n=1,len=4-4)",83,1,^[\t ]*gpgp
776,g-regex,false,false,0,515946916,regex-trigram,6,233825372,14359366,false,false,"lit-any(n=1,len=8-8)",6,1,^[\t ]*innerTbl
695,g-regex,false,false,0,514045208,regex-trigram,15,256412790,14990228,false,false,"all(lit-any(n=1,len=12-12),lit-any(n=1,len=8-8))",0,1,StripAccents.*daughter
678,g-regex,false,false,0,510335918,regex-trigram,6,220236177,13343047,false,false,"all(lit-any(n=1,len=7-7),lit-any(n=1,len=7-7))",0,1,IAGlEsF.*isProto
878,h-case-insensitive,true,true,176382,507824708,regex-trigram,25772,67676549,205850,false,false,positional,205850,10,Class
619,f-high-frequency,true,false,252051,504609916,literal-positional,14122,675294744,23500442,false,false,literal-positional,,1,new
771,g-regex,false,false,0,499691541,regex-trigram,37,284088586,15317565,false,false,"lit-any(n=1,len=11-11)",18,1,^[\t ]*countryFlag
753,g-regex,false,false,20,496813708,regex-trigram,369,335190148,16034500,false,false,"lit-any(n=1,len=10-10)",509,10,^[\t ]*AccountLog
656,g-regex,false,false,0,495430415,regex-trigram,3,219462977,13342563,false,false,"all(lit-any(n=1,len=7-7),lit-any(n=1,len=8-8))",0,1,EAAQuiC.*TicketID
902,h-case-insensitive,true,true,157661,491633791,regex-trigram,22762,43377382,179618,false,false,positional,171252,10,PUBLIC
759,g-regex,false,false,0,486050084,regex-trigram,33,296565655,15406522,false,false,"lit-any(n=1,len=11-11)",2,1,^[\t ]*EmitterNode
849,g-regex,false,false,0,485797041,regex-trigram,29,353523818,16923870,false,false,"lit-any(n=1,len=8-8)",1,1,qrandset$
662,g-regex,false,false,0,483346375,regex-trigram,3,219462977,13342563,false,false,"all(lit-any(n=1,len=7-7),lit-any(n=1,len=6-6))",0,1,EiErpQM.*EAAMuI
86,a-common-literal,true,false,136982,481660793,literal-positional,24379,650922194,23201843,false,false,literal-positional,,1,class
756,g-regex,false,false,894,481637249,regex-trigram,36,319851486,16072774,false,false,"lit-any(n=1,len=10-10)",1552,1,^[\t ]*Birmingham
730,g-regex,false,false,2,478221709,regex-trigram,36,318941823,15905266,false,false,"lit-any(n=1,len=5-5)",2,1,\bLoski\b
736,g-regex,false,false,2,478040749,regex-trigram,61,297267977,15470552,false,false,"lit-any(n=1,len=9-9)",37,1,\bSplitWord\b
672,g-regex,false,false,0,473079332,regex-trigram,18,302314281,15612075,false,false,"lit-any(n=1,len=8-8)",3,1,Gurmukhi$
770,g-regex,false,false,4,467775875,regex-trigram,34,266330935,15168768,false,false,"lit-any(n=1,len=7-7)",32,1,^[\t ]*bLookup
765,g-regex,false,false,21,459135166,regex-trigram,67,302502294,15562166,false,false,"lit-any(n=1,len=12-12)",39,1,^[\t ]*IncludeItems
977,h-case-insensitive,true,true,3252,455641333,regex-trigram,2102,29901660,33165,false,false,positional,2808,10,unar
953,h-case-insensitive,true,true,56,455351208,regex-trigram,1033,35640711,37746,false,false,positional,13921,10,magic_quotes_runtime
490,d-metachar-literal,true,false,2,446830085,literal-positional,19,258240916,15075370,false,false,literal-positional,,1,KingsOfRnb.com
680,g-regex,false,false,2,442932833,regex-trigram,50,269495728,15238799,false,false,"lit-any(n=1,len=11-11)",24,1,LibraryPage$
760,g-regex,false,false,0,440322668,regex-trigram,12,225285242,13392152,false,false,"lit-any(n=1,len=5-5)",4,1,^[\t ]*GADCC
802,g-regex,false,false,0,437306793,regex-trigram,167,155100147,2163494,false,false,"lit-any(n=1,len=8-8)",10,1,"digitate[(){};,]"
846,g-regex,false,false,0,434763209,regex-trigram,12,240436248,14458588,false,false,"lit-any(n=1,len=9-9)",4,1,pkgExists$
135,a-common-literal,true,false,141205,432575625,literal-positional,20618,570449940,21658273,false,false,literal-positional,,1,public
763,g-regex,false,false,0,432412417,regex-trigram,14,223558732,13361282,false,false,"lit-any(n=1,len=6-6)",2,1,^[\t ]*IACnBE
778,g-regex,false,false,0,431007124,regex-trigram,60,264803619,15179522,false,false,"lit-any(n=1,len=11-11)",22,10,^[\t ]*paypalError
735,g-regex,false,false,2,430419208,regex-trigram,55,251703104,13347255,false,false,"lit-any(n=1,len=6-6)",2,1,\bSAAAmE\b
842,g-regex,false,false,9,429163500,regex-trigram,32,262486770,15155410,false,false,"all(lit-any(n=1,len=1-1),lit-any(n=1,len=10-10))",14,1,p.ymentInfos
826,g-regex,false,false,170,426820458,regex-trigram,199,392250915,18119117,false,false,"all(lit-any(n=1,len=1-1),lit-any(n=1,len=4-4))",158,10,k.ytab
635,g-regex,false,false,0,422443459,regex-trigram,24,310278053,15789401,false,false,"lit-any(n=1,len=12-12)",1,1,Abbaubarkeit$
875,h-case-insensitive,true,true,805,410636167,regex-trigram,142,35963980,752,false,false,positional,752,10,BhC
737,g-regex,false,false,1096,408962874,regex-trigram,65,235661759,13653899,false,false,"lit-any(n=1,len=5-5)",1089,10,\bUSAGE\b
754,g-regex,false,false,0,400927917,regex-trigram,6,221373892,13342804,false,false,"lit-any(n=1,len=7-7)",2,1,^[\t ]*AwBhrEI
112,a-common-literal,true,false,50924,379136167,literal-positional,6563,545601797,20553476,false,false,literal-positional,,1,import
697,g-regex,false,false,0,372959083,regex-trigram,9,224782270,13414394,false,false,"lit-any(n=1,len=7-7)",11,1,UNICODE$
664,g-regex,false,false,68,357002791,regex-trigram,36,256985155,14946665,false,false,"all(lit-any(n=1,len=1-1),lit-any(n=1,len=7-7))",68,1,F.exAlign
689,g-regex,false,false,0,353433832,regex-trigram,23,224253060,13388440,false,false,"lit-any(n=1,len=12-12)",1,1,REDEFINITION$
940,h-case-insensitive,true,true,6,348095875,regex-trigram,2233,25692632,16797,false,false,positional,524,10,first_name_word_flag
666,g-regex,false,false,0,346340793,regex-trigram,84,209629589,9392283,false,false,"lit-any(n=1,len=4-4)",26,1,GAAP$
789,g-regex,false,false,0,341965583,regex-trigram,419,209196911,3873486,false,false,"lit-any(n=1,len=7-7)",25,10,agreste[ \t]
810,g-regex,false,false,0,338478915,regex-trigram,76,167325263,2777711,false,false,"lit-any(n=1,len=9-9)",0,1,etreeplot[ \t]
853,g-regex,false,false,0,336989624,regex-trigram,31,78451144,1056486,false,false,"lit-any(n=1,len=10-10)",6,1,"searchtype[(){};,]"
848,g-regex,false,false,18,336396334,regex-trigram,241,170654843,2304672,false,false,"lit-any(n=1,len=9-9)",1008,10,"political[(){};,]"
484,d-metachar-literal,true,false,6,335736542,literal-positional,6,236362718,14422723,false,false,literal-positional,,1,AlAbbasiFamily.com
645,g-regex,false,false,1,332549416,regex-trigram,17,243685047,14450184,false,false,"all(lit-any(n=1,len=1-1),lit-any(n=1,len=6-6))",1,1,C.CjBogB
646,g-regex,false,false,2,332300332,regex-trigram,19,248010893,14657807,false,false,"all(lit-any(n=1,len=1-1),lit-any(n=1,len=5-5))",2,1,C.GzBrE
887,h-case-insensitive,true,true,13,331018333,regex-trigram,377,29687686,6575,false,false,positional,62,10,FlushFinalBlock
889,h-case-insensitive,false,true,5,328596915,regex-trigram,235,7707470,3099,false,false,positional,48,10,GAAmBvN|GACpEqzB
508,d-metachar-literal,true,false,2375,327732710,literal-positional,467,405723580,17879962,false,false,literal-positional,,1,etc.
935,h-case-insensitive,true,true,16,325867125,regex-trigram,767,20780898,9824,false,false,positional,31,10,cmKeyToVimKey
524,d-metachar-literal,true,false,1900,322307333,literal-positional,529,424343050,16696332,false,false,literal-positional,,1,this.$outdent
522,d-metachar-literal,true,false,14,317206832,literal-positional,98,348154863,16092900,false,false,literal-positional,,1,round((select
647,g-regex,false,false,1125,315077500,regex-trigram,469,238979891,13646009,false,false,"all(lit-any(n=1,len=1-1),lit-any(n=1,len=4-4))",1078,10,C.MMIT
840,g-regex,false,false,0,311260623,regex-trigram,332,157395394,2332172,false,false,"lit-any(n=1,len=7-7)",12,10,"ommited[(){};,]"
626,f-high-frequency,true,false,2130,309884708,literal-positional,244,397664216,17904111,false,false,literal-positional,,1,spell
114,a-common-literal,true,false,136,309459542,literal-positional,235,416607840,18339911,false,false,literal-positional,,1,instrumentation
623,f-high-frequency,true,false,152,305322291,literal-positional,372,420050461,17897111,false,false,literal-positional,,1,parseExpectedExpression
912,h-case-insensitive,true,true,1,304867208,regex-trigram,180,29107600,2082,false,false,positional,182,10,XRANGEPLAIN
102,a-common-literal,true,false,518,303588750,literal-positional,33,358002845,17009170,false,false,literal-positional,,1,educate
489,d-metachar-literal,true,false,5434,302743458,literal-positional,600,265113938,15182917,false,false,literal-positional,,1,Directory.
526,d-metachar-literal,true,false,73378,302317000,literal-positional,689,390634652,17367765,false,false,literal-positional,,1,to.
88,a-common-literal,true,false,438,298779749,literal-positional,1112,432565665,18163739,false,false,literal-positional,,1,conditioning
141,a-common-literal,true,false,444,297737624,literal-positional,27,355034902,17228138,false,false,literal-positional,,1,schel
417,c-phrase-literal,true,false,800,292264334,literal-positional,476,398899061,16918902,false,false,literal-positional,,1,var next_indent
636,g-regex,false,false,0,290875292,regex-trigram,2,78087834,4641113,false,false,"all(lit-any(n=1,len=11-11),lit-any(n=1,len=6-6))",0,1,AllVersions.*EAAOtM
148,a-common-literal,true,false,293,290566835,literal-positional,32,359745556,17419945,false,false,literal-positional,,1,terrorism
93,a-common-literal,true,false,188,289735709,literal-positional,31,349789630,16715150,false,false,literal-positional,,1,creak
529,d-metachar-literal,true,false,492,287822167,literal-positional,234,373642089,17150045,false,false,literal-positional,,1,window.location
629,f-high-frequency,true,false,142,287382667,literal-positional,66,354372871,16904593,false,false,literal-positional,,1,tickPositions
811,g-regex,false,false,1,286144040,regex-trigram,20,45076207,496823,false,false,"lit-any(n=1,len=12-12)",6,1,existingSort[ \t]
368,c-phrase-literal,true,false,2150,283920959,literal-positional,86,360397617,15952128,false,false,literal-positional,,1,alter table
259,b-rare-literal,true,false,28,282685708,literal-positional,18,317801321,15494706,false,false,literal-positional,,1,chauvinistic
625,f-high-frequency,true,false,255,281331501,literal-positional,74,324926103,16223824,false,false,literal-positional,,1,setMatcher
829,g-regex,false,false,0,278398084,regex-trigram,31,85305899,1273568,false,false,"lit-any(n=1,len=9-9)",4,1,"lexically[(){};,]"
632,f-high-frequency,true,false,12602,277957084,literal-positional,419,404882556,16978223,false,false,literal-positional,,1,views
263,b-rare-literal,true,false,13,276727875,literal-positional,14,305988402,15867831,false,false,literal-positional,,1,cretonne
591,f-high-frequency,true,false,15168,276142083,literal-positional,425,283882783,15526431,false,false,literal-positional,,1,Daily
685,g-regex,false,false,1,275589501,regex-trigram,15,246173989,14654668,false,false,"all(lit-any(n=1,len=1-1),lit-any(n=1,len=4-4))",8,1,Q.ASuL
227,b-rare-literal,true,false,1,274401667,literal-positional,36,245745119,14791658,false,false,literal-positional,,1,PackedBubbleComposition
72,a-common-literal,true,false,326,273276126,literal-positional,38,357078387,17359103,false,false,literal-positional,,1,agora
590,f-high-frequency,true,false,869,273109167,literal-positional,400,299168442,15616399,false,false,literal-positional,,1,Braintree
608,f-high-frequency,true,false,263,272873501,literal-positional,23,344808944,16950325,false,false,literal-positional,,1,emmet
266,b-rare-literal,true,false,3,271082377,literal-positional,330,367476209,16574062,false,false,literal-positional,,1,dataGrouping
260,b-rare-literal,true,false,1,269857833,literal-positional,44,292845656,15326170,false,false,literal-positional,,1,checkbox_starts_with
603,f-high-frequency,true,false,13592,269480750,literal-positional,1344,430002387,18435304,false,false,literal-positional,,1,bright
589,f-high-frequency,true,false,776,269118250,literal-positional,289,279598991,15063175,false,false,literal-positional,,1,Ascending
416,c-phrase-literal,true,false,38000,268398458,literal-positional,12744,337961946,15818614,false,false,literal-positional,,1,using System
604,f-high-frequency,true,false,97,266105415,literal-positional,41,339520633,16696749,false,false,literal-positional,,1,caffeine
699,g-regex,false,false,3,265310917,regex-trigram,39,226579821,13374216,false,false,"all(lit-any(n=1,len=1-1),lit-any(n=1,len=4-4))",9,1,W.CtBC
80,a-common-literal,true,false,443,265170750,literal-positional,21,341348309,16814023,false,false,literal-positional,,1,birl
258,b-rare-literal,true,false,1,264420334,literal-positional,12,275511978,15604598,false,false,literal-positional,,1,calendarpicker
91,a-common-literal,true,false,4,262641124,literal-positional,55,362706659,16736268,false,false,literal-positional,,1,controls_display
974,h-case-insensitive,true,true,69395,261617668,regex-trigram,4199,46176960,58882,false,false,positional,58882,10,tep
966,h-case-insensitive,true,true,8,260574708,regex-trigram,376,17187396,9415,false,false,positional,79,10,regoperatorsend
637,g-regex,false,false,0,258787542,regex-trigram,92,92043659,756033,false,false,"lit-any(n=1,len=9-9)",0,1,"Andernach[(){};,]"
527,d-metachar-literal,true,false,454,258774291,literal-positional,149,312183339,15997782,false,false,literal-positional,,1,users.
81,a-common-literal,true,false,3,257920541,literal-positional,34,300077100,15448478,false,false,literal-positional,,1,bookmark_edit_name
352,c-phrase-literal,true,false,1,256979833,literal-positional,418,295218911,15401574,false,false,literal-positional,,1,ProGet Version
910,h-case-insensitive,true,true,90,256361499,regex-trigram,551,7744403,8142,false,false,positional,2173,10,SyntheticEvent
856,g-regex,false,false,0,255505083,regex-trigram,132,115109956,1810747,false,false,"lit-any(n=1,len=11-11)",43,10,"submittable[(){};,]"
520,d-metachar-literal,true,false,2646,253204125,literal-positional,478,275749512,15522567,false,false,literal-positional,,1,repository.
523,d-metachar-literal,true,false,1058,252496332,literal-positional,527,336905953,16392415,false,false,literal-positional,,1,them.
798,g-regex,false,false,7,251843332,regex-trigram,156,161681045,2740295,false,false,"lit-any(n=1,len=6-6)",130,10,catena[ \t]
271,b-rare-literal,true,false,1,250636375,literal-positional,18,339520327,16635063,false,false,literal-positional,,1,generator_priority
92,a-common-literal,true,false,62,250076000,literal-positional,29,333363826,16038521,false,false,literal-positional,,1,corridor
254,b-rare-literal,true,false,2,248688166,literal-positional,22,337986213,16787640,false,false,literal-positional,,1,alivian
607,f-high-frequency,true,false,40,247892542,literal-positional,75,344748694,15492862,false,false,literal-positional,,1,disableEventListeners
948,h-case-insensitive,true,true,87,247733459,regex-trigram,1015,12110224,13617,false,false,positional,2050,10,headlong
55,a-common-literal,true,false,12,247346126,literal-positional,34,223636341,13356311,false,false,literal-positional,,1,TokenException
127,a-common-literal,true,false,12,246920666,literal-positional,24,262937208,15112499,false,false,literal-positional,,1,num2fraction
519,d-metachar-literal,true,false,1501,245538915,literal-positional,242,312242817,15994644,false,false,literal-positional,,1,record.
630,f-high-frequency,true,false,28,245513417,literal-positional,43,337457609,15865523,false,false,literal-positional,,1,usernameSecret
406,c-phrase-literal,true,false,12471,244832084,literal-positional,5429,315081876,15259169,false,false,literal-positional,,1,public int
615,f-high-frequency,true,false,323,243940499,literal-positional,133,336591397,16370067,false,false,literal-positional,,1,lineNumber
126,a-common-literal,true,false,756,243396916,literal-positional,27,338729280,16898460,false,false,literal-positional,,1,ntida
152,a-common-literal,true,false,6325,243177293,literal-positional,493,336824849,15427920,false,false,literal-positional,,1,webk
73,a-common-literal,true,false,12,241387336,literal-positional,14,295520795,16262221,false,false,literal-positional,,1,altruistically
628,f-high-frequency,true,false,533,241225084,literal-positional,131,334598693,15588120,false,false,literal-positional,,1,thousands
876,h-case-insensitive,true,true,19,240931666,regex-trigram,331,8476643,3734,false,false,positional,137,10,CBaesg
371,c-phrase-literal,true,false,21,240311334,literal-positional,25,284967672,15787255,false,false,literal-positional,,1,case group_concat
363,c-phrase-literal,true,false,714,239610667,literal-positional,453,274511189,15146415,false,false,literal-positional,,1,This will
77,a-common-literal,true,false,89,239391334,literal-positional,31,336497898,16343346,false,false,literal-positional,,1,avocado
599,f-high-frequency,true,false,91,239321333,literal-positional,43,243100775,14547973,false,false,literal-positional,,1,SelectElement
253,b-rare-literal,true,false,1,238902417,literal-positional,23,318232844,15582054,false,false,literal-positional,,1,alcornocal
151,a-common-literal,true,false,37,238593125,literal-positional,62,336898523,15361310,false,false,literal-positional,,1,transformOrigin
614,f-high-frequency,true,false,49,237586666,literal-positional,49,334769485,16684580,false,false,literal-positional,,1,lastMinute
34,a-common-literal,true,false,8,236996667,literal-positional,37,237422984,14550037,false,false,literal-positional,,1,LoadUrlForwarding
48,a-common-literal,true,false,7,236408499,literal-positional,8,219404196,13370507,false,false,literal-positional,,1,StringConversionTests
272,b-rare-literal,true,false,21,234198541,literal-positional,91,302599906,15036520,false,false,literal-positional,,1,getTranslations
609,f-high-frequency,true,false,53,233364043,literal-positional,9,233513526,14342648,false,false,literal-positional,,1,esDocument
617,f-high-frequency,true,false,23,233133750,literal-positional,37,266561748,15098421,false,false,literal-positional,,1,loginCount
281,b-rare-literal,true,false,772,232080960,literal-positional,12,272823229,15513830,false,false,literal-positional,,1,lichkeit
616,f-high-frequency,true,false,117,231759958,literal-positional,40,248892597,14131577,false,false,literal-positional,,1,localPath
166,b-rare-literal,true,false,7,231144916,literal-positional,5,241182946,14582683,false,false,literal-positional,,1,Auskunft
401,c-phrase-literal,true,false,11854,230970459,literal-positional,1080,242754048,14136251,false,false,literal-positional,,1,inner join
857,g-regex,false,false,12,230751210,regex-trigram,120,73820865,1021492,false,false,"lit-any(n=1,len=9-9)",20,10,"superCall[(){};,]"
492,d-metachar-literal,true,false,62,230567747,literal-positional,11,236440963,14527911,false,false,literal-positional,,1,Partitions.
68,a-common-literal,true,false,13,230453710,literal-positional,24,335775413,16597939,false,false,literal-positional,,1,achromatous
19,a-common-literal,true,false,10,230407876,literal-positional,60,261692558,14748940,false,false,literal-positional,,1,FormatterName
46,a-common-literal,true,false,5020,230387375,literal-positional,24,258719021,15081501,false,false,literal-positional,,1,Schools
75,a-common-literal,true,false,41,229873877,literal-positional,15,295340289,15322231,false,false,literal-positional,,1,ashram
293,b-rare-literal,true,false,1,229756833,literal-positional,11,248678456,14884753,false,false,literal-positional,,1,setTransferTimer
125,a-common-literal,true,false,95,229168042,literal-positional,20,316087013,15410099,false,false,literal-positional,,1,nonrepresentational
256,b-rare-literal,true,false,31,228841667,literal-positional,13,316628219,15595668,false,false,literal-positional,,1,asperity
373,c-phrase-literal,true,false,5,228050584,literal-positional,199,325366857,15617773,false,false,literal-positional,,1,class Writer
235,b-rare-literal,true,false,258,227199040,literal-positional,27,244127896,14763186,false,false,literal-positional,,1,Remembering
100,a-common-literal,true,false,135,226620999,literal-positional,50,273189884,14728586,false,false,literal-positional,,1,droplist_archive
353,c-phrase-literal,true,false,21,226049792,literal-positional,53,246242959,14687794,false,false,literal-positional,,1,Produce the
53,a-common-literal,true,false,16369,224423750,literal-positional,67,284939539,15704830,false,false,literal-positional,,1,Tee
103,a-common-literal,true,false,8,224261292,literal-positional,30,283925293,14496593,false,false,literal-positional,,1,eventService
418,c-phrase-literal,true,false,103,223493040,literal-positional,112,279589047,14306842,false,false,literal-positional,,1,var returnValue
593,f-high-frequency,true,false,2604,222793541,literal-positional,37,266626595,15172330,false,false,literal-positional,,1,Etc
164,b-rare-literal,true,false,1057,221761708,literal-positional,18,303596304,15553477,false,false,literal-positional,,1,Arabian
598,f-high-frequency,true,false,231,220696749,literal-positional,73,244379772,14691610,false,false,literal-positional,,1,NewId
31,a-common-literal,true,false,170,220473252,literal-positional,21,295983220,15334578,false,false,literal-positional,,1,Kannada
595,f-high-frequency,true,false,40,220335250,literal-positional,4,233491689,14342215,false,false,literal-positional,,1,HamlHighlightRules
255,b-rare-literal,true,false,2,219505542,literal-positional,10,255566957,14238620,false,false,literal-positional,,1,applyCascade
32,a-common-literal,true,false,2845,219165540,literal-positional,35,256952992,15088300,false,false,literal-positional,,1,Karma
7,a-common-literal,true,false,16,218919708,literal-positional,5,217254026,13342477,false,false,literal-positional,,1,CaptchaFeatureKind
143,a-common-literal,true,false,79,218421708,literal-positional,39,300423685,15606917,false,false,literal-positional,,1,seriesGroup
174,b-rare-literal,true,false,1,217991126,literal-positional,6,241607215,14608604,false,false,literal-positional,,1,Blattspreite
54,a-common-literal,true,false,42,217116708,literal-positional,63,239608414,14662038,false,false,literal-positional,,1,TimeSyncService
95,a-common-literal,true,false,8,216825416,literal-positional,4,218084413,13358644,false,false,literal-positional,,1,cubrid_rollback
67,a-common-literal,true,false,9,216188167,literal-positional,16,316206585,15549058,false,false,literal-positional,,1,absorption_indicator
238,b-rare-literal,true,false,3,215946958,literal-positional,14,234187326,14356313,false,false,literal-positional,,1,SaveWebsiteMonitor
336,c-phrase-literal,true,false,2,215831666,literal-positional,5,233488400,14342149,false,false,literal-positional,,1,Output change
33,a-common-literal,true,false,107,214925960,literal-positional,54,257901202,14868276,false,false,literal-positional,,1,KtB
239,b-rare-literal,true,false,1,214776168,literal-positional,31,234115868,14356893,false,false,literal-positional,,1,TryGetOriginalException
117,a-common-literal,true,false,120,214745207,literal-positional,31,278234562,15434355,false,false,literal-positional,,1,jpn
400,c-phrase-literal,true,false,18,214279669,literal-positional,25,250065383,13651740,false,false,literal-positional,,1,import datetime
56,a-common-literal,true,false,40,213307541,literal-positional,11,238414099,14425096,false,false,literal-positional,,1,Tomer
25,a-common-literal,true,false,2,211850917,literal-positional,13,234108190,14368775,false,false,literal-positional,,1,HasGoDaddyPermissions
364,c-phrase-literal,true,false,27,210951249,literal-positional,34,239207173,14452493,false,false,literal-positional,,1,Use examples
624,f-high-frequency,true,false,47,209619168,literal-positional,4,243916191,14058199,false,false,literal-positional,,1,pgba
265,b-rare-literal,true,false,6,209114377,literal-positional,4,244053863,14064241,false,false,literal-positional,,1,ctela
306,b-rare-literal,true,false,18,208686833,literal-positional,6,223129594,13526472,false,false,literal-positional,,1,zlas
407,c-phrase-literal,true,false,2,208341082,literal-positional,32,227196259,13588686,false,false,literal-positional,,1,remove credentials
84,a-common-literal,true,false,8,208061750,literal-positional,5,234322197,14358644,false,false,literal-positional,,1,cairofontweight
409,c-phrase-literal,true,false,516,207912999,literal-positional,76,289653041,14628881,false,false,literal-positional,,1,return worker
248,b-rare-literal,true,false,35,207854124,literal-positional,11,234809688,14367924,false,false,literal-positional,,1,a108
10,a-common-literal,true,false,20,207261998,literal-positional,64,236625978,14531530,false,false,literal-positional,,1,DropCatchSupportEmail
387,c-phrase-literal,true,false,10,207170875,literal-positional,43,255479546,11106160,false,false,literal-positional,,1,execute partition
43,a-common-literal,true,false,15,206240293,literal-positional,34,271021342,14863658,false,false,literal-positional,,1,PricePerAdditionalServer
244,b-rare-literal,true,false,1,205972167,literal-positional,3,217311763,13343269,false,false,literal-positional,,1,WindowTop
838,g-regex,false,false,2,205873875,regex-trigram,442,143240709,2929066,false,false,"lit-any(n=1,len=5-5)",233,10,nsche[ \t]
665,g-regex,false,false,2,205813125,regex-trigram,347,142329371,1524636,false,false,"lit-any(n=1,len=7-7)",9,10,"Flowers[(){};,]"
90,a-common-literal,true,false,27,205663167,literal-positional,12,250345902,14363878,false,false,literal-positional,,1,contan
8,a-common-literal,true,false,9,205640541,literal-positional,8,242087110,14635413,false,false,literal-positional,,1,ChooseColor
182,b-rare-literal,true,false,21,205631957,literal-positional,8,242995512,14723323,false,false,literal-positional,,1,Concetta
317,c-phrase-literal,true,false,2,205233042,literal-positional,9,217304978,13343610,false,false,literal-positional,,1,Copying Files
828,g-regex,false,false,0,205107125,regex-trigram,60,54207110,400722,false,false,"lit-any(n=1,len=8-8)",4,1,"lessLink[(){};,]"
2,a-common-literal,true,false,9,204854209,literal-positional,80,217759843,13353113,false,false,literal-positional,,1,AdminBetaCode
361,c-phrase-literal,true,false,7,204839624,literal-positional,18,265863886,14037480,false,false,literal-positional,,1,Stream the
149,a-common-literal,true,false,28,204554625,literal-positional,13,287121668,14698776,false,false,literal-positional,,1,tetrahedron
180,b-rare-literal,true,false,1,204359584,literal-positional,7,246255084,14683932,false,false,literal-positional,,1,ChineseHongKong
325,c-phrase-literal,true,false,4,204338917,literal-positional,119,224293260,13452806,false,false,literal-positional,,1,Error handleing
122,a-common-literal,true,false,19,204234290,literal-positional,10,174290365,9769927,false,false,literal-positional,,1,maestri
47,a-common-literal,true,false,48,204225875,literal-positional,8,239585161,14737774,false,false,literal-positional,,1,Stint
321,c-phrase-literal,true,false,6,203969667,literal-positional,5,217263266,13342424,false,false,literal-positional,,1,Drop old
109,a-common-literal,true,false,4,203803166,literal-positional,6,244117353,14061831,false,false,literal-positional,,1,hipchat_msg_color
257,b-rare-literal,true,false,96,203491708,literal-positional,45,279859323,15583732,false,false,literal-positional,,1,bpg
326,c-phrase-literal,true,false,16,203156750,literal-positional,36,247552879,14827028,false,false,literal-positional,,1,Export partitons
359,c-phrase-literal,true,false,1188,202801708,literal-positional,235,285999411,14311039,false,false,literal-positional,,1,Set the
136,a-common-literal,true,false,57,202699625,literal-positional,23,229986316,13544533,false,false,literal-positional,,1,q92
251,b-rare-literal,true,false,15,201849876,literal-positional,7,235606150,14495367,false,false,literal-positional,,1,adule
601,f-high-frequency,true,false,37,201787917,literal-positional,6,217265033,13342463,false,false,literal-positional,,1,TestScenario
250,b-rare-literal,true,false,1,200980042,literal-positional,4,219180484,13490253,false,false,literal-positional,,1,acogolle
354,c-phrase-literal,true,false,31,200826417,literal-positional,34,233550235,14343744,false,false,literal-positional,,1,Put credential
374,c-phrase-literal,true,false,25,199878125,literal-positional,30,301643612,14474833,false,false,literal-positional,,1,create any
360,c-phrase-literal,true,false,7,198878959,literal-positional,16,245593976,14692820,false,false,literal-positional,,1,Some generic
968,h-case-insensitive,true,true,9,198534126,regex-trigram,601,2269049,14750,false,false,positional,1540,10,rseguy
597,f-high-frequency,true,false,40,198265710,literal-positional,4,233474625,14341756,false,false,literal-positional,,1,LuceneHighlightRules
5,a-common-literal,true,false,60,197773415,literal-positional,56,247021088,13732692,false,false,literal-positional,,1,BreadCrumb
620,f-high-frequency,true,false,24,197146458,literal-positional,11,249643070,13612516,false,false,literal-positional,,1,nonNegativeInteger
861,g-regex,false,false,0,196832374,regex-trigram,2,76722038,4640476,false,false,"all(lit-any(n=1,len=5-5),lit-any(n=1,len=6-6))",0,1,tyros.*SAAUlC
162,b-rare-literal,true,false,1,195587083,literal-positional,3,217237902,13341752,false,false,literal-positional,,1,AmbiguityMonitor
9,a-common-literal,true,false,12,194540999,literal-positional,8,141513227,8702924,false,false,literal-positional,,1,DnsElement
249,b-rare-literal,true,false,1,193611458,literal-positional,4,219411410,13513350,false,false,literal-positional,,1,accionan
252,b-rare-literal,true,false,3,193000166,literal-positional,3,218120449,13418128,false,false,literal-positional,,1,afeblec
224,b-rare-literal,true,false,1,192542292,literal-positional,3,217235483,13341698,false,false,literal-positional,,1,MemCount
761,g-regex,false,false,0,192017292,regex-trigram,113,134645151,4998307,false,false,"lit-any(n=1,len=4-4)",22,10,^[\t ]*IAAG
144,a-common-literal,true,false,10,191644333,literal-positional,4,217470999,13346865,false,false,literal-positional,,1,sgbs
18,a-common-literal,true,false,6,190357499,literal-positional,9,233493088,14342055,false,false,literal-positional,,1,FieldInferrer
167,b-rare-literal,true,false,2,190169292,literal-positional,55,217611963,13350071,false,false,literal-positional,,1,AutoDownloadMimeTypes
116,a-common-literal,true,false,47,188756666,literal-positional,27,228327624,13527648,false,false,literal-positional,,1,jdK
362,c-phrase-literal,true,false,11,188724002,literal-positional,11,217300404,13343304,false,false,literal-positional,,1,Tasks for
210,b-rare-literal,true,false,3,188185665,literal-positional,3,217427242,13341688,false,false,literal-positional,,1,Gdoa
211,b-rare-literal,true,false,5,187032166,literal-positional,4,217265795,13342518,false,false,literal-positional,,1,GetFabals
45,a-common-literal,true,false,20,184691083,literal-positional,14,217696382,13368556,false,false,literal-positional,,1,RecaptchaEnterprise
3,a-common-literal,true,false,246,184225085,literal-positional,4,222839996,13440831,false,false,literal-positional,,1,AndExpr
142,a-common-literal,true,false,3,183498208,literal-positional,25,190691587,10007437,false,false,literal-positional,,1,secondCaptain
316,c-phrase-literal,true,false,3747,181559000,literal-positional,379,219250547,13381143,false,false,literal-positional,,1,Content Include
727,g-regex,false,false,6,181143000,regex-trigram,36,91330198,4667665,false,false,"lit-any(n=1,len=5-5)",6,1,\bEAAUM\b
405,c-phrase-literal,true,false,16385,179950209,literal-positional,13701,229939529,10941684,false,false,literal-positional,,1,public class
787,g-regex,false,false,0,179543294,regex-trigram,11,66498123,1024714,false,false,"lit-any(n=1,len=10-10)",2,1,"accoucheur[(){};,]"
236,b-rare-literal,true,false,1,177305207,literal-positional,5,218919164,13381496,false,false,literal-positional,,1,RenameSearchComments
762,g-regex,false,false,0,176287166,regex-trigram,15,80291408,4669584,false,false,"lit-any(n=1,len=6-6)",3,1,^[\t ]*IAAKhN
172,b-rare-literal,true,false,14,176123168,literal-positional,7,221190228,13501535,false,false,literal-positional,,1,Bettye
800,g-regex,false,false,6,174847959,regex-trigram,37,148137271,2418138,false,false,"lit-any(n=1,len=8-8)",27,1,cliquish[ \t]
94,a-common-literal,true,false,6,173303166,literal-positional,4,157659515,9702533,false,false,literal-positional,,1,creditCardFee
408,c-phrase-literal,true,false,7801,165160041,literal-positional,1035,253316933,10302606,false,false,literal-positional,,1,return null
377,c-phrase-literal,true,false,5,163820416,literal-positional,23,241519464,10007070,false,false,literal-positional,,1,def create_checkpoint
931,h-case-insensitive,true,true,2,162724292,regex-trigram,219,6582368,1540,false,false,positional,40,10,cAG9D
927,h-case-insensitive,false,true,58,162710124,regex-trigram,452,4027018,3099,false,false,positional,94,10,avowal|hrnew
821,g-regex,false,false,295,160449249,regex-trigram,149,131107986,1854339,false,false,"lit-any(n=1,len=4-4)",2281,1,"iece[(){};,]"
134,a-common-literal,true,false,34,158279499,literal-positional,40,246248668,10875689,false,false,literal-positional,,1,professionally
225,b-rare-literal,true,false,1,157614916,literal-positional,2,141378948,8701513,false,false,literal-positional,,1,NotePad
904,h-case-insensitive,true,true,3,157007126,regex-trigram,184,3925576,476,false,false,positional,35,10,QACCpiB
613,f-high-frequency,true,false,154,156446251,literal-positional,71,242381783,10834409,false,false,literal-positional,,1,issuer
499,d-metachar-literal,true,false,3372,155546792,literal-positional,255,244935819,10250655,false,false,literal-positional,,1,a.b
788,g-regex,false,false,0,155484291,regex-trigram,18,74611781,1022692,false,false,"lit-any(n=1,len=7-7)",97,1,"afflict[(){};,]"
380,c-phrase-literal,true,false,5,154869250,literal-positional,32,210633285,9774887,false,false,literal-positional,,1,def show_progress
621,f-high-frequency,true,false,96,154148751,literal-positional,10,168965067,9450336,false,false,literal-positional,,1,openTabstops
606,f-high-frequency,true,false,53,151313376,literal-positional,10,144444296,8784730,false,false,literal-positional,,1,dLogDate
155,a-common-literal,true,false,9,148051250,literal-positional,4,143536417,8750987,false,false,literal-positional,,1,zone_domains_tld_aarp
213,b-rare-literal,true,false,1,146126624,literal-positional,13,147347915,8857435,false,false,literal-positional,,1,HtmlGifTransparent
69,a-common-literal,true,false,6,145548709,literal-positional,7,180366331,9839668,false,false,literal-positional,,1,acipenser_huso
161,b-rare-literal,true,false,1,145054625,literal-positional,14,158013052,9711255,false,false,literal-positional,,1,AddToSetEach
158,b-rare-literal,true,false,1,144690624,literal-positional,2,143543035,8834844,false,false,literal-positional,,1,Abarbeitungs
131,a-common-literal,true,false,15,144333042,literal-positional,31,184199316,9934718,false,false,literal-positional,,1,payment_group_reference
130,a-common-literal,true,false,10,143652708,literal-positional,37,145627823,8803375,false,false,literal-positional,,1,output_type
133,a-common-literal,true,false,2,143015417,literal-positional,5,171775624,8867284,false,false,literal-positional,,1,postCreated
118,a-common-literal,true,false,26,142957707,literal-positional,111,194225617,9992225,false,false,literal-positional,,1,keepAlive
920,h-case-insensitive,true,true,65,142701000,regex-trigram,4300,6427095,38075,false,false,positional,24997,10,adminEmail
830,g-regex,false,false,122,139761291,regex-trigram,31,108575802,2040121,false,false,"lit-any(n=1,len=7-7)",180,1,loyalty[ \t]
222,b-rare-literal,true,false,43,139178333,literal-positional,24,165926844,9731587,false,false,literal-positional,,1,M84
121,a-common-literal,true,false,24,136927749,literal-positional,5,141542563,8705148,false,false,literal-positional,,1,llGetMaxScaleFactor
78,a-common-literal,true,false,4,136884877,literal-positional,5,141551375,8703783,false,false,literal-positional,,1,baidu_rank
648,g-regex,false,false,56,135697041,regex-trigram,76,93365347,1600253,false,false,"lit-any(n=1,len=7-7)",122,1,Captain[ \t]
138,a-common-literal,true,false,44,133900499,literal-positional,55,193379433,7215153,false,false,literal-positional,,1,registrar_param_history
288,b-rare-literal,true,false,7,132147625,literal-positional,5,158417197,9711103,false,false,literal-positional,,1,p990
300,b-rare-literal,true,false,1,131847167,literal-positional,5,153349998,9049572,false,false,literal-positional,,1,useraccountid
120,a-common-literal,true,false,4,131727834,literal-positional,14,141920723,8711362,false,false,literal-positional,,1,lines_added
950,h-case-insensitive,true,true,8,130936208,regex-trigram,218,5367706,1245,false,false,positional,55,10,lbtiPendingLock
795,g-regex,false,false,6,128480334,regex-trigram,44,144807549,2441076,false,false,"lit-any(n=1,len=7-7)",10,1,brumous[ \t]
282,b-rare-literal,true,false,1,126045292,literal-positional,4,171646824,8866628,false,false,literal-positional,,1,linearGradient6449
733,g-regex,false,false,4,124330083,regex-trigram,3,79388496,4664500,false,false,"lit-any(n=1,len=9-9)",1,1,\bOPENQUERY\b
891,h-case-insensitive,true,true,10,121049624,regex-trigram,330,6754438,2643,false,false,positional,50,10,GAEpDI
824,g-regex,false,false,0,119445959,regex-trigram,101,67440183,1135887,false,false,"lit-any(n=1,len=6-6)",18,1,"isReal[(){};,]"
973,h-case-insensitive,true,true,32,117016584,regex-trigram,845,3505019,3319,false,false,positional,40,10,tcdf
22,a-common-literal,true,false,3,116689874,literal-positional,2,141479762,8704463,false,false,literal-positional,,1,GeoAddAsync
23,a-common-literal,true,false,7,114746124,literal-positional,4,145783898,8728819,false,false,literal-positional,,1,H346
928,h-case-insensitive,true,true,15,109357375,regex-trigram,286,3290695,2806,false,false,positional,169,10,baffin_island
394,c-phrase-literal,true,false,7,94668958,literal-positional,274,92824216,1230053,false,false,literal-positional,,1,if mariadb_version
836,g-regex,false,false,48,94512876,regex-trigram,240,58569220,804637,false,false,"lit-any(n=1,len=4-4)",590,10,"nFor[(){};,]"
414,c-phrase-literal,true,false,31590,93392749,literal-positional,3466,224817159,3880066,false,false,literal-positional,,1,to the
395,c-phrase-literal,true,false,8621,93242041,literal-positional,1698,138560879,2242114,false,false,literal-positional,,1,if not
398,c-phrase-literal,true,false,10,87311959,literal-positional,306,137333931,2191536,false,false,literal-positional,,1,if stream_option
1,a-common-literal,true,false,4,83236958,literal-positional,2,78027512,4773631,false,false,literal-positional,,1,Abgang
818,g-regex,false,false,11,79756375,regex-trigram,25,40720491,924950,false,false,"lit-any(n=1,len=8-8)",19,1,hrspacer[ \t]
655,g-regex,false,false,4,79398584,regex-trigram,6,829863,6,false,false,"lit-any(n=1,len=7-7)",4,1,"EAAOxgB[(){};,]"
378,c-phrase-literal,true,false,5,77315377,literal-positional,9,108707727,4877052,false,false,literal-positional,,1,def do_backup_final
690,g-regex,false,false,3,74191667,regex-trigram,5,1418583,5,false,false,"lit-any(n=1,len=7-7)",3,1,"SAAUnoB[(){};,]"
906,h-case-insensitive,true,true,36,72462500,regex-trigram,125,3303464,701,false,false,positional,97,10,Qpress
278,b-rare-literal,true,false,2,68670167,literal-positional,4,79642242,4824439,false,false,literal-positional,,1,iguieren
170,b-rare-literal,true,false,404,68622042,literal-positional,129,114287524,4969270,false,false,literal-positional,,1,BCD
654,g-regex,false,false,3,65673748,regex-trigram,6,2855373,881,false,false,"lit-any(n=1,len=6-6)",3,1,"EAAMlP[(){};,]"
955,h-case-insensitive,true,true,59,65144042,regex-trigram,137,2281217,3619,false,false,positional,76,10,muzzy
965,h-case-insensitive,true,true,9,60471166,regex-trigram,859,3026049,2820,false,false,positional,86,10,regProduct
674,g-regex,false,false,14,59836752,regex-trigram,54,31060778,1006,false,false,"lit-any(n=1,len=5-5)",13,1,"IAASA[(){};,]"
981,h-case-insensitive,true,true,2,59653209,regex-trigram,91,2469481,240,false,false,positional,23,1,ygVQE1olpn4Wk6k
495,d-metachar-literal,true,false,30669,59373042,literal-positional,2443,140037656,2214428,false,false,literal-positional,,1,[0]
790,g-regex,false,false,0,57826499,regex-trigram,4,29967359,765929,false,false,"lit-any(n=1,len=6-6)",0,1,"ahchoo[(){};,]"
834,g-regex,false,false,0,56377916,regex-trigram,8,10957734,210011,false,false,"lit-any(n=1,len=12-12)",44,1,macroEnabled[ \t]
972,h-case-insensitive,true,true,2,55940001,regex-trigram,133,1394233,1153,false,false,positional,46,10,stop2224
880,h-case-insensitive,true,true,12,53726750,regex-trigram,203,1581848,3473,false,false,positional,24,10,DuoMFA
668,g-regex,false,false,15,49994707,regex-trigram,49,61403459,164112,false,false,"lit-any(n=1,len=5-5)",14,1,"GAASD[(){};,]"
914,h-case-insensitive,true,true,12,49861376,regex-trigram,1268,29917005,13532,false,false,positional,266,10,_meridiemParse
633,f-high-frequency,true,false,377,49779667,literal-positional,49,122423839,2618883,false,false,literal-positional,,1,withdrawal
87,a-common-literal,true,false,27,48196751,literal-positional,15,57166874,2106280,false,false,literal-positional,,1,concernedly
89,a-common-literal,true,false,6,46977000,literal-positional,103,113289903,1667389,false,false,literal-positional,,1,consul_target
650,g-regex,false,false,0,46844626,regex-trigram,0,0,0,false,false,"lit-any(n=1,len=11-11)",0,1,Dativobjekt[ \t]
659,g-regex,false,false,1,44505042,regex-trigram,15,4846192,890,false,false,"lit-any(n=1,len=7-7)",1,1,"EAAkBhI[(){};,]"
412,c-phrase-literal,true,false,420,44120833,literal-positional,74,121858437,1852449,false,false,literal-positional,,1,sum of
413,c-phrase-literal,true,false,269,43496208,literal-positional,186,120802030,1735837,false,false,literal-positional,,1,to manage
472,d-metachar-literal,true,false,42622,43208833,literal-positional,311,16644500,385676,false,false,literal-positional,,1,/*!50003
516,d-metachar-literal,true,false,1583,41505333,literal-positional,244,99201143,2004912,false,false,literal-positional,,1,module.exports
512,d-metachar-literal,true,false,12455,40483458,literal-positional,1104,105731768,1746499,false,false,literal-positional,,1,i++
870,h-case-insensitive,true,true,2,40367583,regex-trigram,247,2460375,575,false,false,positional,9,10,A4Br9FA
264,b-rare-literal,true,false,16,40271460,literal-positional,9,38310209,1039009,false,false,literal-positional,,1,croaky
124,a-common-literal,true,false,115,39924292,literal-positional,23,116328314,2483653,false,false,literal-positional,,1,modesty
982,h-case-insensitive,true,true,94,39308667,regex-trigram,100,1534732,1636,false,false,positional,152,10,zM160
835,g-regex,false,false,0,36904042,regex-trigram,1,2228214,876,false,false,"all(lit-any(n=1,len=7-7),lit-any(n=1,len=6-6))",0,1,mystify.*SAAiBC
85,a-common-literal,true,false,13,33656626,literal-positional,11,73831962,1935908,false,false,literal-positional,,1,caparisoned
74,a-common-literal,true,false,20,33286874,literal-positional,13,94201244,1836832,false,false,literal-positional,,1,amazingly
913,h-case-insensitive,true,true,33,33253709,regex-trigram,2374,23392606,9627,false,false,positional,1594,10,_authContext
701,g-regex,false,false,16,32995251,regex-trigram,34,7858045,129724,false,false,"lit-any(n=1,len=7-7)",10,10,XmlMode[ \t]
123,a-common-literal,true,false,14,32797417,literal-positional,12,96072765,2019797,false,false,literal-positional,,1,mediastinum
480,d-metachar-literal,true,false,14327,32534584,literal-positional,2522,60133347,925608,false,false,literal-positional,,1,=> {
333,c-phrase-literal,true,false,76,32404999,literal-positional,18,441865,9967,false,false,literal-positional,,1,IF p_function
393,c-phrase-literal,true,false,87,32403916,literal-positional,48,72610559,1128687,false,false,literal-positional,,1,if int
403,c-phrase-literal,true,false,149,32162624,literal-positional,57,82824588,2030713,false,false,literal-positional,,1,loop through
506,d-metachar-literal,true,false,2940,30267249,literal-positional,112,36395778,938131,false,false,literal-positional,,1,"cursor.row,"
817,g-regex,false,false,0,30206000,regex-trigram,17,39563169,831742,false,false,"lit-any(n=1,len=4-4)",5,1,hdml[ \t]
465,d-metachar-literal,true,false,996,28070957,literal-positional,283,96172316,979380,false,false,literal-positional,,1,(x)
99,a-common-literal,true,false,6,27880582,literal-positional,14,35320953,1011646,false,false,literal-positional,,1,def_timezone
605,f-high-frequency,true,false,1643,27732083,literal-positional,388,7555094,247439,false,false,literal-positional,,1,cflocation
728,g-regex,false,false,4,27718710,regex-trigram,5,2757552,880,false,false,"lit-any(n=1,len=7-7)",3,1,\bEAAUxnB\b
402,c-phrase-literal,true,false,20,27366249,literal-positional,22,39189124,1080094,false,false,literal-positional,,1,log them
521,d-metachar-literal,true,false,437,27276542,literal-positional,178,45266762,486823,false,false,literal-positional,,1,results)
70,a-common-literal,true,false,11,26038167,literal-positional,44,57122513,884936,false,false,literal-positional,,1,activeConfig
315,c-phrase-literal,true,false,534,25739500,literal-positional,193,56986658,925812,false,false,literal-positional,,1,Check if
466,d-metachar-literal,true,false,3103,25265751,literal-positional,604,76251878,832185,false,false,literal-positional,,1,");"""
137,a-common-literal,true,false,24,24865624,literal-positional,8,26680827,716403,false,false,literal-positional,,1,qpress
365,c-phrase-literal,true,false,46173,24210876,literal-positional,45,6781628,113095,false,false,literal-positional,,1,VALUES LESS
675,g-regex,false,false,21,24064750,regex-trigram,55,23777552,278,false,false,"lit-any(n=1,len=4-4)",30,10,"IACR[(){};,]"
803,g-regex,false,false,0,23530042,regex-trigram,3,79653,1808,false,false,"lit-any(n=1,len=9-9)",4,1,divTIShow$
150,a-common-literal,true,false,7,23360125,literal-positional,5,26885759,723486,false,false,literal-positional,,1,tokenProperties
6,a-common-literal,true,false,7,23358040,literal-positional,7,1505983,7,false,false,literal-positional,,1,CAAChL
667,g-regex,false,false,0,23192751,regex-trigram,1,2228214,876,false,false,"all(lit-any(n=1,len=6-6),lit-any(n=1,len=6-6))",0,1,GAAQyU.*admisi
397,c-phrase-literal,true,false,5,23161457,literal-positional,26,36422432,413004,false,false,literal-positional,,1,if snapshot_dir
111,a-common-literal,true,false,6,22767834,literal-positional,6,3679477,85521,false,false,literal-positional,,1,idx_acctuser
644,g-regex,false,false,21,22035792,regex-trigram,171,9148975,2834,false,false,positional,2834,10,C.AtC
370,c-phrase-literal,true,false,54,20771376,literal-positional,110,75885259,597593,false,false,literal-positional,,1,button icon
115,a-common-literal,true,false,22,19898583,literal-positional,15,55389465,828159,false,false,literal-positional,,1,ip_start
505,d-metachar-literal,true,false,2148,19842334,literal-positional,174,52577524,980436,false,false,literal-positional,,1,a|b
381,c-phrase-literal,true,false,10,19644917,literal-positional,9,27611468,742603,false,false,literal-positional,,1,def signal_handler
269,b-rare-literal,true,false,80,19574125,literal-positional,3,5422456,122519,false,false,literal-positional,,1,estibot_droplist_ea
189,b-rare-literal,true,false,2,19047666,literal-positional,7,1095293,7,false,false,literal-positional,,1,EAAQxvB
915,h-case-insensitive,true,true,313,18055750,regex-trigram,248,17462634,2857,false,false,positional,285,10,_weight
399,c-phrase-literal,true,false,4366,17967373,literal-positional,835,58118703,743930,false,false,literal-positional,,1,img src
191,b-rare-literal,true,false,1,17596417,literal-positional,1,316181,1,false,false,literal-positional,,1,EAAW6J
638,g-regex,false,false,0,17497499,regex-trigram,0,0,0,false,false,"all(lit-any(n=1,len=8-8),lit-any(n=1,len=7-7))",0,1,Apotheke.*EiEpqPM
379,c-phrase-literal,true,false,5,17402374,literal-positional,18,30625421,719759,false,false,literal-positional,,1,def get_files
190,b-rare-literal,true,false,2,17358209,literal-positional,2,264740,2,false,false,literal-positional,,1,EAAStL
193,b-rare-literal,true,false,1,16743458,literal-positional,7,940078,7,false,false,literal-positional,,1,EAAkBjD
314,c-phrase-literal,true,false,34,16580585,literal-positional,871,45312204,598752,false,false,literal-positional,,1,Add new
511,d-metachar-literal,true,false,21,16541375,literal-positional,26,44718142,326823,false,false,literal-positional,,1,group_concat(case
140,a-common-literal,true,false,9,16496293,literal-positional,6,15989552,430638,false,false,literal-positional,,1,ruthlessly
757,g-regex,false,false,0,15896583,regex-trigram,20,27770172,2122,false,false,"lit-any(n=1,len=6-6)",3,1,^[\t ]*EAAGqB
868,g-regex,false,false,0,15764209,regex-trigram,1481,0,38518,false,false,positional,0,10,yerais.*War
391,c-phrase-literal,true,false,5,15701665,literal-positional,4,14300646,351822,false,false,literal-positional,,1,get datadir
513,d-metachar-literal,true,false,9339,15552208,literal-positional,106,22813791,390848,false,false,literal-positional,,1,int(10)
79,a-common-literal,true,false,18,15346251,literal-positional,9,263389,6185,false,false,literal-positional,,1,bgTextureHover
731,g-regex,false,false,3,15278917,regex-trigram,8,4337753,1803,false,false,"lit-any(n=1,len=6-6)",3,1,\bOAAQic\b
389,c-phrase-literal,true,false,7,15075958,literal-positional,12,51430595,288899,false,false,literal-positional,,1,from optparse
987,i-unicode,true,false,4,14928583,literal-positional,5,28219793,846180,false,false,literal-positional,,1,cadalozlaşmak
691,g-regex,false,false,0,14733125,regex-trigram,0,0,0,false,false,"lit-any(n=1,len=7-7)",0,1,SAAyBpG[ \t]
894,h-case-insensitive,true,true,187,14698416,regex-trigram,51,1385734,174,false,false,positional,174,10,H31
611,f-high-frequency,true,false,659,14549791,literal-positional,173,36634374,499697,false,false,literal-positional,,1,focusout
528,d-metachar-literal,true,false,332,14185833,literal-positional,63,5070025,125414,false,false,literal-positional,,1,"varchar(255),"
295,b-rare-literal,true,false,1,14124127,literal-positional,1,33717,930,false,false,literal-positional,,1,stop2625
188,b-rare-literal,true,false,2,14093416,literal-positional,2,249061,2,false,false,literal-positional,,1,EAANnC
21,a-common-literal,true,false,1,13643792,literal-positional,5,1192654,5,false,false,literal-positional,,1,GAAmB9E
471,d-metachar-literal,true,false,16,13638458,literal-positional,16,3915587,57609,false,false,literal-positional,,1,.d-table-cell
358,c-phrase-literal,true,false,7,13137167,literal-positional,11,783332,14466,false,false,literal-positional,,1,SELECT partition_name
415,c-phrase-literal,true,false,14,13058833,literal-positional,12,26708366,716652,false,false,literal-positional,,1,use tc_mysqlmgmt
192,b-rare-literal,true,false,1,12932709,literal-positional,1,125107,1,false,false,literal-positional,,1,EAAW9N
493,d-metachar-literal,true,false,1920,12739333,literal-positional,1914,19631148,481502,false,false,literal-positional,,1,System.Text;
610,f-high-frequency,true,false,80,12680290,literal-positional,3,5422446,122518,false,false,literal-positional,,1,estibot_droplist_cd
470,d-metachar-literal,true,false,240,12613875,literal-positional,2,4340,177,false,false,literal-positional,,1,.ace-xcode
916,h-case-insensitive,true,true,43,12403041,regex-trigram,119,568162,314,false,false,positional,50,10,a595
517,d-metachar-literal,true,false,7,12400791,literal-positional,3,26676951,715856,false,false,literal-positional,,1,"now(utc=False,"
477,d-metachar-literal,true,false,14,11693459,literal-positional,11,68608,1871,false,false,literal-positional,,1,255.0.0.0
425,d-metachar-literal,true,false,713,11476456,literal-positional,229,31439942,597552,false,false,literal-positional,,1,"""+"""
534,d-metachar-literal,true,false,4715,11251625,literal-positional,640,13794608,237905,false,false,literal-positional,,1,"}}"""
297,b-rare-literal,true,false,1,11192375,literal-positional,5,31822374,206658,false,false,literal-positional,,1,test_stop
63,a-common-literal,true,false,4,11118125,literal-positional,9,762039,12417,false,false,literal-positional,,1,_regionConfidence
533,d-metachar-literal,true,false,776,11007582,literal-positional,89,15214284,446020,false,false,literal-positional,,1,|sed
669,g-regex,false,false,0,10976376,regex-trigram,0,0,0,false,false,"all(lit-any(n=1,len=7-7),lit-any(n=1,len=8-8))",0,1,GAAYrvB.*rightful
994,i-unicode,true,false,1391,10917293,literal-positional,294,50425916,507586,false,false,literal-positional,,1,—
12,a-common-literal,true,false,5,10905668,literal-positional,4,702061,4,false,false,literal-positional,,1,EAAO6a
976,h-case-insensitive,true,true,6,10816000,regex-trigram,541,193600,9362,false,false,positional,66,10,to_linkid
768,g-regex,false,false,122,10710457,regex-trigram,434,2160543,11067,false,false,positional,11067,10,^[\t ]*asm
96,a-common-literal,true,false,8,10042082,literal-positional,2,157030,2877,false,false,literal-positional,,1,date_ge_timestamptz
330,c-phrase-literal,true,false,2,10012415,literal-positional,1,1207,21,false,false,literal-positional,,1,FROM vsphere_vm_info_latest
404,c-phrase-literal,true,false,70,9892751,literal-positional,49,41453274,340355,false,false,literal-positional,,1,move them
234,b-rare-literal,true,false,1,9732710,literal-positional,1,2602,80,false,false,literal-positional,,1,RabbitMqData
435,d-metachar-literal,true,false,3,9728667,literal-positional,1,13082,351,false,false,literal-positional,,1,$PartitionInfoFile
679,g-regex,false,false,3,9675790,regex-trigram,4,2598300,879,false,false,"lit-any(n=1,len=6-6)",3,1,"KAAWoQ[(){};,]"
463,d-metachar-literal,true,false,226,9661126,literal-positional,59,38930047,328787,false,false,literal-positional,,1,(//
312,c-phrase-literal,true,false,276,8982332,literal-positional,39,611329,14207,false,false,literal-positional,,1,AND table_name
429,d-metachar-literal,true,false,2,8855749,literal-positional,2,1973,59,false,false,literal-positional,,1,#+$Info.HostName
944,h-case-insensitive,true,true,3,8825125,regex-trigram,82,302807,532,false,false,positional,5,10,h363q28
532,d-metachar-literal,true,false,1279,8752501,literal-positional,144,15349713,449701,false,false,literal-positional,,1,|cut
865,g-regex,false,false,0,8721417,regex-trigram,0,0,0,false,false,"all(lit-any(n=1,len=6-6),lit-any(n=1,len=7-7))",0,1,wheelY.*GACJgkC
682,g-regex,false,false,0,8701501,regex-trigram,10,19422600,19952,false,false,"lit-any(n=1,len=6-6)",3,1,OAAOuS$
13,a-common-literal,true,false,6,8519709,literal-positional,8,1302200,15,false,false,literal-positional,,1,EAAOwsB
20,a-common-literal,true,false,4,8220292,literal-positional,4,750477,4,false,false,literal-positional,,1,GAAMrC
332,c-phrase-literal,true,false,32,8015374,literal-positional,16,429614,9751,false,false,literal-positional,,1,IF p_file_format
459,d-metachar-literal,true,false,100,7969334,literal-positional,65,1084323,27511,false,false,literal-positional,,1,'{print
396,c-phrase-literal,true,false,388,7918501,literal-positional,8,391603,9423,false,false,literal-positional,,1,if self
500,d-metachar-literal,true,false,12,7805874,literal-positional,7,52717,1690,false,false,literal-positional,,1,ansible.builtin.copy:
419,c-phrase-literal,true,false,18,7475498,literal-positional,12,31737481,206985,false,false,literal-positional,,1,while not
525,d-metachar-literal,true,false,15,7440793,literal-positional,2,553434,16209,false,false,literal-positional,,1,this.pad('{{
410,c-phrase-literal,true,false,1,7375584,literal-positional,8,1187024,75817,false,false,literal-positional,,1,select volume
104,a-common-literal,true,false,13,7355915,literal-positional,4,209642,4704,false,false,literal-positional,,1,fl_count
507,d-metachar-literal,true,false,8,7195083,literal-positional,19,3312698,90224,false,false,literal-positional,,1,date('1900-01-01')
758,g-regex,false,false,0,7180209,regex-trigram,18,3970480,819,false,false,"lit-any(n=1,len=6-6)",9,1,^[\t ]*EAAKwG
113,a-common-literal,true,false,29,7132376,literal-positional,4,50913,1825,false,false,literal-positional,,1,inputElements
446,d-metachar-literal,true,false,393,7117833,literal-positional,14,68055,2361,false,false,literal-positional,,1,$vmName
441,d-metachar-literal,true,false,1496,6945459,literal-positional,62,3684382,53297,false,false,literal-positional,,1,$result
618,f-high-frequency,true,false,246,6848041,literal-positional,64,8239610,140435,false,false,literal-positional,,1,lorDepth
313,c-phrase-literal,true,false,3,6781917,literal-positional,2,14006,307,false,false,literal-positional,,1,AND time
184,b-rare-literal,true,false,1,6768456,literal-positional,1,137960,1,false,false,literal-positional,,1,EAAEsc
49,a-common-literal,true,false,14,6641709,literal-positional,4,395940,6865,false,false,literal-positional,,1,TLDCount
59,a-common-literal,true,false,12,6615375,literal-positional,12,35455108,297494,false,false,literal-positional,,1,__zr_style_
154,a-common-literal,true,false,19,6614751,literal-positional,6,1049950,18396,false,false,literal-positional,,1,wiki_derived_available
277,b-rare-literal,true,false,4,6566959,literal-positional,1,2167892,133394,false,false,literal-positional,,1,hlungsergebnis
518,d-metachar-literal,true,false,803,6538585,literal-positional,142,9637429,65987,false,false,literal-positional,,1,overflow:hidden;}
420,c-phrase-literal,true,false,44,6131293,literal-positional,32,6254156,118995,false,false,literal-positional,,1,would need
323,c-phrase-literal,true,false,1574,6063875,literal-positional,116,11067290,270692,false,false,literal-positional,,1,END IF
428,d-metachar-literal,true,false,4875,6009333,literal-positional,578,8406576,201218,false,false,literal-positional,,1,"""{{"
299,b-rare-literal,true,false,8,6008041,literal-positional,7,4243490,95149,false,false,literal-positional,,1,upgrade_count
464,d-metachar-literal,true,false,661,5973418,literal-positional,109,9360186,196132,false,false,literal-positional,,1,(SELECT
110,a-common-literal,true,false,8,5934000,literal-positional,2,849650,16957,false,false,literal-positional,,1,httpresponse_setetag
279,b-rare-literal,true,false,1,5794627,literal-positional,1,79347,2067,false,false,literal-positional,,1,jira_affected_user
159,b-rare-literal,true,false,1,5753124,literal-positional,1,2167892,133394,false,false,literal-positional,,1,Abschwellen
334,c-phrase-literal,true,false,64,5693960,literal-positional,21,1789900,43233,false,false,literal-positional,,1,IF p_type_part
439,d-metachar-literal,true,false,2,5667501,literal-positional,1,3285,93,false,false,literal-positional,,1,$TmpDir/Apps.tar
531,d-metachar-literal,true,false,38,5639793,literal-positional,8,76330,2009,false,false,literal-positional,,1,|Out-File
867,g-regex,false,false,1,5631541,regex-trigram,97,39810,4183,false,false,positional,1,10,yak.*raving
147,a-common-literal,true,false,39,5586958,literal-positional,13,30950615,218525,false,false,literal-positional,,1,subscribes
392,c-phrase-literal,true,false,5,5463418,literal-positional,11,112933,3257,false,false,literal-positional,,1,global logger
496,d-metachar-literal,true,false,105,5281708,literal-positional,24,12159709,341289,false,false,literal-positional,,1,[openbsd]
468,d-metachar-literal,true,false,6,5279833,literal-positional,3,9943,197,false,false,literal-positional,,1,--user=$MySQLUser
702,g-regex,false,false,0,5252873,regex-trigram,0,0,0,false,false,"lit-any(n=1,len=6-6)",0,1,YAAMiC[ \t]
658,g-regex,false,false,0,5222582,regex-trigram,0,0,0,false,false,"lit-any(n=1,len=7-7)",0,1,EAAgBxO[ \t]
291,b-rare-literal,true,false,1,4985168,literal-positional,1,72277,2268,false,false,literal-positional,,1,radialGradient12636
622,f-high-frequency,true,false,84,4982792,literal-positional,16,2236260,37245,false,false,literal-positional,,1,owned_registrar_id
350,c-phrase-literal,true,false,2,4948459,literal-positional,2,100751,364,false,false,literal-positional,,1,PARTITION p_20210201
175,b-rare-literal,true,false,1,4921042,literal-positional,1,2167892,133394,false,false,literal-positional,,1,Bohlenflo
187,b-rare-literal,true,false,1,4909874,literal-positional,1,105346,1,false,false,literal-positional,,1,EAAMsR
502,d-metachar-literal,true,false,83,4877083,literal-positional,38,278934,8636,false,false,literal-positional,,1,ansible.builtin.file:
652,g-regex,false,false,2,4760707,regex-trigram,28,3558098,33,false,false,positional,33,1,E.uBE
509,d-metachar-literal,true,false,14,4748626,literal-positional,11,979796,16685,false,false,literal-positional,,1,function.</summary>
430,d-metachar-literal,true,false,545,4735875,literal-positional,187,487107,12766,false,false,literal-positional,,1,$(cat
436,d-metachar-literal,true,false,3,4669749,literal-positional,1,7779,219,false,false,literal-positional,,1,$Partitions2Archive
475,d-metachar-literal,true,false,4,4585333,literal-positional,24,10759210,61327,false,false,literal-positional,,1,10.0.70.0
956,h-case-insensitive,true,true,4,4572168,regex-trigram,209,164782,2051,false,false,positional,7,10,mysql_user_system
101,a-common-literal,true,false,3,4546832,literal-positional,1,21762,399,false,false,literal-positional,,1,dwm_add_new
491,d-metachar-literal,true,false,1,4446416,literal-positional,1,7779,219,false,false,literal-positional,,1,MinId=$StartingID
328,c-phrase-literal,true,false,482,4407834,literal-positional,87,2382240,57302,false,false,literal-positional,,1,FROM information_schema
185,b-rare-literal,true,false,1,4287541,literal-positional,1,105346,1,false,false,literal-positional,,1,EAAK64B
426,d-metachar-literal,true,false,204,4272209,literal-positional,153,4439544,103609,false,false,literal-positional,,1,""".NET"
438,d-metachar-literal,true,false,4,4259125,literal-positional,1,2336,60,false,false,literal-positional,,1,$SVCFile
460,d-metachar-literal,true,false,726,4251748,literal-positional,114,11334521,230405,false,false,literal-positional,,1,'{{
478,d-metachar-literal,true,false,3,4204249,literal-positional,4,9547215,234369,false,false,literal-positional,,1,395.121
14,a-common-literal,true,false,3,4170334,literal-positional,3,370086,3,false,false,literal-positional,,1,EAASxP
308,c-phrase-literal,true,false,7,4156583,literal-positional,7,62008,1336,false,false,literal-positional,,1,A procedure
35,a-common-literal,true,false,247,4123916,literal-positional,16,2483276,35219,false,false,literal-positional,,1,Lucene
453,d-metachar-literal,true,false,3,4113666,literal-positional,2,20861,570,false,false,literal-positional,,1,${TmpDir}/*.out
11,a-common-literal,true,false,5,4095668,literal-positional,5,695884,5,false,false,literal-positional,,1,EAAM3L
594,f-high-frequency,true,false,6000,4043542,literal-positional,16,3946347,52025,false,false,literal-positional,,1,FullBackups
390,c-phrase-literal,true,false,120,3933209,literal-positional,30,3356846,79927,false,false,literal-positional,,1,function JSX
82,a-common-literal,true,false,3,3866749,literal-positional,2,279225,5656,false,false,literal-positional,,1,boss_spoke
241,b-rare-literal,true,false,1,3852168,literal-positional,1,6221,93,false,false,literal-positional,,1,UnitrendsVMBackup
15,a-common-literal,true,false,1,3800042,literal-positional,2,376173,2,false,false,literal-positional,,1,EAAmBtC
503,d-metachar-literal,true,false,20,3672208,literal-positional,19,186978,5964,false,false,literal-positional,,1,ansible.posix.mount:
443,d-metachar-literal,true,false,112,3636918,literal-positional,19,3931924,16060,false,false,literal-positional,,1,$value
437,d-metachar-literal,true,false,4,3551042,literal-positional,1,3285,93,false,false,literal-positional,,1,$PemFile
26,a-common-literal,true,false,9,3539125,literal-positional,9,4222849,16,false,false,literal-positional,,1,IAAIjE
687,g-regex,false,false,1,3484792,regex-trigram,9,1412027,16,false,false,"lit-any(n=1,len=6-6)",1,1,"QACrEC[(){};,]"
383,c-phrase-literal,true,false,4,3481332,literal-positional,1,6578,126,false,false,literal-positional,,1,echo  DESTINATION
228,b-rare-literal,true,false,1,3479834,literal-positional,3,571311,3,false,false,literal-positional,,1,QAAE0rB
186,b-rare-literal,true,false,1,3478625,literal-positional,1,219918,1,false,false,literal-positional,,1,EAAMlc
344,c-phrase-literal,true,false,2,3301417,literal-positional,2,100751,364,false,false,literal-positional,,1,PARTITION p_20201001
386,c-phrase-literal,true,false,5,3235875,literal-positional,1,25042,697,false,false,literal-positional,,1,elif opts
27,a-common-literal,true,false,7,3231875,literal-positional,6,1070380,6,false,false,literal-positional,,1,IAAKE
734,g-regex,false,false,1,3038874,regex-trigram,12,4438806,901,false,false,"lit-any(n=1,len=7-7)",1,1,\bQACjBnK\b
537,d-metachar-literal,true,false,42,3027251,literal-positional,10,115494,3266,false,false,literal-positional,,1,}}\\Virtual
741,g-regex,false,false,2,2992292,regex-trigram,3,2736874,878,false,false,"lit-any(n=1,len=5-5)",2,1,\beAsVX\b
287,b-rare-literal,true,false,36,2980124,literal-positional,1,159302,7016,false,false,literal-positional,,1,nnosla
61,a-common-literal,true,false,8,2970083,literal-positional,2,142988,3101,false,false,literal-positional,,1,_maximumAttachmentSize
385,c-phrase-literal,true,false,138,2944375,literal-positional,16,769593,30335,false,false,literal-positional,,1,echo Error
515,d-metachar-literal,true,false,2,2892083,literal-positional,1,10461,320,false,false,literal-positional,,1,"match(""18"")"
366,c-phrase-literal,true,false,75,2891625,literal-positional,26,3441968,91586,false,false,literal-positional,,1,WHERE NOT
592,f-high-frequency,true,false,30,2848001,literal-positional,29,4054420,29,false,false,literal-positional,,1,EAAYC
481,d-metachar-literal,true,false,1,2799250,literal-positional,1,13082,351,false,false,literal-positional,,1,>=a.min_id
346,c-phrase-literal,true,false,2,2787917,literal-positional,8,5674902,90760,false,false,literal-positional,,1,PARTITION p_20201022
442,d-metachar-literal,true,false,418,2726500,literal-positional,44,153136,4910,false,false,literal-positional,,1,$result.changed
215,b-rare-literal,true,false,4,2702168,literal-positional,4,15151108,4,false,false,literal-positional,,1,IAC3J
504,d-metachar-literal,true,false,6,2642666,literal-positional,3,41039,1180,false,false,literal-positional,,1,ansible_ssh_pass={{
319,c-phrase-literal,true,false,94,2635291,literal-positional,32,3644911,96155,false,false,literal-positional,,1,DROP FUNCTION
83,a-common-literal,true,false,8,2586417,literal-positional,1,23162,256,false,false,literal-positional,,1,bwperim
40,a-common-literal,true,false,8,2573625,literal-positional,2,130144,1465,false,false,literal-positional,,1,NoSuchFileError
223,b-rare-literal,true,false,1,2572583,literal-positional,1,109089,1,false,false,literal-positional,,1,MAAlCkE
372,c-phrase-literal,true,false,998,2569166,literal-positional,114,2749843,90275,false,false,literal-positional,,1,cfelseif u
501,d-metachar-literal,true,false,10,2547209,literal-positional,2,12251,377,false,false,literal-positional,,1,ansible.builtin.fetch:
996,i-unicode,true,false,442,2454833,literal-positional,117,3983968,104834,false,false,literal-positional,,1,→
171,b-rare-literal,true,false,1,2403585,literal-positional,1,2167892,133394,false,false,literal-positional,,1,Bedingtheit
384,c-phrase-literal,true,false,64,2362540,literal-positional,10,64615,1896,false,false,literal-positional,,1,echo ERROR
486,d-metachar-literal,true,false,213,2321289,literal-positional,44,4133309,108264,false,false,literal-positional,,1,CAST(
309,c-phrase-literal,true,false,32,2311290,literal-positional,31,1077047,27338,false,false,literal-positional,,1,A script
71,a-common-literal,true,false,10,2294624,literal-positional,3,51825,1128,false,false,literal-positional,,1,admin_cc_rep
207,b-rare-literal,true,false,1,2273250,literal-positional,1,137960,1,false,false,literal-positional,,1,GAAkBj6B
320,c-phrase-literal,true,false,125,2252417,literal-positional,27,3484762,92633,false,false,literal-positional,,1,DROP TEMPORARY
284,b-rare-literal,true,false,1,2247498,literal-positional,3,4796,126,false,false,literal-positional,,1,max_concurrent_requests
66,a-common-literal,true,false,2,2210625,literal-positional,2,2341114,120233,false,false,literal-positional,,1,abrenunciar
432,d-metachar-literal,true,false,1280,2207458,literal-positional,7,97536,3305,false,false,literal-positional,,1,$0\n\
357,c-phrase-literal,true,false,2,2181876,literal-positional,1,12616,271,false,false,literal-positional,,1,SELECT mean
97,a-common-literal,true,false,8,2171999,literal-positional,2,849650,16957,false,false,literal-positional,,1,db2_num_rows
820,g-regex,false,false,0,2169374,regex-trigram,1,2228214,876,false,false,"all(lit-any(n=1,len=5-5),lit-any(n=1,len=6-6))",0,1,iBAGR.*IAUNrG
596,f-high-frequency,true,false,41,2166456,literal-positional,39,8106456,498,false,false,literal-positional,,1,IAAf
458,d-metachar-literal,true,false,63,2089126,literal-positional,16,2158836,64802,false,false,literal-positional,,1,'\n';
203,b-rare-literal,true,false,3,2080793,literal-positional,3,5082266,152495,false,false,literal-positional,,1,FNRm
355,c-phrase-literal,true,false,14,2076710,literal-positional,58,1323712,34600,false,false,literal-positional,,1,Run Sync
289,b-rare-literal,true,false,1,2043793,literal-positional,9,6060732,97825,false,false,literal-positional,,1,p_20180327
382,c-phrase-literal,true,false,10,2012000,literal-positional,1,25042,697,false,false,literal-positional,,1,def start_backup
310,c-phrase-literal,true,false,1378,1978376,literal-positional,33,951049,15333,false,false,literal-positional,,1,ADD PARTITION
275,b-rare-literal,true,false,20,1963292,literal-positional,12,7798973,75214,false,false,literal-positional,,1,h1K
62,a-common-literal,true,false,2,1961250,literal-positional,1,5973,151,false,false,literal-positional,,1,_memCacheKey
28,a-common-literal,true,false,2,1947665,literal-positional,5,1009898,5,false,false,literal-positional,,1,IAAM0xB
799,g-regex,false,false,28,1869251,regex-trigram,117,1289682,578,false,false,positional,578,1,"ccb[(){};,]"
318,c-phrase-literal,true,false,87,1858707,literal-positional,25,3646250,96920,false,false,literal-positional,,1,DEALLOCATE PREPARE
206,b-rare-literal,true,false,1,1857790,literal-positional,1,53753,1,false,false,literal-positional,,1,GAAgBjM
375,c-phrase-literal,true,false,107,1836000,literal-positional,14,427589,10445,false,false,literal-positional,,1,def __init__
476,d-metachar-literal,true,false,980,1799541,literal-positional,102,2720162,39416,false,false,literal-positional,,1,10.0.80.13
367,c-phrase-literal,true,false,289,1709292,literal-positional,49,679432,15737,false,false,literal-positional,,1,WHERE table_schema
243,b-rare-literal,true,false,1,1693084,literal-positional,1,74930,326,false,false,literal-positional,,1,Veraguas_10
854,g-regex,false,false,19,1688541,regex-trigram,122,976925,675,false,false,positional,675,10,srv[ \t]
369,c-phrase-literal,true,false,2,1671500,literal-positional,71,457622,12447,false,false,literal-positional,,1,basic Steps
814,g-regex,false,false,7,1663581,regex-trigram,82,1144538,830,false,false,positional,830,10,gip$
216,b-rare-literal,true,false,1,1636709,literal-positional,1,105346,1,false,false,literal-positional,,1,KAAOyG
351,c-phrase-literal,true,false,2,1635958,literal-positional,2,100751,364,false,false,literal-positional,,1,PARTITION p_20210205
988,i-unicode,true,false,21,1625458,literal-positional,4,2542630,116375,false,false,literal-positional,,1,café
322,c-phrase-literal,true,false,34,1620708,literal-positional,6,54678,1824,false,false,literal-positional,,1,Dynamic mem
205,b-rare-literal,true,false,1,1614958,literal-positional,6,1085033,6,false,false,literal-positional,,1,GAAI5sB
732,g-regex,false,false,1,1609125,regex-trigram,1,53959,1,false,false,"lit-any(n=1,len=6-6)",1,1,\bOACLhF\b
153,a-common-literal,true,false,3,1584707,literal-positional,3,23189,203,false,false,literal-positional,,1,whoislog_readonly
700,g-regex,false,false,0,1569666,regex-trigram,27,6087959,909,false,false,"lit-any(n=1,len=6-6)",3,1,WACtBC$
146,a-common-literal,true,false,12,1555208,literal-positional,3,1203044,22385,false,false,literal-positional,,1,subPixelFix
294,b-rare-literal,true,false,4,1505333,literal-positional,2,283401,5454,false,false,literal-positional,,1,sideboxBeige_b
331,c-phrase-literal,true,false,2,1483541,literal-positional,2,15415,346,false,false,literal-positional,,1,Get GTID
469,d-metachar-literal,true,false,1874,1459334,literal-positional,177,484229,9188,false,false,literal-positional,,1,.ForMember(d
530,d-metachar-literal,true,false,52,1456583,literal-positional,13,2002245,2430,false,false,literal-positional,,1,{role:
780,g-regex,false,false,8,1421874,regex-trigram,110,812775,783,false,false,positional,783,10,^[\t ]*sdb
36,a-common-literal,true,false,3,1419875,literal-positional,3,421548,3,false,false,literal-positional,,1,MAAMlI
58,a-common-literal,true,false,5,1351001,literal-positional,5,3017083,85410,false,false,literal-positional,,1,YtOq
179,b-rare-literal,true,false,2,1347500,literal-positional,2,437846,4832,false,false,literal-positional,,1,Cabrayil
132,a-common-literal,true,false,8,1347333,literal-positional,5,203414,4033,false,false,literal-positional,,1,poly_in
221,b-rare-literal,true,false,2,1342961,literal-positional,2,17111,464,false,false,literal-positional,,1,LaunchConfig
345,c-phrase-literal,true,false,2,1341290,literal-positional,2,100751,364,false,false,literal-positional,,1,PARTITION p_20201005
729,g-regex,false,false,1,1332541,regex-trigram,3,2571886,878,false,false,"lit-any(n=1,len=7-7)",1,1,\bKAGxDsF\b
327,c-phrase-literal,true,false,20,1293125,literal-positional,19,443924,10010,false,false,literal-positional,,1,FROM day_num
240,b-rare-literal,true,false,1,1216624,literal-positional,1,316181,1,false,false,literal-positional,,1,UAAWc
37,a-common-literal,true,false,3,1203666,literal-positional,3,370086,3,false,false,literal-positional,,1,MAAU2I
41,a-common-literal,true,false,3,1194167,literal-positional,3,370086,3,false,false,literal-positional,,1,OAASjR
764,g-regex,false,false,0,1178667,regex-trigram,7,2723910,195,false,false,"lit-any(n=1,len=5-5)",2,1,^[\t ]*IAuBK
376,c-phrase-literal,true,false,5,1166500,literal-positional,1,25042,697,false,false,literal-positional,,1,def backup_using_wdt
356,c-phrase-literal,true,false,36,1161833,literal-positional,16,2243972,50024,false,false,literal-positional,,1,SELECT g
661,g-regex,false,false,3,1122126,regex-trigram,5,1399344,5,false,false,"lit-any(n=1,len=5-5)",3,1,"ECjCc[(){};,]"
226,b-rare-literal,true,false,1,1116793,literal-positional,1,192479,1,false,false,literal-positional,,1,OAAO5f
60,a-common-literal,true,false,10,1101791,literal-positional,7,2732088,48463,false,false,literal-positional,,1,_goodBad
168,b-rare-literal,true,false,1,1060791,literal-positional,1,219918,1,false,false,literal-positional,,1,BAACjF
307,b-rare-literal,true,false,2,1049209,literal-positional,2,403716,7411,false,false,literal-positional,,1,zonefile_search2
337,c-phrase-literal,true,false,2,1014500,literal-positional,4,120958,717,false,false,literal-positional,,1,PARTITION p_20200525
229,b-rare-literal,true,false,2,1001959,literal-positional,2,447031,2,false,false,literal-positional,,1,QAAIiN
990,i-unicode,true,false,5,990500,literal-positional,3,1069114,72411,false,false,literal-positional,,1,naïve
194,b-rare-literal,true,false,1,949542,literal-positional,1,113318,1,false,false,literal-positional,,1,EACH1C
76,a-common-literal,true,false,57,932708,literal-positional,19,2948747,36310,false,false,literal-positional,,1,avg_us
341,c-phrase-literal,true,false,2,931459,literal-positional,2,100751,364,false,false,literal-positional,,1,PARTITION p_20200812
444,d-metachar-literal,true,false,34,921959,literal-positional,6,54678,1824,false,false,literal-positional,,1,$vmMemoryMax
349,c-phrase-literal,true,false,2,919625,literal-positional,2,100751,364,false,false,literal-positional,,1,PARTITION p_20201231
98,a-common-literal,true,false,8,917003,literal-positional,2,849650,16957,false,false,literal-positional,,1,dbplus_sql
535,d-metachar-literal,true,false,216,908166,literal-positional,74,1365892,31081,false,false,literal-positional,,1,"}}"","
989,i-unicode,true,false,1,886500,literal-positional,1,8048,185,false,false,literal-positional,,1,cluster’s
246,b-rare-literal,true,false,1,880374,literal-positional,1,59391,1,false,false,literal-positional,,1,YAAsBgF
339,c-phrase-literal,true,false,2,877166,literal-positional,2,100751,364,false,false,literal-positional,,1,PARTITION p_20200730
311,c-phrase-literal,true,false,22,873959,literal-positional,20,448386,10110,false,false,literal-positional,,1,AND DATE_ADD
698,g-regex,false,false,2,864501,regex-trigram,8,2397206,245,false,false,"all(lit-any(n=1,len=1-1),lit-any(n=1,len=4-4))",2,1,W.BzBW
50,a-common-literal,true,false,5,851666,literal-positional,16,456082,17111,false,false,literal-positional,,1,TclPrdAkTest2
340,c-phrase-literal,true,false,2,846166,literal-positional,2,100751,364,false,false,literal-positional,,1,PARTITION p_20200804
129,a-common-literal,true,false,4,816500,literal-positional,4,1770527,51246,false,false,literal-positional,,1,oOCtoJ3F17kglZC
348,c-phrase-literal,true,false,2,810876,literal-positional,2,100751,364,false,false,literal-positional,,1,PARTITION p_20201230
4,a-common-literal,true,false,8,800916,literal-positional,2,5030,193,false,false,literal-positional,,1,B83426
214,b-rare-literal,true,false,1,758250,literal-positional,1,74930,326,false,false,literal-positional,,1,Humacao_069
347,c-phrase-literal,true,false,2,737710,literal-positional,2,100751,364,false,false,literal-positional,,1,PARTITION p_20201228
44,a-common-literal,true,false,3,726585,literal-positional,3,985006,28714,false,false,literal-positional,,1,QIZrnhueC1W0gYlDEeaPr
105,a-common-literal,true,false,9,714625,literal-positional,3,2161274,49537,false,false,literal-positional,,1,fpcrj9c3d
338,c-phrase-literal,true,false,2,713835,literal-positional,4,120958,717,false,false,literal-positional,,1,PARTITION p_20200610
292,b-rare-literal,true,false,3,710792,literal-positional,3,1156584,33509,false,false,literal-positional,,1,s3sxcCLjJfsBi
181,b-rare-literal,true,false,1,697041,literal-positional,1,74930,326,false,false,literal-positional,,1,Coahuila_07
242,b-rare-literal,true,false,1,677125,literal-positional,1,241519,4753,false,false,literal-positional,,1,Variations_
303,b-rare-literal,true,false,7,647873,literal-positional,5,2311015,6377,false,false,literal-positional,,1,v307
342,c-phrase-literal,true,false,2,642208,literal-positional,2,100751,364,false,false,literal-positional,,1,PARTITION p_20200823
16,a-common-literal,true,false,3,642167,literal-positional,3,370086,3,false,false,literal-positional,,1,EACJ8lB
343,c-phrase-literal,true,false,2,587249,literal-positional,2,100751,364,false,false,literal-positional,,1,PARTITION p_20200927
388,c-phrase-literal,true,false,8,556750,literal-positional,8,182942,541,false,false,literal-positional,,1,flush logs
324,c-phrase-literal,true,false,71,548167,literal-positional,19,443924,10010,false,false,literal-positional,,1,EXECUTE sql_statement1
329,c-phrase-literal,true,false,16,543710,literal-positional,16,429614,9751,false,false,literal-positional,,1,FROM month_no
445,d-metachar-literal,true,false,85,539210,literal-positional,6,54678,1824,false,false,literal-positional,,1,$vmMinMem
163,b-rare-literal,true,false,1,519709,literal-positional,1,74930,326,false,false,literal-positional,,1,Ana_M3
703,g-regex,false,false,0,517541,regex-trigram,14,528175,47,false,false,positional,47,1,"YPS[(){};,]"
290,b-rare-literal,true,false,1,515126,literal-positional,3,127900,884,false,false,literal-positional,,1,p_20180811
479,d-metachar-literal,true,false,4,509331,literal-positional,1,57957,1106,false,false,literal-positional,,1,4.414.943
510,d-metachar-literal,true,false,69,505582,literal-positional,42,2713962,19455,false,false,literal-positional,,1,g.*
487,d-metachar-literal,true,false,80,504333,literal-positional,19,443924,10010,false,false,literal-positional,,1,"DATE),"
52,a-common-literal,true,false,6,501169,literal-positional,4,162843,8632,false,false,literal-positional,,1,TclPrdWebNb11
488,d-metachar-literal,true,false,80,499043,literal-positional,19,443924,10010,false,false,literal-positional,,1,DATE_ADD(CAST(
64,a-common-literal,true,false,16,469083,literal-positional,15,2185561,22,false,false,literal-positional,,1,aAAcD
51,a-common-literal,true,false,8,450750,literal-positional,8,121859,3990,false,false,literal-positional,,1,TclPrdDbNb7
195,b-rare-literal,true,false,1,445001,literal-positional,1,316181,1,false,false,literal-positional,,1,EACpB4M
536,d-metachar-literal,true,false,9,438707,literal-positional,9,23793,748,false,false,literal-positional,,1,"}}/files/s3cfg.txt"""
273,b-rare-literal,true,false,2,426751,literal-positional,2,461912,7842,false,false,literal-positional,,1,govalue_avg
677,g-regex,false,false,0,406834,regex-trigram,0,0,0,false,false,"lit-any(n=1,len=5-5)",0,1,IAEvC[ \t]
600,f-high-frequency,true,false,40,402292,literal-positional,2,468795,13966,false,false,literal-positional,,1,T_IS_IDENTICAL
514,d-metachar-literal,true,false,3,393374,literal-positional,3,16164,516,false,false,literal-positional,,1,ip_addr)
108,a-common-literal,true,false,4,382874,literal-positional,4,21420,618,false,false,literal-positional,,1,godaddy_picksheet2_
456,d-metachar-literal,true,false,21,381458,literal-positional,17,626964,14808,false,false,literal-positional,,1,'%Y')
201,b-rare-literal,true,false,2,377083,literal-positional,2,1048497,2,false,false,literal-positional,,1,EjE0vRzE
434,d-metachar-literal,true,false,6,369500,literal-positional,1,3340,118,false,false,literal-positional,,1,$OutputVmDisk
485,d-metachar-literal,true,false,2,364373,literal-positional,1,10185,306,false,false,literal-positional,,1,C:\\temp\\setip.ps1
474,d-metachar-literal,true,false,5,359916,literal-positional,2,3108,98,false,false,literal-positional,,1,/tmp/trigger_alert.sh
283,b-rare-literal,true,false,1,351084,literal-positional,1,395655,10987,false,false,literal-positional,,1,lkFFpdVDw
482,d-metachar-literal,true,false,35,343334,literal-positional,19,443924,10010,false,false,literal-positional,,1,@v_base_sql=CONCAT(
427,d-metachar-literal,true,false,1,334876,literal-positional,1,27055,540,false,false,literal-positional,,1,"""</host:addr>""))}"
219,b-rare-literal,true,false,5,319625,literal-positional,2,1001260,3883,false,false,literal-positional,,1,L383
688,g-regex,false,false,0,306667,regex-trigram,0,0,0,false,false,"lit-any(n=1,len=5-5)",0,1,QADgC[ \t]
457,d-metachar-literal,true,false,30,298168,literal-positional,19,298600,6022,false,false,literal-positional,,1,'127.0.0.1'
165,b-rare-literal,true,false,1,292833,literal-positional,1,5425,215,false,false,literal-positional,,1,ArabicUAE
208,b-rare-literal,true,false,1,286751,literal-positional,3,374913,3,false,false,literal-positional,,1,GACtB2M
448,d-metachar-literal,true,false,64,281000,literal-positional,23,109314,3054,false,false,literal-positional,,1,${KeyFile}
473,d-metachar-literal,true,false,18,266041,literal-positional,9,23793,748,false,false,literal-positional,,1,/root/.s3cfg
268,b-rare-literal,true,false,1,257084,literal-positional,1,316181,1,false,false,literal-positional,,1,eAAe3U
0,a-common-literal,true,false,5,250624,literal-positional,1,100397,2837,false,false,literal-positional,,1,AWS1
424,d-metachar-literal,true,false,3,225332,literal-positional,9,37243,1051,false,false,literal-positional,,1,"""${hostname}"
128,a-common-literal,true,false,4,223001,literal-positional,4,1692294,4,false,false,literal-positional,,1,oBAAuC
237,b-rare-literal,true,false,1,217499,literal-positional,1,2228214,876,false,false,literal-positional,,1,SD_PULL_REQUEST
423,d-metachar-literal,true,false,33,216624,literal-positional,9,62573,1881,false,false,literal-positional,,1,"""${SSH_Opts[@]}"""
305,b-rare-literal,true,false,14,211501,literal-positional,10,1067227,4497,false,false,literal-positional,,1,zM78
483,d-metachar-literal,true,false,1,210499,literal-positional,1,100397,2837,false,false,literal-positional,,1,AWS_54.236.126.168;
286,b-rare-literal,true,false,1,207958,literal-positional,1,242492,7216,false,false,literal-positional,,1,nJIWqRsvU3yP8Mcg
218,b-rare-literal,true,false,1,204666,literal-positional,1,74930,326,false,false,literal-positional,,1,Kong_08
449,d-metachar-literal,true,false,24,198041,literal-positional,1,12616,271,false,false,literal-positional,,1,${OutFile}.txt
494,d-metachar-literal,true,false,1,194459,literal-positional,1,6578,126,false,false,literal-positional,,1,"Uncompress(lz4),"
178,b-rare-literal,true,false,1,191752,literal-positional,1,219918,1,false,false,literal-positional,,1,CACE5V
296,b-rare-literal,true,false,1,185249,literal-positional,1,103868,762,false,false,literal-positional,,1,tclstgwebdc3
177,b-rare-literal,true,false,1,182209,literal-positional,1,316181,1,false,false,literal-positional,,1,CAC3C3oB
17,a-common-literal,true,false,2,181918,literal-positional,2,1048497,2,false,false,literal-positional,,1,EjEujRzE
335,c-phrase-literal,true,false,6,181541,literal-positional,5,210812,1820,false,false,literal-positional,,1,MSCK REPAIR
422,d-metachar-literal,true,false,18,180626,literal-positional,3,20916,671,false,false,literal-positional,,1,"""${DataDir}"
199,b-rare-literal,true,false,2,180583,literal-positional,2,1048497,2,false,false,literal-positional,,1,EiE5oSM
233,b-rare-literal,true,false,1,175791,literal-positional,1,219918,1,false,false,literal-positional,,1,QAENrd
57,a-common-literal,true,false,2,167751,literal-positional,2,264740,2,false,false,literal-positional,,1,UACpBmD
421,d-metachar-literal,true,false,1,167500,literal-positional,1,3632,94,false,false,literal-positional,,1,"""$TableInfo"""
231,b-rare-literal,true,false,1,160875,literal-positional,1,140064,1,false,false,literal-positional,,1,QACMiI
245,b-rare-literal,true,false,1,157541,literal-positional,1,74930,326,false,false,literal-positional,,1,Xocali_64
29,a-common-literal,true,false,2,154250,literal-positional,2,178860,2,false,false,literal-positional,,1,KACbkB
450,d-metachar-literal,true,false,2,152499,literal-positional,1,10832,306,false,false,literal-positional,,1,"${PartitionDays},60,"
157,b-rare-literal,true,false,5,151208,literal-positional,4,1914124,701,false,false,literal-positional,,1,A9B8
411,c-phrase-literal,true,false,18,147375,literal-positional,16,13186,502,false,false,literal-positional,,1,sudo mv
447,d-metachar-literal,true,false,47,145624,literal-positional,5,49354,1353,false,false,literal-positional,,1,${ExportFile}
156,b-rare-literal,true,false,2,145586,literal-positional,2,1048497,2,false,false,literal-positional,,1,A8BrsGA
119,a-common-literal,true,false,8,144792,literal-positional,3,39816,741,false,false,literal-positional,,1,la_pd
230,b-rare-literal,true,false,1,143583,literal-positional,1,192479,1,false,false,literal-positional,,1,QAC9BvW
455,d-metachar-literal,true,false,8,143335,literal-positional,2,237814,5910,false,false,literal-positional,,1,"'""[^""]*""'"
451,d-metachar-literal,true,false,21,141292,literal-positional,6,62436,1704,false,false,literal-positional,,1,${PartitionList})
160,b-rare-literal,true,false,2,138875,literal-positional,2,1048497,2,false,false,literal-positional,,1,Ad8lLrC
431,d-metachar-literal,true,false,14,138249,literal-positional,7,40931,988,false,false,literal-positional,,1,$(date):
24,a-common-literal,true,false,13,134917,literal-positional,1,853573,3392,false,false,literal-positional,,1,H96C42
301,b-rare-literal,true,false,1,131126,literal-positional,1,150535,970,false,false,literal-positional,,1,v0v1v0v0v30v0c0
995,i-unicode,true,false,4,127249,literal-positional,4,170702,3778,false,false,literal-positional,,1,“SYNC
232,b-rare-literal,true,false,1,125749,literal-positional,1,219918,1,false,false,literal-positional,,1,QACR1I
270,b-rare-literal,true,false,1,125000,literal-positional,1,219918,1,false,false,literal-positional,,1,gCA2KyC
30,a-common-literal,true,false,2,124332,literal-positional,2,136411,2,false,false,literal-positional,,1,KAE9B5C
39,a-common-literal,true,false,2,121083,literal-positional,2,264740,2,false,false,literal-positional,,1,MAIlEgX
169,b-rare-literal,true,false,2,119417,literal-positional,2,628130,2,false,false,literal-positional,,1,BAClBH
196,b-rare-literal,true,false,1,115583,literal-positional,1,137960,1,false,false,literal-positional,,1,EAGpCc
217,b-rare-literal,true,false,1,114292,literal-positional,1,219918,1,false,false,literal-positional,,1,KAG9BC
276,b-rare-literal,true,false,1,114290,literal-positional,1,75025,1824,false,false,literal-positional,,1,hfMainPaymentInfoId
202,b-rare-literal,true,false,2,112917,literal-positional,2,1048497,2,false,false,literal-positional,,1,EjE42OzE
212,b-rare-literal,true,false,1,110125,literal-positional,1,74930,326,false,false,literal-positional,,1,Haouz_47
997,i-unicode,true,false,7,109210,literal-positional,2,137061,3349,false,false,literal-positional,,1,☃
183,b-rare-literal,true,false,2,105249,literal-positional,2,1048497,2,false,false,literal-positional,,1,E4BnBf
280,b-rare-literal,true,false,1,104541,literal-positional,1,117008,149,false,false,literal-positional,,1,kGxCvP03g8M1Mw0rkmuPe
467,d-metachar-literal,true,false,1,103626,literal-positional,1,12616,271,false,false,literal-positional,,1,--host=${db_master}<<EOQ
65,a-common-literal,true,false,3,102126,literal-positional,3,370086,3,false,false,literal-positional,,1,aACnC5H
200,b-rare-literal,true,false,2,101583,literal-positional,2,1048497,2,false,false,literal-positional,,1,EiE7hPM
42,a-common-literal,true,false,3,100999,literal-positional,3,370086,3,false,false,literal-positional,,1,OAENxoB
198,b-rare-literal,true,false,2,100958,literal-positional,2,1048497,2,false,false,literal-positional,,1,EgCzjHG
173,b-rare-literal,true,false,2,100625,literal-positional,2,1048497,2,false,false,literal-positional,,1,BjC2G4D
267,b-rare-literal,true,false,1,100332,literal-positional,1,117008,149,false,false,literal-positional,,1,e4idxNP4K3RWAACA1YUtOg4e
247,b-rare-literal,true,false,0,99834,literal-positional,0,0,0,false,false,literal-positional,,1,ZZUNIQUEDUPTOKEN
106,a-common-literal,true,false,8,98000,literal-positional,1,11666,185,false,false,literal-positional,,1,fprem1
461,d-metachar-literal,true,false,5,95500,literal-positional,4,16142,349,false,false,literal-positional,,1,($IsVmRunningTmp
209,b-rare-literal,true,false,1,94666,literal-positional,1,110315,1,false,false,literal-positional,,1,GAGRl8B
38,a-common-literal,true,false,3,93417,literal-positional,3,421548,3,false,false,literal-positional,,1,MAEEuF
462,d-metachar-literal,true,false,1,92833,literal-positional,1,9443,168,false,false,literal-positional,,1,($app)
176,b-rare-literal,true,false,1,86959,literal-positional,1,14758,1,false,false,literal-positional,,1,CA8DGzC
302,b-rare-literal,true,false,1,86210,literal-positional,1,150535,970,false,false,literal-positional,,1,v0v97c0
285,b-rare-literal,true,false,0,85166,literal-positional,0,0,0,false,false,literal-positional,,1,moedexRareNeedle42
498,d-metachar-literal,true,false,4,84291,literal-positional,2,3982,127,false,false,literal-positional,,1,"]*$"""
433,d-metachar-literal,true,false,1,83668,literal-positional,1,11740,328,false,false,literal-positional,,1,$ArchiveData2Db
452,d-metachar-literal,true,false,3,83665,literal-positional,1,13082,351,false,false,literal-positional,,1,${PartitionList}|
440,d-metachar-literal,true,false,1,82667,literal-positional,1,3285,93,false,false,literal-positional,,1,$TmpDir/Apps.tar;
197,b-rare-literal,true,false,2,75542,literal-positional,2,265344,2,false,false,literal-positional,,1,EAH7B
999,i-unicode,true,false,2,74623,literal-positional,2,85402,1888,false,false,literal-positional,,1,
274,b-rare-literal,true,false,1,61501,literal-positional,1,1279,1,false,false,literal-positional,,1,h0a2
304,b-rare-literal,true,false,5,57875,literal-positional,5,15751,353,false,false,literal-positional,,1,v7a_916f
204,b-rare-literal,true,false,1,57709,literal-positional,1,117008,149,false,false,literal-positional,,1,FwDg5ohU6Utp6wtpawNj7wq
298,b-rare-literal,true,false,1,53168,literal-positional,1,219918,1,false,false,literal-positional,,1,uEAGPV
454,d-metachar-literal,true,false,2,51166,literal-positional,2,13311,442,false,false,literal-positional,,1,"${UseMem}"""
220,b-rare-literal,true,false,1,40919,literal-positional,1,15172,90,false,false,literal-positional,,1,LYjwsIyHBI
998,i-unicode,true,false,0,40418,literal-positional,0,0,0,false,false,literal-positional,,1,你好
